Title,Poster URL,Detected Language,Line 1,Line 2,Line 3,Error
Dracula Dead and Loving It,https://m.media-amazon.com/images/M/MV5BN2I2MjQzYTgtZWU5ZS00ZGZmLWFhNmQtNjVlODE0OTM4Y2JhXkEyXkFqcGc@.jpg,en,DRACULA,DEADand LOVING IT,Ittee Brooks,
Balto,https://m.media-amazon.com/images/M/MV5BNzY2OGY3MTYtMTlhNC00MDUyLWE2OGEtNzMzZjQxYjFiYjRiXkEyXkFqcGc@.jpg,it,His story,His adventure is one,BASED,
Nixon,https://m.media-amazon.com/images/M/MV5BNDk3YWU1NmEtMDBhMC00ZGYwLWFiNzQtMzkwMzg4YjA4MDY4XkEyXkFqcGc@.jpg,ca,NIXON,Triumphont,,
Cutthroat Island,https://m.media-amazon.com/images/M/MV5BZTQ3OWY2NTctOTAyNS00MThjLTgyZjEtNzgzZGNiZDNhODUyXkEyXkFqcGc@.jpg,en,Seena Davis,MMatfhew Modine,,
Casino,https://m.media-amazon.com/images/M/MV5BMDRlZWZjZjYtYzY2NS00ZWVjLTkwYzAtZTA2ZDAzMGRiYmYwXkEyXkFqcGc@.jpg,pt,CASINO,PESCI,Robert,
Sense and Sensibility,https://m.media-amazon.com/images/M/MV5BY2MyZWJhNjktMWQ2My00OTgwLWI1NjEtYjUzM2M2N2M4Mzc4XkEyXkFqcGc@.jpg,en,Lose your heart,THOMPSON,RICKMAN,
Four Rooms,https://m.media-amazon.com/images/M/MV5BMmNlMjE5YTEtZTU1My00MDc1LTgwNzctNTZlYmJmNTM3ZjYzXkEyXkFqcGc@.jpg,nl,film by,"bellhop,",COMPLIMENTS OF THE HOUSE.,
Ace Ventura When Nature Calls,https://m.media-amazon.com/images/M/MV5BMjk3ZDUwYTMtYmQyYy00NTg1LWExOTItNTcxODM3NDZiNjMyXkEyXkFqcGc@.jpg,en,MNTURN,YZALLS,MATUREL,
Money Train,https://m.media-amazon.com/images/M/MV5BZGIzODJmMGYtMzY2My00ZGJkLTg1YzMtNmY2ZTVlYmI5YzYyXkEyXkFqcGc@.jpg,en,GET ON,THE FAST,TRACK,
Get Shorty,https://m.media-amazon.com/images/M/MV5BMjAwODYzNDY4Ml5BMl5BanBnXkFtZTcwODkwNTgzNA@@.jpg,en,BEHE,REHE,Attitude plays a part,
Copycat,https://m.media-amazon.com/images/M/MV5BY2ZiODRlYWMtOGViYS00ZTNiLTlkMGQtZTAxY2IyMDAzYzU2XkEyXkFqcGc@.jpg,en,Cop,CAL,"DERMOT MULRONEY AND HARRY CONNICK, JR.",
Powder,https://m.media-amazon.com/images/M/MV5BYzBmZjgyNWQtOWYzNS00NTg2LWJjZDktYzE4YTMzMjNiZWVkXkEyXkFqcGc@.jpg,pl,POWDER,human being.,An extraordinary,
Leaving Las Vegas,https://m.media-amazon.com/images/M/MV5BNDg3MDM5NTI0MF5BMl5BanBnXkFtZTcwNDY0NDk0NA@@.jpg,et,Nicolas Cage,Elisabeth Shue,LEAVING,
Now and Then,https://m.media-amazon.com/images/M/MV5BZjg1Zjg4NjItNDk1My00ZTEwLWJkZjMtOGZiNmE2OTQ1NTI4XkEyXkFqcGc@.jpg,en,NOW and,moving pictures,MELANIE,
Persuasion.jpg,https://m.media-amazon.com/images/M/MV5BMjNiOTQ0ZTktZTcxYy00MGYwLWJjN2UtNWRlOGE4ZWUzNjQyXkEyXkFqcGc@.jpg,id,PERSUASION,NETFLIX,DAKOTA,
The City of Lost Children,https://m.media-amazon.com/images/M/MV5BMTc5YWUxOGUtYWQ2OC00ZTMyLWI5MTktNjNkZjNmZTA1OWYyXkEyXkFqcGc@.jpg,en,DELICATESSEN',"VISUALS OF 1995, 1996 AND MAYBE",FROM THE,
Dangerous Minds,https://m.media-amazon.com/images/M/MV5BODc5ZDI2ZDYtYjZiMy00MzZjLWEwNWUtNTljNDEwYWQ3YjQ5XkEyXkFqcGc@.jpg,af,l,,,
Twelve Monkeys,https://m.media-amazon.com/images/M/MV5BMDQwNDY0M2MtOGFmNy00ZjI5LTkzN2ItMzg5M2IwZTZjY2MyXkEyXkFqcGc@.jpg,nl,12 MONKEYS,PITT,R,
Wings of Courage,https://m.media-amazon.com/images/M/MV5BNWUxZTNhYjAtYjU3MS00Yzg4LWFlMzYtMTM1ZjQxMGJlMTUxXkEyXkFqcGc@.jpg,en,WINGJ,OFCOURAGE,,
Babe,https://m.media-amazon.com/images/M/MV5BODYxZWZiMTgtMjJhOC00OTE1LTk0MmQtMGFiOGY3ZTAwZGRjXkEyXkFqcGc@.jpg,so,BABE,A LITTLE PIG,X,
Carrington,https://m.media-amazon.com/images/M/MV5BYWQyMDA5MTctODk1ZS00MjkxLTk1NjktYzllODVkNDYxMGE4XkEyXkFqcGc@.jpg,en,JONNTHAN,PpYCE,PolGram,
Dead Man Walking,https://m.media-amazon.com/images/M/MV5BMTM3NzA1MjM2N15BMl5BanBnXkFtZTcwMzY3MTMzNA@@.jpg,so,WALKING,SARANDON  PENN,AFLM BY YIM ROBBIMS,
Across the Sea of Time,https://m.media-amazon.com/images/M/MV5BOTIwMzk1MDc1MF5BMl5BanBnXkFtZTcwMTEzNDkyMQ@@.jpg,en,Original Motion Picture Soundtrack,,,
It Takes Two,https://m.media-amazon.com/images/M/MV5BMTQ3YTE5NmItNTRjNC00NjdlLTgwNmYtNDRkNmJiZjZiNGE3XkEyXkFqcGc@.jpg,en,TWO,IT TAKES,STEVE GUTTENBERG,
Richard III,https://m.media-amazon.com/images/M/MV5BMWZjODNlYzAtNWIxZC00ZWRkLWFlMjctZGVlMDYxZTU1MGM1XkEyXkFqcGc@.jpg,de,POWER CONQUERS ALL,NIGEL HAWTHORNE   KRISTIN SCOTT THOMAS,MAGGIE SMITH,
Restoration,https://m.media-amazon.com/images/M/MV5BOWZjM2NjM2EtMDkyNi00ODFiLWIwMTktM2JmMzUxODQ3YmRlXkEyXkFqcGc@.jpg,en,THO,RESTORATION,Coming,
Mortal Kombat,https://m.media-amazon.com/images/M/MV5BZGFkMzM0YmMtNTZkZi00YjBiLWE0YzgtMTc5NTIwZmQzZDc2XkEyXkFqcGc@.jpg,id,UNCAGED,FURY,REBEL WITHOUT A CAGE,
To Die For,https://m.media-amazon.com/images/M/MV5BZWJlODViYTUtMzY3MS00ZDRlLTkzODQtMDdiOTBiN2E0MDA5XkEyXkFqcGc@.jpg,de,DIE,FOR,TO,
Se7en,https://m.media-amazon.com/images/M/MV5BY2IzNzMxZjctZjUxZi00YzAxLTk3ZjMtODFjODdhMDU5NDM1XkEyXkFqcGc@.jpg,es,PITT,FREEMAN,MORGAN,
Pocahontas,https://m.media-amazon.com/images/M/MV5BY2ZlNTUxM2MtYmJhYS00Y2E5LTlmYTItZDhlNWJmMmRiYTYzXkEyXkFqcGc@.jpg,pt,Pocahontas,"(@alr""",Legend,
When Night Is Falling,https://m.media-amazon.com/images/M/MV5BZjMxMDYyNjItYjAwYi00NmExLWFiOTEtZWYzOGUzNmY3NmI2XkEyXkFqcGc@.jpg,en,FALLING,NIGHT,IS,
Mighty Aphrodite,https://m.media-amazon.com/images/M/MV5BNGY4MWQ2Y2QtMzliZC00NTc3LWJmMGYtMzUxYWI0YTFhYTY4XkEyXkFqcGc@.jpg,en,CLAIRE BLOOM,FMURRAY ABRAHAM,WOODY ALLEN,
Georgia,https://m.media-amazon.com/images/M/MV5BM2U2NjA5NmUtNTUzYi00NDdjLWEwZjgtZGFmYjAzNzk3ZjFkXkEyXkFqcGc@.jpg,ro,GINNY &,GEORGIA,NETFLIX,
Kids of the Round Table,https://m.media-amazon.com/images/M/MV5BMTEwMTM0MzI3OTheQTJeQWpwZ15BbWU3MDQzNTQ2MTE@.jpg,en,KDDS,ROUND TABLE,,
Home for the Holidays,https://m.media-amazon.com/images/M/MV5BMDI1ZmZhMDQtMDZkMC00M2VlLWJjZDMtYmEyMWRiMDIwZGJiXkEyXkFqcGc@.jpg,en,Thusday,American families will,HOME,
Il Postino The Postman,https://m.media-amazon.com/images/M/MV5BYWExNzcwNDQtYWJmZC00YjUyLTliZWUtNmI0YjRkNjc1ZDYyXkEyXkFqcGc@.jpg,it,Postino (A Look Inside),Directed by,Stefano Veneruso,
Le confessionnal,https://m.media-amazon.com/images/M/MV5BOGY1Nzk5NGEtMTM0Mi00MjVkLThhNzItNGJhODEyMTQwZDk3XkEyXkFqcGc@.jpg,fr,"""A stunning; eye-popping visual and sonic treat""",The,A WoRk OF CONSUMMATE ARTISTRY;,
The Indian in the Cupboard,https://m.media-amazon.com/images/M/MV5BNmIzNTIzYTEtYWM5Zi00NmRiLTk4NzYtYTRiZmI0OWZkYjBhXkEyXkFqcGc@.jpg,en,CUPBOARD,L I F €,T 0,
Eye for an Eye,https://m.media-amazon.com/images/M/MV5BYzg3MDc5ZWEtMTc3Ny00YWEzLTlmMTgtMjk3NGJjMmNjOTYyXkEyXkFqcGc@.jpg,en,EyeroranEye,What d you do when justice fails?,Sally Field,
Mr. Holland s Opus,https://m.media-amazon.com/images/M/MV5BZGJkOTFkYjEtNzg5Zi00NWIyLTkyN2QtMDExNjk1NTg1NTQ1XkEyXkFqcGc@.jpg,en,Opus,Hollands_,Mr:,
Don t Be a Menace to South Central While Drinking Your Juice in the Hood,https://m.media-amazon.com/images/M/MV5BZGM0NTAyMWEtNDBjNi00MjkwLWFhM2UtNDExNmVmMzEzNzExXkEyXkFqcGc@.jpg,en,Finally the movie tat proveS,and Higher Learning,Jungle Fever isn't always prelty,
Bio-Dome,https://m.media-amazon.com/images/M/MV5BNGMxNGI5YWEtNzI5Yi00ZmY0LTk2NWQtMjk3MTRlNGZmMmQ1XkEyXkFqcGc@.jpg,it,BIODONE,Your dom €,,
Lawnmower Man 2 Beyond Cyberspace,https://m.media-amazon.com/images/M/MV5BMjkxZDdlMTQtZGZlZC00ZWNiLWFiYmYtY2JlODgwMTE1YTY3XkEyXkFqcGc@.jpg,en,LAWNMOWER MAN2,BEYOND CYBERSPACE,"GOD MADE HIM SIMPLE, SCIENCE MADE HIM ^ GOD",
Two Bits,https://m.media-amazon.com/images/M/MV5BOTcwNGU3ZmEtNmIwYi00MmVmLWI2ZGYtMjA3YTUxZTAzZmE5XkEyXkFqcGc@.jpg,en,JERRY BARONE,AL PACINO,Ortoo young,
Friday,https://m.media-amazon.com/images/M/MV5BMWI3MmM2MTItN2MxZS00Y2NhLWE5ZWEtMzU3YWNiNmU3NmFmXkEyXkFqcGc@.jpg,tr,friday,thursday and saturday-,,
From Dusk Till Dawn,https://m.media-amazon.com/images/M/MV5BZGNjMWMwNWEtYTQ2YS00N2E5LTg5ZWYtMDgzM2UxMTE1ZTE4XkEyXkFqcGc@.jpg,sv,FROM,CLOONZY,ROBBRT,
Les mis rables,https://m.media-amazon.com/images/M/MV5BY2Q1YjIxZTAtZTU0YS00ZmE5LWEwODEtY2IyYWM2ZTJlOWE1XkEyXkFqcGc@.jpg,fr,LesMiserables,1,HOPE,
Bed of Roses,https://m.media-amazon.com/images/M/MV5BZTE2NjhiZDYtNDRjNS00NDY4LWI3ZmMtMWQyY2FlMmIxYzRlXkEyXkFqcGc@.jpg,en,Stuart,@h ri s t i a n,Slate r,
Big Bully,https://m.media-amazon.com/images/M/MV5BYTFmNTI5MGItMGMxZi00NjM2LWE0ZTUtMzQyMmVlOWMwZTJkXkEyXkFqcGc@.jpg,cy,BIG,MBigkis,A comedy for the,
Screamers,https://m.media-amazon.com/images/M/MV5BMmVkMjcwMjktOGY2MC00ZGFkLWI1NWQtYTJjNTk2N2U0NWZmXkEyXkFqcGc@.jpg,en,S,PETER WELLER,Ia $ t,
Nico Icon,https://m.media-amazon.com/images/M/MV5BNTY2MDM2NzcyM15BMl5BanBnXkFtZTcwMjk3MzcyMQ@@.jpg,it,NICO,ICON,Kultikone Nico: Andy Warhols Mondgottin,
The Crossing Guard,https://m.media-amazon.com/images/M/MV5BNGNjMTcxNzgtM2JiYS00MDc0LWEwYmItOTY1M2JkMzc5MDE4XkEyXkFqcGc@.jpg,en,GUARD,CROSSING,THE,
The Juror,https://m.media-amazon.com/images/M/MV5BNDVjZDlkZWMtZjg3Mi00OTc3LWI2YmYtMjYyZmVjZDRjN2E0XkEyXkFqcGc@.jpg,en,JUROR,THE,DEMI,
The White Balloon,https://m.media-amazon.com/images/M/MV5BM2E0OGRkOGQtMzhiOC00NDUxLThjMzYtNTM4ZTNhYWU1NmQ1XkEyXkFqcGc@.jpg,en,White,Balloon,The,
Things to Do in Denver When You re Dead,https://m.media-amazon.com/images/M/MV5BMDEzMzQ0YTctYTg0Ny00Y2MxLWE1ZjAtNzQwMjVmNWQxZTIwXkEyXkFqcGc@.jpg,en,Things to do in Denver,when you,re dead,
Antonia s Line,https://m.media-amazon.com/images/M/MV5BYzAxYmM1YzQtNDhmOS00N2UxLTljNTctOGE0ZDI3NWIxMTYwXkEyXkFqcGc@.jpg,en,ANTONIA,,,
Once Upon a Time... When We Were Colored,https://m.media-amazon.com/images/M/MV5BYzlkNWFlYTQtMjFiMi00ZmViLTk2MjEtNTUwZjE3MzY1M2ZkXkEyXkFqcGc@.jpg,en,WHEN WE,WERE COLORED,UP!,
Last Summer in the Hamptons,https://m.media-amazon.com/images/M/MV5BMTY2OTM4MDI2OV5BMl5BanBnXkFtZTcwNTQxMTYxMQ@@.jpg,en,"~TWO THUMBS UP""","BRILLIANT; ENCHANTING,  & EXQUISITE""",HENRY JAGLOM,
Angels and Insects,https://m.media-amazon.com/images/M/MV5BZjZkYTk4ZjEtMWRmNi00MzM5LThlNTItZThhNzFlMzc1NDIwXkEyXkFqcGc@.jpg,en,INSECTS,ANGELS,An elgant saduction.,
White Squall,https://m.media-amazon.com/images/M/MV5BMGMwMzFjMjUtZTE4Yi00ZGQwLWFmMDItYzljOTc3YjUzZGI3XkEyXkFqcGc@.jpg,en,SQUALL,WHITE,JUDHANNA MAKOVSKY,
Dunston Checks In,https://m.media-amazon.com/images/M/MV5BYTkxZDlkNGUtNzFhMC00MWNkLTg4ZmMtMDFhZjNkOWQ1ZDdhXkEyXkFqcGc@.jpg,de,tllee,122,[G,
Nick of Time,https://m.media-amazon.com/images/M/MV5BM2JhN2NmYmQtNmE3OS00ZTE0LWI1YWUtMDY1YmRkY2QyNGExXkEyXkFqcGc@.jpg,en,OFZEIME,Six bullets.,J 0 H N NY,
The Journey of August King,https://m.media-amazon.com/images/M/MV5BYTVlZDBiMzQtZGU1Yy00YmFlLWFiNmUtZTZkZTRlNjM1NmUwXkEyXkFqcGc@.jpg,en,AUGUST KING,Jason PATRIC,J 0 U R N E Y,
Vampire in Brooklyn,https://m.media-amazon.com/images/M/MV5BZTk1ZGQ4ZTUtMmQxZS00ODcxLTk3YjUtZDA0MWVhZWMyNGJmXkEyXkFqcGc@.jpg,af,COMIC TALE,OF HORROR,4,
Beautiful Girls,https://m.media-amazon.com/images/M/MV5BZDJkZjZlY2UtZWY2ZC00NGIzLWI2N2MtMDNlNGVkMzM5NjVlXkEyXkFqcGc@.jpg,ro,beautifulgirls,originall,Smart; sexy and a whole,
Broken Arrow,https://m.media-amazon.com/images/M/MV5BOWJmZjcxNGQtODdlMi00ZjY3LWFiNWItOGI3MGMwN2RlYTM5XkEyXkFqcGc@.jpg,nl,BROKEN ARROW,JAMES STEWART,Jechnicolor,
Shopping,https://m.media-amazon.com/images/M/MV5BODNiNzg0MDQtNWI2Ni00MDE0LWFjZDgtMmI2N2UxMWUxYWYyXkEyXkFqcGc@.jpg,tl,SHDPPING,leaves,paying.,
Heidi Fleiss Hollywood Madam,https://m.media-amazon.com/images/M/MV5BMTc4NDc5NzQzNF5BMl5BanBnXkFtZTcwMDUyODkxMQ@@.jpg,cy,MADAM,HOLLYOOD,"""Two THUMBS",
Nobody Loves Me,https://m.media-amazon.com/images/M/MV5BMTM1NzQ2NjQ3Ml5BMl5BanBnXkFtZTcwNzg5NjYxMQ@@.jpg,sk,lies,keiner,mich,
Muppet Treasure Island,https://m.media-amazon.com/images/M/MV5BZmE3MmM4NTYtM2JhYS00ZjIwLWExOTItOTI3YjI4ZDQ2NjBhXkEyXkFqcGc@.jpg,en,Wippet,,,
Catwalk,https://m.media-amazon.com/images/M/MV5BMGMzMGFmZWEtNmE4Zi00NWRmLTg3ZDQtODc2Y2ZmMjUxN2VmXkEyXkFqcGc@.jpg,so,,,,
Headless Body in Topless Bar,https://m.media-amazon.com/images/M/MV5BMTYyMTAzNDY0NF5BMl5BanBnXkFtZTcwODc4ODcxMQ@@.jpg,en,BAR,ensemble,Tough urban,
Braveheart,https://m.media-amazon.com/images/M/MV5BNGMxZDBhNGQtYTZlNi00N2UzLWI4NDEtNmUzNWM2NTdmZDA0XkEyXkFqcGc@.jpg,en,B RAVEHEART,G I B 5 0 N,M E L,
Rumble in the Bronx,https://m.media-amazon.com/images/M/MV5BNWUxMDcyZTMtYzJjMi00Y2Q1LWE3NWMtNTRiNGQxZTljYjE2XkEyXkFqcGc@.jpg,en,BRONX,MBLE,QACKIE,
Before and After,https://m.media-amazon.com/images/M/MV5BMTQxMGYzZWMtODdhNy00MDYxLTg2Y2MtZjBlNzMyYWY1ZTA4XkEyXkFqcGc@.jpg,en,BEFORE,NEESON,MEPIL,
Margaret s Museum,https://m.media-amazon.com/images/M/MV5BZTM4OTc5YWMtMzJkNy00NGRlLWJlOGUtOTdiMWVhYWQ2OWZiXkEyXkFqcGc@.jpg,fr,MUSEUM,MARGARET'S,memorfe:,
Happiness Is in the Field,https://m.media-amazon.com/images/M/MV5BNzZiNzMxMTUtMTQyMS00MGIzLWI4YWMtNTllOTdhOGU0NmU3XkEyXkFqcGc@.jpg,en,est,pexnle,Suline,
Steal Big Steal Little,https://m.media-amazon.com/images/M/MV5BNjVhMzhiMzMtYzg5Zi00ZTVkLTkyZGEtOGM3ZTE1Y2ZkODQ3XkEyXkFqcGc@.jpg,en,WTEAL BIG,Sexy,Andy Garcia Is As Funy As He Is,
Race the Sun,https://m.media-amazon.com/images/M/MV5BMGI0ZTg4ZTgtMjUxOS00ODAzLWI1YTMtYTQ5NjEzZDc2YjBmXkEyXkFqcGc@.jpg,en,t h e,r a C e,s u n,
The Boys of St. Vincent,https://m.media-amazon.com/images/M/MV5BNzFmNjUyMDktM2U1Yy00NTliLWJlNTgtNjFkMDU4ZTEwNmZmXkEyXkFqcGc@.jpg,en,ST VINCENT,TELE-ACTION INcO PRODUCTION WITH THE NATIONAL FILM BOARD OF CANADA,LISE Roy,
Boomerang,https://m.media-amazon.com/images/M/MV5BMjI1OWE5NjAtNmZjMy00NDA0LWI4OGItMTgxNDM3YmVhMDliXkEyXkFqcGc@.jpg,id,M U R P h Y,Ilho's,To Iłe,
Chungking Express,https://m.media-amazon.com/images/M/MV5BNDQ4ZmYxODctZDVlZC00OTcxLWJjOGItZjRlMzk4MDA1Yjg1XkEyXkFqcGc@.jpg,tl,express,If my memory %f her has an expiration date;,"let it be 10,000 years_",
Flirting with Disaster,https://m.media-amazon.com/images/M/MV5BZjI5M2YzMDEtY2EwNS00MTQzLThkODEtNjkzMzRlOWZhNmYzXkEyXkFqcGc@.jpg,en,[irting,disaster,hoppen;,
Jupiter s Wife,https://m.media-amazon.com/images/M/MV5BMTI3ODIyODY4N15BMl5BanBnXkFtZTcwNjE3MjUyMQ@@.jpg,en,a haunting real-life mystery,FILMI FESTIVAL,n,
Pie in the Sky,https://m.media-amazon.com/images/M/MV5BMjI0NTJiYTEtYjZiMS00ZmMwLWEzN2MtNTc1ODdjMmQ4OTU1XkEyXkFqcGc@.jpg,en,PIE IN THE Sky,SKY,,
Angela,https://m.media-amazon.com/images/M/MV5BNmQxOWExMzItMzg3MC00MWQ1LTk3MmQtZmQyMmE1NTI5ZTM0XkEyXkFqcGc@.jpg,tl,ANGELA,PERSONAL,VELOCITY,
Frankie Starlight,https://m.media-amazon.com/images/M/MV5BMzczZGYyYjEtYTg1Yy00YzQ0LTk3MDctMjBiZjRiZGQ1YWI1XkEyXkFqcGc@.jpg,af,STARLIGHT,FRANKIE,Gabriel Byrne,
Sonic Outlaws,https://m.media-amazon.com/images/M/MV5BMTk5OTU5MTgxM15BMl5BanBnXkFtZTcwNTMwMDgyMQ@@.jpg,en,(SJanic,Qutlaw),by Craig Baldvin,
Down Periscope,https://m.media-amazon.com/images/M/MV5BZGEyMTczZjktMTVkNC00Zjg3LTljOWQtNjQ1NjY0YWZjYjM0XkEyXkFqcGc@.jpg,en,KELS EY,G RAMMER,A RUSTY SUB;,
From the Journals of Jean Seberg,https://m.media-amazon.com/images/M/MV5BMTk5ODgzNDE1NV5BMl5BanBnXkFtZTcwMTY4MDMyMQ@@.jpg,en,Sebena,Jean,From the Journals of,
Man of the Year,https://m.media-amazon.com/images/M/MV5BMTM0NzQxMjk0OV5BMl5BanBnXkFtZTcwMDUyNDgzMQ@@.jpg,en,"Man""",Year,PRESIDE IT?,
The Birdcage,https://m.media-amazon.com/images/M/MV5BMTM2NjExODYyOF5BMl5BanBnXkFtZTcwNTc0NjgyNA@@.jpg,en,brdcag,Come as you are,GENE HACKMAM,
The Basketball Diaries,https://m.media-amazon.com/images/M/MV5BOGQ0YmUzZDctOThjOC00MWYzLWE2ZGEtZjQyNmEyZGI4YjVjXkEyXkFqcGc@.jpg,en,DIARIES,BASKETBALL,LEONARDO,
An Awfully Big Adventure,https://m.media-amazon.com/images/M/MV5BOGVhMWE5NzAtYTVmZC00OGFmLWEyOTUtNWE5MjUzNDVjZmE3XkEyXkFqcGc@.jpg,en,"""Bainbridge",Georgina Cates,"Dick Pspe,BSC",
Apollo 13,https://m.media-amazon.com/images/M/MV5BMGZmNGY1OTAtNjFkYS00MjcyLWFlZjUtYzEyMDllZGZhMzM3XkEyXkFqcGc@.jpg,it,APOLLO,13,"problem:""",
Rob Roy,https://m.media-amazon.com/images/M/MV5BYzU2NzcxMjgtNDdjYi00MDRiLTg4ZWEtNDAzODNlYzEyN2NhXkEyXkFqcGc@.jpg,en,LANGE,NEESON,Jessica,
The Addiction,https://m.media-amazon.com/images/M/MV5BMGM4NzExZGItZGE3ZS00ZWI0LWE0M2EtZjI1Njc0ZGYzYzgyXkEyXkFqcGc@.jpg,en,ABELEER RA RA,OCTCBER,LILI,
Belle de Jour,https://m.media-amazon.com/images/M/MV5BMDhiYmZmNjEtZjE1NC00YmIxLTgyMDEtODVkYTkyNzZkNzk0XkEyXkFqcGc@.jpg,fr,Bellede JouR,Luis Bunuel,CATHERINE,
Beyond Rangoon,https://m.media-amazon.com/images/M/MV5BNWM2MDhlMjUtMTJkNi00MzVjLWJkZWItMmNhMGY2ZmIyMDQ3XkEyXkFqcGc@.jpg,tl,RANGOON,BEYOND,has a,
Canadian Bacon,https://m.media-amazon.com/images/M/MV5BMTUwNDU0NzcwMl5BMl5BanBnXkFtZTcwNzk1NjAzNA@@.jpg,es,AMERICA,HELP,BACON],
Casper,https://m.media-amazon.com/images/M/MV5BZjYzZWZlYzYtZWZkYy00YjRkLWIxN2EtNjY1MGZmYmQxYTIxXkEyXkFqcGc@.jpg,ca,ABOI,OM,NG,
Clockers,https://m.media-amazon.com/images/M/MV5BZTI5OWEwOGQtMzE1Ny00NWM0LTlmOGItYTRhNzlkY2E3Nzk2XkEyXkFqcGc@.jpg,sv,CLOCKeRs,Vi,,
Congo,https://m.media-amazon.com/images/M/MV5BOTc0MmM1MmMtYTI0Yi00YzJlLTg4MjctNjBlOGQ4NGJjZTNmXkEyXkFqcGc@.jpg,tl,WHERE YOU ARE THE ENDANGERED SPECIES.,EVERYTHHERE JUNE 9,Unknoun,
Crimson Tide,https://m.media-amazon.com/images/M/MV5BNTNhZDk2NmQtNDc3ZC00Nzk3LWFmNTctYTc0OWMyNGM0ZWYyXkEyXkFqcGc@.jpg,en,GRIMBON TIDE,DENZEL WASHINGTON,GENE HACKMAN,
Desperado,https://m.media-amazon.com/images/M/MV5BN2IzOThmNTMtODE4My00NTI1LThkOWMtNTA4MTc4NWI1NTNlXkEyXkFqcGc@.jpg,es,Anyone.,EVERYONE,COLUMBIA,
Die Hard with a Vengeance,https://m.media-amazon.com/images/M/MV5BYjkzNzdkMTctNzMwMS00M2Q0LWIyOTMtNmM2NDY5NWZjNTJlXkEyXkFqcGc@.jpg,en,BRUCEE,LIS,DIE HARD,
The Doom Generation,https://m.media-amazon.com/images/M/MV5BYjQ2MmE3NzctZjYzZS00ZGVjLWEyODUtYjM3MTAwYTQ2YmU4XkEyXkFqcGc@.jpg,en,generation,,,
Feast of July,https://m.media-amazon.com/images/M/MV5BODQ5NTcyODQ4Ml5BMl5BanBnXkFtZTcwNjgxNzUyMQ@@.jpg,en,ULY,IEAST,of,
First Knight,https://m.media-amazon.com/images/M/MV5BYTNmNzJiOWItZTM4Mi00NmFjLWJkNzctZGE0YTA2ZjgwZmM0XkEyXkFqcGc@.jpg,en,KNIGHT,FIRST,G ERE,
Free Willy 2 The Adventure Home,https://m.media-amazon.com/images/M/MV5BMmVjZjMxMmUtYWQ4Mi00YzAzLThkMmQtZjNmMGQyNDVkNzk2XkEyXkFqcGc@.jpg,en,FREE WlLly ?,Willy'$ back.,And this time he'$ brought his whole family,
Hackers,https://m.media-amazon.com/images/M/MV5BOGZkZTc2ZjItNzIzMS00ODRlLTliNjgtZjRmNzM2NjkzZTU1XkEyXkFqcGc@.jpg,sv,KERS,THIS FALL,ON LINE,
Jeffrey,https://m.media-amazon.com/images/M/MV5BODZjNzc1Y2MtZWE1NC00ZjU3LWJkZGMtMTExNGY3NzczMzYxXkEyXkFqcGc@.jpg,cy,STEVENWeber PATRICX Stewart,SIGOURNEY Weaver,and the olher is positive.,
Johnny Mnemonic,https://m.media-amazon.com/images/M/MV5BZGFjNWVhMzktZjJkZi00NWI3LWJiY2MtMTM1MGMxYzI0NmFjXkEyXkFqcGc@.jpg,pl,JOHNNY MNEMONIC,Aohnny,directly into his brain.,
Judge Dredd,https://m.media-amazon.com/images/M/MV5BZWM0MjExNzMtNGJkMy00MDNhLTlkOTctNDFiYzVjNTVmNGFjXkEyXkFqcGc@.jpg,da,JUDGE DREDD,L L 0,8 T A,
Jury Duty,https://m.media-amazon.com/images/M/MV5BMzNjY2QyMDItMDFiZC00NmZjLTlhMmQtNzdlYzU2MWMzYTU2XkEyXkFqcGc@.jpg,en,JURY,DUTY,,
Kids,https://m.media-amazon.com/images/M/MV5BZDVlZjdkM2YtNTU3ZS00NjVmLWEwMWMtOWQ3MTM1Mzk4MWM2XkEyXkFqcGc@.jpg,da,kids,,,
Living in Oblivion,https://m.media-amazon.com/images/M/MV5BMzUyMmFhMTAtM2MzNS00ODZkLWIwM2UtYTA2OTAzYzA5OWMxXkEyXkFqcGc@.jpg,en,OBLIION,1995 SUNDANCE FILM FESTIVAL,SCREENWRITERS AWARD,
Lord of Illusions,https://m.media-amazon.com/images/M/MV5BNDg1OTc0MDQwNl5BMl5BanBnXkFtZTcwMjQ3NDk0NA@@.jpg,en,LORDOF,CLIVE BARKERS,,
Love Human Remains,https://m.media-amazon.com/images/M/MV5BZDZmMjgwYmQtODczNi00OTM3LWJiZjUtNGM0ZjhkYjE3MGNiXkEyXkFqcGc@.jpg,en,REMAIS,AND,R,
Mad Love,https://m.media-amazon.com/images/M/MV5BZjVlZGY3ZTItYjZkMS00N2U4LTk1ZWMtNTFjYTdiYmFmZWRmXkEyXkFqcGc@.jpg,sl,[D,LOV,Barrymore,
Mallrats,https://m.media-amazon.com/images/M/MV5BZDM2MWVkMWItNjhjMy00MDUzLWEyOTAtN2I0MzNlZjc4Mjk0XkEyXkFqcGc@.jpg,ca,Noplss,BaShing,Anatomyl,
Mighty Morphin Power Rangers The Movie,https://m.media-amazon.com/images/M/MV5BOTBkODkyNTYtOTkxNC00NDA5LThmODAtMTAzNzg0ODE3ZDEwXkEyXkFqcGc@.jpg,en,Dower,MORPHING,THE,
Moonlight and Valentino,https://m.media-amazon.com/images/M/MV5BYjk2YmEwYmItNGQ0NC00OWEzLTk4ZmItNjAxNjY2MWI3MjZiXkEyXkFqcGc@.jpg,en,MONIGHT,VALENTINO,GOLDBERG,
Mute Witness,https://m.media-amazon.com/images/M/MV5BYTUzNTMwNmEtODkyNC00ZDcxLWE5ZTYtMDczYjg4NzhiZmM1XkEyXkFqcGc@.jpg,de,"""Puts Audiences Through the Suspense Wringer""""",She Won t Be Silenced,J,
Nadja,https://m.media-amazon.com/images/M/MV5BOWI2OWNjYzMtZTgxMC00ZWZhLTlhODAtMzE0ODY5Njc0MTAwXkEyXkFqcGc@.jpg,hr,OCTOBER,'FILMS,PRGDUCTion,
The Net,https://m.media-amazon.com/images/M/MV5BMDNhMjgxODUtMWRjOS00N2JlLWEyYWEtOWJhNWQ1MTdmYTllXkEyXkFqcGc@.jpg,en,NET,UD,T H E,
Reckless,https://m.media-amazon.com/images/M/MV5BY2NkNGFjN2QtYTNkYS00YjUxLTg3YTctOTljZjNmOWNiNzUzXkEyXkFqcGc@.jpg,de,RECKLESS,KINOPOISKRU,,
The Scarlet Letter,https://m.media-amazon.com/images/M/MV5BM2EzYjU0YzAtMTk4NS00MDA2LTk3NTAtNmVkZTY2ZmM2ODVlXkEyXkFqcGc@.jpg,en,THE ScARLET LETTER,DEMI MOORE,GARY OLDMAN,
The Show,https://m.media-amazon.com/images/M/MV5BNzA3ZjZlNzYtMTdjMy00NjMzLTk5ZGYtMTkyYzNiOGM1YmM3XkEyXkFqcGc@.jpg,en,J 1 M,C A R R E Y,the,
Showgirls,https://m.media-amazon.com/images/M/MV5BNzcyMjExNjg3OF5BMl5BanBnXkFtZTgwOTY4Mjc1MDE@.jpg,en,ShOW,INC-17,LEAVE,
Smoke,https://m.media-amazon.com/images/M/MV5BYWIwNmJkOWMtYzVlNC00M2QxLTgwN2UtY2QzZWE1YzkxYWM5XkEyXkFqcGc@.jpg,sl,,,,
Something to Talk About,https://m.media-amazon.com/images/M/MV5BMjhlMjc5NzItMTJhNS00NTk5LTgxZDMtNWM1NzcwMDhmMDRmXkEyXkFqcGc@.jpg,en,Glk,aboti,Julia,
Species,https://m.media-amazon.com/images/M/MV5BMjEzOTkxNTcyM15BMl5BanBnXkFtZTcwOTk0MjI3NA@@.jpg,pl,1s,Up,R,
The Stars Fell on Henrietta,https://m.media-amazon.com/images/M/MV5BZGI3MjA1NzItMWI5OC00ODFkLWIxMzEtNjc4YTk2MTgzMmE2XkEyXkFqcGc@.jpg,en,Stars,Henrielta,"It was 1935,and all they had was & dream:",
The Umbrellas of Cherbourg,https://m.media-amazon.com/images/M/MV5BOWJhNzBmNzgtYjYxYi00N2YzLWFmYjctODI2ZmM1YjY5NzI1XkEyXkFqcGc@.jpg,en,cherbourg,de,"m""Sique",
The Tie That Binds,https://m.media-amazon.com/images/M/MV5BNWM3NzhkZDMtMGJmMC00NzY4LTkxYmItOTFiNGU2MDdlY2IyXkEyXkFqcGc@.jpg,en,WITH THEIR HELP,JANIE'S BEEN ADOPTED,IF HER REAL PARENTS,
Three Wishes,https://m.media-amazon.com/images/M/MV5BY2JjOTA4ODYtNGJmOC00ODg0LWFkNWMtMWRkY2MxNGQzZWU5XkEyXkFqcGc@.jpg,en,THREE,TSHES,MARY ELIZABETH MASTRANTONIO,
Total Eclipse,https://m.media-amazon.com/images/M/MV5BODIxZmZmOTAtODUwYi00YjJlLTllOTMtMGM1NzQ4ZTdjZGE2XkEyXkFqcGc@.jpg,ca,TCTAL,ECLIPSE,,
To Wong Foo Thanks for Everything Julie Newmar,https://m.media-amazon.com/images/M/MV5BZWZjMmVhNzAtYTBmMi00YTUyLTkzMmItZGVhY2RiMmNhN2ZkXkEyXkFqcGc@.jpg,en,Td,SNIPES,SWAYZE,
Unstrung Heroes,https://m.media-amazon.com/images/M/MV5BMTdmNTIxZTUtMTMxYS00MDg0LWI5MTEtYTY5MDJkMjUyOWQ1XkEyXkFqcGc@.jpg,de,Unstrung,Heroes,ANDIE MAcDOWELL   JOHN TURTURRO,
Unzipped,https://m.media-amazon.com/images/M/MV5BMGFmM2Q1YjktMWEyMy00MWRkLTlhNTktNjQwM2NkZTAzNzQwXkEyXkFqcGc@.jpg,it,UNZIPPED,UNDRESSFD UNHINGED,UNHOOKED,
A Walk in the Clouds,https://m.media-amazon.com/images/M/MV5BYWQxZmUzZjItMTRlNi00MzE3LTg1ZjEtOWZhMzkxMTgyMDAyXkEyXkFqcGc@.jpg,en,tbeCLOUDS,WALKin,story,
Waterworld,https://m.media-amazon.com/images/M/MV5BMjI5ZmQ3NTAtNWVhMi00ZmI2LTg3YTMtN2Q1MmNjYzMwZGI1XkEyXkFqcGc@.jpg,af,WATERWORLD,K EVIN,C 0 $ T N E R,
White Man s Burden,https://m.media-amazon.com/images/M/MV5BN2FmZjFjNDAtODI2Zi00YmQxLTkxZDMtZjcxYzQ1NmQyZmFiXkEyXkFqcGc@.jpg,de,WHITE MANIS BURDEN,Harry Belafonte,John Travolta,
Wild Bill,https://m.media-amazon.com/images/M/MV5BMjI0MjI4NDkyOF5BMl5BanBnXkFtZTcwNzQ0NTg3NA@@.jpg,de,WILD BLLL,JEFF BRIDGES,L E G E N D,
The Browning Version,https://m.media-amazon.com/images/M/MV5BMzcwZjMyZmYtYzkyMy00ZmJhLTgzOWYtYmQyNGJmNWI4Nzc5XkEyXkFqcGc@.jpg,en,VERSION,nothing,THE,
Bushwhacked,https://m.media-amazon.com/images/M/MV5BNGZmOTc4MGUtMWI2ZS00ZGVkLWIwNmUtYmZmYTQ1NGY1Y2E0XkEyXkFqcGc@.jpg,en,STERN,To A,BEEN,
Burnt by the Sun,https://m.media-amazon.com/images/M/MV5BY2E5MzcyY2QtNzM1Mi00ZTk4LTg4YzMtMTQ0YThjNDJlYTIxXkEyXkFqcGc@.jpg,en,COAHHEM,YTOMAEHHBIE,N,
Before the Rain,https://m.media-amazon.com/images/M/MV5BNmYwMmU4ZGQtMjA0YS00NjQ2LThlMzMtNzQ5NTEwNjA5MmJlXkEyXkFqcGc@.jpg,en,BeFoRE,2,WINNER,
Before Sunrise,https://m.media-amazon.com/images/M/MV5BZDZhZmI1ZTUtYWI3NC00NTMwLTk3NWMtNDc0OGNjM2I0ZjlmXkEyXkFqcGc@.jpg,no,delpy,BEFORE,SUNRISE,
Billy Madison,https://m.media-amazon.com/images/M/MV5BY2Y2ODczY2YtZTQ4NS00NWQxLTlhZWMtZWY4M2IyMmJhZGI1XkEyXkFqcGc@.jpg,en,Billy Madison,Adam Sandler,#,
The Babysitter,https://m.media-amazon.com/images/M/MV5BMTY0MDUwNzg5OV5BMl5BanBnXkFtZTgwNTY4NjU3MzI@.jpg,en,1,NETFLY,OCT 13,
Boys on the Side,https://m.media-amazon.com/images/M/MV5BMDNiZDAxNjgtMzY1Ni00ZWEyLTk2ZDYtOTI4MGUxZmFiMGE4XkEyXkFqcGc@.jpg,en,BOYS ON THE SIDE,WHOOPI GOLDBERG,MARY-LOUISE PARKER,
The Cure,https://m.media-amazon.com/images/M/MV5BOTkzNjI3MWUtM2RhYi00YzliLWI2YmUtMWM3MjVhZjgwOGE2XkEyXkFqcGc@.jpg,en,The Cwne,Joseph Mazzello,Brad Renfro,
Castle Freak,https://m.media-amazon.com/images/M/MV5BOWYxODk5NTktOGZhYy00NTUzLWIzZTMtMzZiZmQyZWVkNzkxXkEyXkFqcGc@.jpg,en,CASTLEFAUAK,Hungry:,Hideous:,
Circle of Friends,https://m.media-amazon.com/images/M/MV5BYjRhYzkyNjctYjFhYi00ZTg4LTg1MWUtMTZkMDM2N2JmM2Q2XkEyXkFqcGc@.jpg,en,fFriends,Circle@,Chris 0'Donnell,
Clerks,https://m.media-amazon.com/images/M/MV5BYzcwZTU5NzMtMGIxYi00NjRhLThkYTItNjhlYWQ0MjdhYWFmXkEyXkFqcGc@.jpg,sv,#hey,Just becavse,doesnt-,
Don Juan DeMarco,https://m.media-amazon.com/images/M/MV5BMTFjOWJhYjUtNjllYi00MDdkLWJjYTMtNTNlNjJlMDVmZGJlXkEyXkFqcGc@.jpg,en,JOHNNY DEPP,MARLON BRANDO,FAYE DUNAWAY,
Dolores Claiborne,https://m.media-amazon.com/images/M/MV5BYzYxMGVlMTktNWMyNS00YmQwLThmMzAtYmI0NGJkMGI4YzlkXkEyXkFqcGc@.jpg,en,Dolores Claiborne,unhappy woman $,JENNIFER JASON LEIGH,
Dumb Dumber,https://m.media-amazon.com/images/M/MV5BNGQxZDA1MmMtYWQ1Ni00NTJmLTljMjgtZWVmODllODVhMzgyXkEyXkFqcGc@.jpg,af,EYERYDAY IS A,NO BRANER,,
Exotica,https://m.media-amazon.com/images/M/MV5BNmIwZWQxMWUtMDllZi00ZmY5LTkwY2ItNjRkNThhNWZiZjgzXkEyXkFqcGc@.jpg,ca,0,E X,C,
French Kiss,https://m.media-amazon.com/images/M/MV5BMTkzMjg5MDQ3M15BMl5BanBnXkFtZTgwOTM5NTE0MDE@.jpg,de,Fench,KLI N E,KE V I N,
Forget Paris,https://m.media-amazon.com/images/M/MV5BZGJhNjAwODgtYzk3OS00MmYyLWJmMWUtMGE1MTE5YjA5YjAzXkEyXkFqcGc@.jpg,no,PARIS,FORGET,inger,
A Goofy Movie,https://m.media-amazon.com/images/M/MV5BY2Q0OTFmMWMtMjEyNC00YWE3LTg1MGEtM2JmZGFlM2E1YWMzXkEyXkFqcGc@.jpg,en,GooFY,MOVII,7,
Hideaway,https://m.media-amazon.com/images/M/MV5BOGY1ZmYzZmUtOGIwYi00NTU4LWFjNTAtMTFkMWRjMjRlYTA3XkEyXkFqcGc@.jpg,so,HIDEAWAV,"After Two Hours,",The Doctors Brought Him Back,
Fluke,https://m.media-amazon.com/images/M/MV5BZDI2YTA0YTctYzZiNS00NTU5LWFlMzctZmM0ZTQ2MzU4MTAyXkEyXkFqcGc@.jpg,fi,FLvke,,,
Gordy,https://m.media-amazon.com/images/M/MV5BOTRlZTk4NzYtNmRlNi00ZTFjLWExOGEtYTlkMDc4ZDdhNGE3XkEyXkFqcGc@.jpg,cy,The Little Pig Who Hit It Big!,Now;,"ROLL OVER BEETHOVEN, SEE",
Gumby The Movie,https://m.media-amazon.com/images/M/MV5BZmEwYjFkNTgtZTI5Ni00YTZkLTlkYzItM2IyNTc5MTIzOWZlXkEyXkFqcGc@.jpg,en,ADVENIURE,GIGENERAL Audiences],,
The Glass Shield,https://m.media-amazon.com/images/M/MV5BYTBmZGE0ZDYtM2NjMS00MTZkLTg4MDAtMzZjMTkxMGY0M2YzXkEyXkFqcGc@.jpg,en,H |D E,n 0,0 N E,
Hoop Dreams,https://m.media-amazon.com/images/M/MV5BOGQ0NDdmZjUtYWY5OC00MDQzLThjNTgtZjc5ZTVmNGNhMmI2XkEyXkFqcGc@.jpg,nl,H,OP,DREAMS,
Heavenly Creatures,https://m.media-amazon.com/images/M/MV5BMjY2OTgyMjMtZGEwYy00NGNjLTg3NmQtNzBmMDRkZmRiYzlhXkEyXkFqcGc@.jpg,en,Heavenly,drc,T,
Houseguest,https://m.media-amazon.com/images/M/MV5BMDgyNDBlODAtOTE3My00YTM4LTg0OGEtNmQzZDg2MjZkMGQxXkEyXkFqcGc@.jpg,pt,SINBAD,PHIL,HARTMAN,
Immortal Beloved,https://m.media-amazon.com/images/M/MV5BYTcyZjIyMjEtZTk0OC00ZTM1LTg3YjctY2I3ZThiMWE5YzczXkEyXkFqcGc@.jpg,sl,IMMORTAL,Ludwig,The untold love story of,
Heavy Weights,https://m.media-amazon.com/images/M/MV5BYjVmZDg0OTAtN2QwZC00NmI0LTllY2QtOWFlOThlODdkZGIwXkEyXkFqcGc@.jpg,en,H 5,dog,they,
The Hunted,https://m.media-amazon.com/images/M/MV5BOGYyZGExZTMtNjBmNC00Y2E2LThlYmUtZTkyNDVjZjFmODljXkEyXkFqcGc@.jpg,en,HUNULD,TOMMY LEE JONES,BENICIO DEL TORO,
I.Q.,https://m.media-amazon.com/images/M/MV5BMDkyZmFiNmQtNWY1YS00N2MxLWJkMDItNWI5ODIxNWY1M2FiXkEyXkFqcGc@.jpg,it,IQ,Ryan,Think love.,
Interview with the Vampire The Vampire Chronicles,https://m.media-amazon.com/images/M/MV5BYzJlN2NiZDQtZmI4NC00ZWFiLWFmMTUtMWM4ODVlOGFlODY1XkEyXkFqcGc@.jpg,en,VAMPIRE,INTERVIEW,TOM CRUISE,
Jefferson in Paris,https://m.media-amazon.com/images/M/MV5BOTk5YjcwZmUtMzVkYi00YjI0LTliZTktZjQyMWNlZDgyZmM0XkEyXkFqcGc@.jpg,en,Jeffersen,"Passionate!""",GRETA SCACCHI,
The Jerky Boys,https://m.media-amazon.com/images/M/MV5BZTYwNWJjMDEtMjQ0Zi00NDk5LTgwMzItNjljOWU1N2UzYTEzXkEyXkFqcGc@.jpg,en,8,THE,R,
Junior,https://m.media-amazon.com/images/M/MV5BYmY3YWMyMWYtN2UyYS00YjgwLWEyOTktMmNjY2JiN2MyNWY5XkEyXkFqcGc@.jpg,en,JUNIOR,Nothing is,inconceivable.,
Just Cause,https://m.media-amazon.com/images/M/MV5BYzJkYjFhZmMtMDZiZi00YjE0LTlhZTAtZGUyNGFkOWVhODk3XkEyXkFqcGc@.jpg,de,JUST CAUSE,LAURENCE FISHBURNE,SEAN CONNERY,
Kiss of Death,https://m.media-amazon.com/images/M/MV5BNTc4NWJiNDYtYTZjZC00MDZjLTg0YTktY2VmNTc3ZTQyNWQ1XkEyXkFqcGc@.jpg,en,WIDMARK,DONLEVY,MATURE,
Love Affair,https://m.media-amazon.com/images/M/MV5BNmU3OGYxZjMtMWIwMy00ZjdmLTg5MWItNjA5NmRlMTdmMTQ4XkEyXkFqcGc@.jpg,en,bening,warren beatty,katharine hepburn,
Losing Isaiah,https://m.media-amazon.com/images/M/MV5BMmMxZjhlODYtN2JhNy00YmI5LTg4ODAtZjBlOGQ0MmU1ODFjXkEyXkFqcGc@.jpg,tl,Losing,Isaiah,WHO DECIDFS WHAT,
The Madness of King George,https://m.media-amazon.com/images/M/MV5BOWYyMDcyZDUtMzQ0ZC00ZDllLWI1MTMtZjM0M2I5N2JhNDgzXkEyXkFqcGc@.jpg,en,KING GEORGE,MADNESS OF,TH,
Mary Shelley s Frankenstein,https://m.media-amazon.com/images/M/MV5BMGQ2MWNjYWMtYmUxMy00MmMzLThhOTktMTc4MjRiOTM0N2VmXkEyXkFqcGc@.jpg,en,FRAN KENS TEIN,MA R Y,S HE LL EY'S,
Milk Money,https://m.media-amazon.com/images/M/MV5BZmY0MjcyZTEtZjMwYi00OTU2LWFiMTgtYjUxMTNmNTBlNjllXkEyXkFqcGc@.jpg,tr,MIIK,MELANIE GRIFFITH,ED HARRIS,
Miracle on 34th Street,https://m.media-amazon.com/images/M/MV5BMzA2YjU3NjUtZDNiOS00ZjY2LThjOTYtYjQ1MGM4MTk4YzZjXkEyXkFqcGc@.jpg,en,MIRACLE,Discover,the,
My Family,https://m.media-amazon.com/images/M/MV5BYjliMDY3N2YtOTI2NS00MjQ0LWFjOGItMjQ1MzYyZGVlMDJiXkEyXkFqcGc@.jpg,en,FAMILY,FIGHTING,WITHMY,
Nobody s Fool,https://m.media-amazon.com/images/M/MV5BNmNmYWYwZTctM2QzYS00Y2JlLTkyODgtYmVlNmRhNGE3YWJkXkEyXkFqcGc@.jpg,en,obodye -Fool,Perfection.,Worn,
Nell,https://m.media-amazon.com/images/M/MV5BNTkxY2NkMmItOTNmNy00NGU0LTlhM2UtOGQwNDhmNTBmNzQ3XkEyXkFqcGc@.jpg,it,Nell,JODIE FOSTER,LIAM NEESON,
New Jersey Drive,https://m.media-amazon.com/images/M/MV5BZDE4MmMxODItMGM3MS00MWJlLWFiMTAtM2Y4NDY4ZmM5OWRlXkEyXkFqcGc@.jpg,en,@RIVE,JERSFY,NEW,
Beyond Bedlam,https://m.media-amazon.com/images/M/MV5BZTcwZTM4NTQtNWE2Ni00OTVkLWIwNjctZWUzNGE3N2EyODUwXkEyXkFqcGc@.jpg,tr,BEYOND,4,Big,
Nina Takes a Lover,https://m.media-amazon.com/images/M/MV5BODk1MWYwYWEtODQ3OS00OTI5LWJkYTktZTk5MTAyYWY3ZDA1XkEyXkFqcGc@.jpg,et,lovev,LAUPA SAN GlACoMo,PAUL PHYS,
Natural Born Killers,https://m.media-amazon.com/images/M/MV5BNTlmYjkxNzYtYWMwMC00NTNhLWExZjEtNmUwMzlmYWJhOGFjXkEyXkFqcGc@.jpg,en,NOW PLAYING,IWNEY JR,BOBER,
Only You,https://m.media-amazon.com/images/M/MV5BNzg3NjFkNjgtNDZkNy00MDBiLTg3ZTYtZmI2NGY3NzEyY2IzXkEyXkFqcGc@.jpg,en,ONLY YOU,"ROBERT DOWNEY, JR",MARISA TOMEI,
Once Were Warriors,https://m.media-amazon.com/images/M/MV5BOTdjYzZiZjMtMzk1MC00MDczLWIxNWEtMjk1ZDMxMzNlZDE2XkEyXkFqcGc@.jpg,en,36,THEIR PEOPLE ONCE WERE WARRIORS,BUT ONCE,
Outbreak,https://m.media-amazon.com/images/M/MV5BNGYxY2Q0YzUtMmE3OS00ZmQ5LWFiOGUtZDZmNTJlM2YyZjJmXkEyXkFqcGc@.jpg,no,Try,to remain calm.,deadly,
Tui shou,https://m.media-amazon.com/images/M/MV5BNTIxZWVkOWEtNWIxMi00YmY2LWJiNTYtYjdlMTRjZDdmMTVmXkEyXkFqcGc@.jpg,en,Pushing Hands,Rht,,
Priest,https://m.media-amazon.com/images/M/MV5BMTQ1MTAwODc3OV5BMl5BanBnXkFtZTcwNzI0MDQ3NA@@.jpg,de,3D,3,Y 1,
Quiz Show,https://m.media-amazon.com/images/M/MV5BYzYyMjAzN2YtYTJiNC00MDhhLWE0MmUtZTE0ZmUxODU3MzkyXkEyXkFqcGc@.jpg,en,QUIZ SHOW,"Fifty million people watched,",thing:,
Picture Bride,https://m.media-amazon.com/images/M/MV5BMDZjNjU4YmItY2M5MC00ZDAzLTgyMmEtNGY3NWQ5OTlhODRjXkEyXkFqcGc@.jpg,ro,B RID E,"Hwaii,","Japan for a man she had never met,",
Queen Margot,https://m.media-amazon.com/images/M/MV5BYjhmYzJlZTgtY2NmOC00MjYyLWJlODItNDBjMmM4ODA5N2YyXkEyXkFqcGc@.jpg,nl,Margot,Reine,La,
The Quick and the Dead,https://m.media-amazon.com/images/M/MV5BZGRlZTJmNTEtMzE3Yi00YTAwLWIyMjgtODU4NTExNjFmOTQwXkEyXkFqcGc@.jpg,en,AND,TThnk,EM?,
Ready to Wear,https://m.media-amazon.com/images/M/MV5BYmZkOWZlYTctY2FlYi00YWU2LWJkYjAtOWNhYzM0ZjVmMTA1XkEyXkFqcGc@.jpg,en,WAR,REAY,things,
Three Colors Red,https://m.media-amazon.com/images/M/MV5BMTQ0YTQyYzItNGEzMi00NmI4LWJkOTMtOWMyMjAwMWEzYTZhXkEyXkFqcGc@.jpg,en,RED,' MASTERPIECE!,Chicago,
Three Colors White,https://m.media-amazon.com/images/M/MV5BMWUyMWJiYTEtNmIzYi00OTYxLTlkYjEtMGFjMjY3NDc5Mjk0XkEyXkFqcGc@.jpg,en,WHITE,IHR,R,
Pao Da Shuang Deng,https://m.media-amazon.com/images/M/MV5BMTY5NTU3NDgxNV5BMl5BanBnXkFtZTcwMTI4NzEzMQ@@.jpg,tl,Erquisite,,,
Rent-a-Kid,https://m.media-amazon.com/images/M/MV5BMjYwMzA3Njg2MF5BMl5BanBnXkFtZTcwOTI1NDMzMQ@@.jpg,en,KNETTERGEKKE,FAMILIEFILMI,MET LESLIE NIELSEN,
Relative Fear,https://m.media-amazon.com/images/M/MV5BZTc3NWIxMDItMDIzYi00OTYzLTg0NjEtMmVlMjIxMzU3MTU1XkEyXkFqcGc@.jpg,en,FEAR,RELATIE,An Explosive Suspense Thriller,
Stuart Saves His Family,https://m.media-amazon.com/images/M/MV5BMzY0MDRkYTgtYjgyOC00MDk0LTgyMjAtNDA0NGFiYTgyYjE4XkEyXkFqcGc@.jpg,en,IS,your famly.,Youll &y,
The Swan Princess,https://m.media-amazon.com/images/M/MV5BMjU3NGY2MTktZjkzOC00YTQyLTkxOTUtYmZiZjZkNzJjNzg0XkEyXkFqcGc@.jpg,en,princess,Nan,NEW LINE CINEMA,
The Secret of Roan Inish,https://m.media-amazon.com/images/M/MV5BOGI2MjQwZTAtZDc4MS00MmQ5LWEyY2YtZmFiYTZiNWNiNmI5XkEyXkFqcGc@.jpg,en,SECRETor,THE,FIIM BYJOHN SAYIES,
Stargate,https://m.media-amazon.com/images/M/MV5BNGRmZmNhMTctZTBiMy00ZmJhLWE3MmMtMDNmZWRkZjczMGVkXkEyXkFqcGc@.jpg,id,T A R G,A T E,JAMES,
The Santa Clause,https://m.media-amazon.com/images/M/MV5BNTYwZWUxNmUtNzdmMS00MDBiLWFhN2EtNjBmYjM1ZWFiNDUzXkEyXkFqcGc@.jpg,en,SANTA CLAUSE,M,THE,
Shallow Grave,https://m.media-amazon.com/images/M/MV5BZjgyZDcwOGYtZDVmMi00NWY0LWI0NDUtMGFiMzA1YjRlMjZlXkEyXkFqcGc@.jpg,en,SHALLOW GRAVE,What's a little murder among friends?,0,
Suture,https://m.media-amazon.com/images/M/MV5BMWJmNGU1YTQtNWQ5MC00MmM3LTlmNmEtNDM5MmE5MTUxMTYzXkEyXkFqcGc@.jpg,ro,SUTURE,,,
Strawberry and Chocolate,https://m.media-amazon.com/images/M/MV5BNTNmMmRmZDMtYmViZC00YjBhLTgwZWMtODY3M2U2ZDE5NDYzXkEyXkFqcGc@.jpg,en,TOMAS CUTIERREZ ALEA,JUAN CARLOS TABio,Berdin,
Swimming with Sharks,https://m.media-amazon.com/images/M/MV5BZmZmMTM5Y2UtNzVkNy00MDA0LTllNDktN2ZlMGM5NzkzY2M5XkEyXkFqcGc@.jpg,en,SWIMMIN G,WITH,SHARKS,
The Sum of Us,https://m.media-amazon.com/images/M/MV5BNTMzYWJjYjUtY2I0MS00YzJjLWIxYjEtYTRjNWM2MTQxOWQwXkEyXkFqcGc@.jpg,en,SUMoUS,JACK THOMPSON,RUSSELL CROWE,
Senior Trip,https://m.media-amazon.com/images/M/MV5BOGJiNGU2ZmItYmJiZi00MGI2LWFiMjAtNDhiNDQ3ODY5ZDg0XkEyXkFqcGc@.jpg,en,FOUR SCOPE,BEERS AGO.,AND SEVEN,
Tales from the Crypt Demon Knight,https://m.media-amazon.com/images/M/MV5BNjY0ZGJkYjYtOTI4Ni00MzJiLTg2OWItMmJmNWMxODIzOTM5XkEyXkFqcGc@.jpg,en,VEV,READY FOR YOUR DEADTIME STORY?,THE,
Tales from the Hood,https://m.media-amazon.com/images/M/MV5BNjE3YmQ4ZjMtYTQwNC00NzcxLThkOGUtZTNhMzJhZDg2MGEyXkEyXkFqcGc@.jpg,en,Hood,ales,from,
Tom Viv,https://m.media-amazon.com/images/M/MV5BYjQyZjNmNmEtYzcwYS00MDYzLTg4ZDYtY2VjMTg1MDFmNzU1XkEyXkFqcGc@.jpg,no,Oafoe,And his greatest sccret .,She was his inspiration,
Tommy Boy,https://m.media-amazon.com/images/M/MV5BMWMwOWU4NmYtZmU2Ny00MjM0LWI4NmQtN2YwNzdhYTI1MmFlXkEyXkFqcGc@.jpg,en,DAVID SPADE,I,II,
Vanya on 42nd Street,https://m.media-amazon.com/images/M/MV5BOWZiODg0NmMtYWJlYi00MTZkLWFmMmEtYjMxYmU0MWRkOTIyXkEyXkFqcGc@.jpg,en,ON 42nd STREET,"FROM THE CREATORS OF ""MY DINNER WITH ANDRE'",WALLACE SHAWN,
The Underneath,https://m.media-amazon.com/images/M/MV5BOWZmMzA1YzctM2VkZS00OTcwLTk5NWYtYjFjMjVkOGJkM2Q1XkEyXkFqcGc@.jpg,en,M,LnO PLAcE LIKE,H 0 ME,
What s Eating Gilbert Grape,https://m.media-amazon.com/images/M/MV5BNWM5NWI1OTQtMTJiOS00ZDMxLWE1ODQtZjQ4MDc4OGE4ZjQyXkEyXkFqcGc@.jpg,en,GILBERT GRAPE,LIFE IS A TERRIBLE,THING,
While You Were Sleeping,https://m.media-amazon.com/images/M/MV5BZTJmOWIzY2YtYmE2ZC00NDRiLWIzYmMtNTkyNmNlMTA0N2NkXkEyXkFqcGc@.jpg,en,Sleeping,While You Were,A story about love at second sight,
The War,https://m.media-amazon.com/images/M/MV5BNDUyODAzNDI1Nl5BMl5BanBnXkFtZTcwMDA2NDAzMw@@.jpg,en,OF THE,M,8,
The Baby-Sitters Club,https://m.media-amazon.com/images/M/MV5BNTBmZjg4MDUtNTNhMi00MjFjLWI5MWItNDNiNjY0N2M4ZjcyXkEyXkFqcGc@.jpg,en,CIuB,BAlBlY,S,
Bullets Over Broadway,https://m.media-amazon.com/images/M/MV5BNjIxNzYzOTMtNThmMy00ZjU0LTlhN2UtYzU4MmUxNjRhYjI1XkEyXkFqcGc@.jpg,en,ets,B,SIDE SPLITTING,
The Client,https://m.media-amazon.com/images/M/MV5BNWQzNGEyODctZGY4My00ZjA3LWI0OWUtMWQ3NzVkMzQyN2ZjXkEyXkFqcGc@.jpg,en,CLIENT,A DISTRICT ATTORNEY,THE,
Crooklyn,https://m.media-amazon.com/images/M/MV5BZWE2NDNhNjQtOGExMC00MWQ1LTg2N2UtNGZjYzVjNWZiYjkzXkEyXkFqcGc@.jpg,cy,LEE,SPIKE,,
The Crow,https://m.media-amazon.com/images/M/MV5BMjEyOWJjMWQtZTY4Yi00ZjYyLWJhNDktZmRkNzEwMjlhZjQ3XkEyXkFqcGc@.jpg,en,The,AND IMAX,"LIONSGATE""",
Cobb,https://m.media-amazon.com/images/M/MV5BYWJjNjExY2QtMGM5MC00NTYyLTk1NDgtOGI4ZTg1NTQ3ZTJhXkEyXkFqcGc@.jpg,en,COBB,The children of America need heroes:,T 0 M M Y L E E,
The Flintstones,https://m.media-amazon.com/images/M/MV5BZmQwYjljNjUtYjA0NC00MTEyLWE0YmItNGViNGU5ZDEzMWRiXkEyXkFqcGc@.jpg,en,M,YABBA-,AMBLIN,
Four Weddings and a Funeral,https://m.media-amazon.com/images/M/MV5BMTMyNzg2NzgxNV5BMl5BanBnXkFtZTcwMTcxNzczNA@@.jpg,en,Funeral,MACDOWELL,GRANT,
I Love Trouble,https://m.media-amazon.com/images/M/MV5BOTFlZWEzM2QtN2NhYy00NjY4LWFkZWEtYWM1MWI2ZGM3NDhkXkEyXkFqcGc@.jpg,en,NOLTE,ACE,,
It Could Happen to You,https://m.media-amazon.com/images/M/MV5BZDAxZTM1MGMtZmE1ZC00ZjliLTgwNzYtMThmY2E5NmUxZTA2XkEyXkFqcGc@.jpg,en,You,ITCOULD,HAPPEN,
The Jungle Book,https://m.media-amazon.com/images/M/MV5BMTc3NTUzNTI4MV5BMl5BanBnXkFtZTgwNjU0NjU5NzE@.jpg,en,JOHANSSON,APRIL 15,MURRAY,
The Lion King,https://m.media-amazon.com/images/M/MV5BYjBkOWUwODYtYWI3YS00N2I0LWEyYTktOTJjM2YzOTc3ZDNlXkEyXkFqcGc@.jpg,en,MUFASA,{Snep,THE,
Little Buddha,https://m.media-amazon.com/images/M/MV5BMTBmMzk1ZDQtNzRlZS00ZWYyLTlmNjYtNDMxMDIzMWJjNjg1XkEyXkFqcGc@.jpg,de,LITTLE,UDDHA,|,
New Nightmare,https://m.media-amazon.com/images/M/MV5BMDgxY2MzYjctYWJlOS00OWU4LWEzYTAtOGFmYTIzNmFjNGJiXkEyXkFqcGc@.jpg,en,NEW NIGHTMARE,WES CRAVEN'S,Stop,
The Mask,https://m.media-amazon.com/images/M/MV5BNGNmNjI0ZmMtMzI5MC00ZjUyLWFlZDEtYjUyMGZlN2E3N2E2XkEyXkFqcGc@.jpg,en,C A R R E,HER 0,Cak,
Maverick,https://m.media-amazon.com/images/M/MV5BMDBkZDNjMWEtOTdmMi00NmExLTg5MmMtNTFlYTJlNWY5YTdmXkEyXkFqcGc@.jpg,sk,MAVEGICK,CRVISE,DNLY IN THEATRES,
Naked Gun 33 1 3 The Final Insult,https://m.media-amazon.com/images/M/MV5BM2ViYTFhMTktMjU0OC00ZWY3LWEzZDItMTExNDc2NDNjN2I3XkEyXkFqcGc@.jpg,en,it,ic,8,
The Paper,,en,,,,No poster for 'The Paper'
Reality Bites,https://m.media-amazon.com/images/M/MV5BNmMwNWY5NTctYzUxNi00MTZkLWJhYWEtYjVkNDQ3ZTFiYjRlXkEyXkFqcGc@.jpg,en,REALITY,BITES,Love,
Ri hie Ri h,https://m.media-amazon.com/images/M/MV5BZWEyNTYzNmMtMTFkNC00Zjk4LWI4MzUtMjAzMjZjOTJmMjVmXkEyXkFqcGc@.jpg,de,Macaulay Culkin,big;,dog,
Safe Passage,https://m.media-amazon.com/images/M/MV5BZTAxODFiYmEtNDE2Zi00NGQwLWJjODUtM2JjNDk3MjEwY2Y0XkEyXkFqcGc@.jpg,de,PASSAGE,SAFE,Susan Sarandon,
The River Wild,https://m.media-amazon.com/images/M/MV5BMDYzNzEyYWYtZWNkYy00ZjVjLWI2ZjMtMjFjNGU3ZTZiNWQ0XkEyXkFqcGc@.jpg,en,BACON,STRATHAIRN,STREEP,
Speed,https://m.media-amazon.com/images/M/MV5BMDc2ODI5YWQtMmM2ZS00MTdmLWEyNWEtNmRmOGE5NGZlYWMzXkEyXkFqcGc@.jpg,nl,DENNIS HOPPER,R,,
Speechless,https://m.media-amazon.com/images/M/MV5BMjUzMzUwMjE4NV5BMl5BanBnXkFtZTgwODEyNDI0NjM@.jpg,de,tgif,"abc""",NEW NIGHT FRIDAY OCT 5 8.30/7.3Oc,
Timecop,https://m.media-amazon.com/images/M/MV5BMDdkOWRjYzktYTA3Ny00YWFkLWFkYTItNTE5ZDk2MDQxMjI3XkEyXkFqcGc@.jpg,it,VAJ ]  DAMME,THEY KILLED,THERES STILL,
True Lies,https://m.media-amazon.com/images/M/MV5BYjU1ZjNhMjMtOTMxZS00MDc1LTlkNzQtZTdjNGQyYjQ4YTA4XkEyXkFqcGc@.jpg,fr,TpuceLies,@,When he said,
When a Man Loves a Woman,https://m.media-amazon.com/images/M/MV5BZGQ0MzgyZjEtMmI1NC00ODk3LTk5YTktNGMxNzkxN2FhNWNmXkEyXkFqcGc@.jpg,en,Woman,Man,GARCIA,
Wolf,https://m.media-amazon.com/images/M/MV5BYmFkYTNhMWUtMjEyNy00MWE0LWJlYTQtMWFmNDUwNmFjMzAxXkEyXkFqcGc@.jpg,en,WOLFMAN,JANUARY 17,PROTECT YOUR OWN,
Boys Life Three Stories of Love Lust and Liberation,https://m.media-amazon.com/images/M/MV5BMTM0ODA1MzEwM15BMl5BanBnXkFtZTcwNjQ3ODYxMQ@@.jpg,en,boys,life,poolldays,
Colonel Chabert,https://m.media-amazon.com/images/M/MV5BMjY4MmMwYTMtYjBlYS00ZjRhLTkxNDAtY2RmZTQ2ZWRmYWIwXkEyXkFqcGc@.jpg,it,Chabert,Le Colonel,DEPARDIEU,
Coldblooded,https://m.media-amazon.com/images/M/MV5BZTAxNTZjMjUtNDA4ZS00NGY5LWFmNjktYjRmMjlmYWYwZTQxXkEyXkFqcGc@.jpg,en,COLD BLOQDED,ROMANTIE,DIE,
Desert Winds,https://m.media-amazon.com/images/M/MV5BMjA0NDc0NTU3OF5BMl5BanBnXkFtZTcwMzMyNDkyMQ@@.jpg,de,MICHAELA,HEATHER GRAHAM,NICKLES,
Fall Time,https://m.media-amazon.com/images/M/MV5BNjllNjU3ZTMtOTQxZC00MmU4LTlhZjMtN2ExMmNhM2RlNjI2XkEyXkFqcGc@.jpg,it,TIME,FALL,:,
The Fear,https://m.media-amazon.com/images/M/MV5BMDU2YmNiOTktMjE4Ny00NmFhLWIxZTYtOWY0ZWQ4MWM3YjdiXkEyXkFqcGc@.jpg,en,aMC,aMC+,,
Frank and Ollie,https://m.media-amazon.com/images/M/MV5BODExYTZmN2QtYTY4NS00ZjI0LWIxOWYtZDUyMDQzYTViNmEwXkEyXkFqcGc@.jpg,af,FRANKandOLLIE,Ous,Their friendship changed,
Homage,https://m.media-amazon.com/images/M/MV5BMTIyMjU0MjkwM15BMl5BanBnXkFtZTcwMDAzOTIyMQ@@.jpg,so,HOMAG,DANNER,WHALEY,
Dos cr  menes,https://m.media-amazon.com/images/M/MV5BODAzMzA1ZGEtZTlhNS00YjNlLWJmN2YtNGU1M2JjMTU3YTE4XkEyXkFqcGc@.jpg,es,José Carlos Ruiz,Margarita Isabel,Leticia Huijara,
Brother Minister The Assassination of Malcolm X,https://m.media-amazon.com/images/M/MV5BNDA2MTYyNDE4NV5BMl5BanBnXkFtZTcwOTY5ODA3NA@@.jpg,en,"EXPLOSIVE""",BROTHERMINISTER,GRIPPING:,
Highlander The Final Dimension,https://m.media-amazon.com/images/M/MV5BNDdlYTMwYTMtYjA0Mi00M2ViLTk5ZjctOTE3N2U2MjgyODFjXkEyXkFqcGc@.jpg,en,HIGHLANDER,Centuries ag0 one man was chosen to,THE FINAL DIMENSION,
In the Mouth of Madness,https://m.media-amazon.com/images/M/MV5BMmE2OTY3MWMtNTY5ZS00MGFhLWFhYzAtZWQ3MGMyY2M5MDRjXkEyXkFqcGc@.jpg,en,IN TE MouTH OF MADNESS,LATELY?,GOOD,
8 Seconds,https://m.media-amazon.com/images/M/MV5BYWE4YjZmYjctYzBkOS00NWYwLWJlZGMtM2I5ZjY5N2E1MTUxXkEyXkFqcGc@.jpg,en,8SECONDS,GEARY,BALDWIN,
Addams Family Values,https://m.media-amazon.com/images/M/MV5BYWY3Y2ZkYjktZWYxMC00ZmZmLTgxNjYtYmMwYmU5OWJjMThjXkEyXkFqcGc@.jpg,en,Addarjs,,,
Martin Lawrence You So Crazy,https://m.media-amazon.com/images/M/MV5BOTg5ODM5ODY0OF5BMl5BanBnXkFtZTcwNjA2NDAyMQ@@.jpg,en,madi,"AN EXTREMELY FUNNY IILM""",s,
The Air Up There,https://m.media-amazon.com/images/M/MV5BNTE1NzU4ZTMtYmM3ZC00YTc3LTg2MjgtYjY1ZDBmYjgxMWFjXkEyXkFqcGc@.jpg,en,ballgame,Jimmy Dolan,player;,
Another Stakeout,https://m.media-amazon.com/images/M/MV5BZWQ4MDM1YTMtN2RiMS00OGU3LTgxOGItODk1NDQ2NTRkYWRiXkEyXkFqcGc@.jpg,en,ESTEVEZ,RICHARD,JIHHHHHH,
Bad Girls,https://m.media-amazon.com/images/M/MV5BMmVlZWJkNmYtYjBjZS00ODJmLTgxZDItMjM3NTM2OTNlNDBmXkEyXkFqcGc@.jpg,de,BAD,Mary,dangerous time to be a woman. And a_,
Beverly Hills Cop III,https://m.media-amazon.com/images/M/MV5BMGY2ZWQ2MDUtMzcyYS00ZDJmLThiNTUtOGM5MzM0NWMyNDY0XkEyXkFqcGc@.jpg,en,67,THE RIDE,MAY 25,
Black Beauty,https://m.media-amazon.com/images/M/MV5BMjg5NDQ5NzYtMmFjZS00YzY2LThkOTUtOWY1YmEyMzQ5MDQ2XkEyXkFqcGc@.jpg,en,BEAUTY IN BLACK,NETFLIX,TYLER PERRY'S,
Blown Away,https://m.media-amazon.com/images/M/MV5BNTBhZjlkYzgtOGQxYi00NGIwLWJlNGYtMDlhY2YwOTc3OWZkXkEyXkFqcGc@.jpg,en,HLOWN,AWAV,bridges,
Blue Chips,https://m.media-amazon.com/images/M/MV5BYTIyNThiNjYtMzAzNi00ODVkLWExMWEtM2NjODVjODU4ZDQ1XkEyXkFqcGc@.jpg,en,BLUECHIPS,IN YOUR FACE 2*18.94,0J,
Blue Sky,https://m.media-amazon.com/images/M/MV5BYjMxYTUyMGYtZWJjNS00NzI1LTkzOTItOTQ2YjU2OTc3NzA2XkEyXkFqcGc@.jpg,da,BLUE,SKY,JESSICA LANGE,
Body Snatchers,https://m.media-amazon.com/images/M/MV5BMzUzNDdjOTAtOThlNS00OTc0LWIyZjEtMzA3YTA4Mjk2Yjc5XkEyXkFqcGc@.jpg,en,Body Snatchers,Anvasion of the,They,
Boxing Helena,https://m.media-amazon.com/images/M/MV5BZDc4OTAwMjgtZTg0Yy00ZWUzLWIzNmMtYWIyMTIzYWU1ZGVkXkEyXkFqcGc@.jpg,nl,Boxing_Helena,JU LIA N,SHERILY N,
Cabin Boy,https://m.media-amazon.com/images/M/MV5BNzE3YzI1NDgtY2EzYy00ZDllLWI5OWUtYTc5NDQ3M2MzZmY1XkEyXkFqcGc@.jpg,so,(ABIN,Toichsrone,aU,
City Slickers II The Legend of Curly s Gold,https://m.media-amazon.com/images/M/MV5BYjJmYjUxM2YtYmE2Ni00YzlhLTlhOTEtNzVlNTYxZDI4NDI3XkEyXkFqcGc@.jpg,en,I,PALANCE,STERN_,
Cliffhanger,https://m.media-amazon.com/images/M/MV5BNGJkZmZlYTYtODQ1ZC00N2JiLWIxMWYtZTE4ZDMxZjQyZTAzXkEyXkFqcGc@.jpg,cy,STALLONE,STAR,TRI,
Coneheads,https://m.media-amazon.com/images/M/MV5BOTE5NDNjOWUtMDhmZi00MTA2LWEzZWEtYjUxZWYxZGEzNjU4XkEyXkFqcGc@.jpg,en,CONHEADDS,Young onesl,DAN AYKROYD,
Color of Night,https://m.media-amazon.com/images/M/MV5BZWVmZTg3NGEtNTNmMi00ZTAyLTgzMjItOWIwMmIzZWIxODIwXkEyXkFqcGc@.jpg,en,NIGHT,COLOR OF,JANE MARCH,
The Cowboy Way,https://m.media-amazon.com/images/M/MV5BNmViNWVmNGEtZWFiZS00NDAzLWFlZjItYjhmMDJkODhlNjBjXkEyXkFqcGc@.jpg,en,How (he East,8J66,6C06,
Dangerous Game,https://m.media-amazon.com/images/M/MV5BY2I0MmQxMTgtOWRiOC00MWQ5LWE4MjItMTBiZmE0ODg4YWIwXkEyXkFqcGc@.jpg,af,1,DANGEROUS,L,
Dave,https://m.media-amazon.com/images/M/MV5BMzJhMjc0OGEtOWNkYS00YjU5LWE5ZDItMDE4YjcxMmI1OTI4XkEyXkFqcGc@.jpg,da,DAVE,4 5FX,fove,
Dazed and Confused,https://m.media-amazon.com/images/M/MV5BMTM5MDY5MDQyOV5BMl5BanBnXkFtZTgwMzM3NzMxMDE@.jpg,en,Dazed and,Confused,they,
The Endless Summer 2,https://m.media-amazon.com/images/M/MV5BZjA5MzNlZTEtMzEzNy00YzIyLWE5OWUtMmY2M2Q1ZGRkYzc2XkEyXkFqcGc@.jpg,en,,,,
Even Cowgirls Get the Blues,https://m.media-amazon.com/images/M/MV5BODFjYzFkNGItYTNkOS00NjdlLTgwODEtNTBjNmU1N2MzYjE2XkEyXkFqcGc@.jpg,en,Buues,Sean Young,Henry,
Fatal Instinct,https://m.media-amazon.com/images/M/MV5BYmZkODNiY2MtYjU2My00OTQ3LWJmNjItYjFiYzVjZWFmMjgxXkEyXkFqcGc@.jpg,en,1 $,comedy:,A killer,
Farewell My Concubine,https://m.media-amazon.com/images/M/MV5BYjMzZjcwNzItNTYwZC00NzAxLWE3MmMtYmU3ZjdkMWMxNDMwXkEyXkFqcGc@.jpg,en,CONCUBINE,FARE WELL,"GOR GEOUS, INTOXIC ATING",
Fearless,https://m.media-amazon.com/images/M/MV5BNjI1N2ZmOWMtODE2ZS00MzU5LWJhMzYtNWNmNDQ2NGIzNDM0XkEyXkFqcGc@.jpg,en,PEARLESS,,,
With Honors,https://m.media-amazon.com/images/M/MV5BMGJkZGJiOTUtODFlNi00NDM4LWFjNGQtODkwNmU5OWMzOWE1XkEyXkFqcGc@.jpg,en,Hovors,PESCI,HAMILTON,
Flesh and Bone,https://m.media-amazon.com/images/M/MV5BMjIyODYxOTY1MV5BMl5BanBnXkFtZTgwNDgyMDUyNTE@.jpg,en,2,uxd bone,flesh,
For Love or Money,https://m.media-amazon.com/images/M/MV5BYjY0ODM4NDYtMDMyZi00OTk2LWFiNDItNWU0ZTM4NGMyMjJiXkEyXkFqcGc@.jpg,en,ForLove OrMoney,Michael J Fox,Comedy:,
Free Willy,https://m.media-amazon.com/images/M/MV5BNjY4NDJhOTMtZmVjMC00Njk5LThjOWItMjg4NDcxMmNkODM3XkEyXkFqcGc@.jpg,en,HFel,ADVENTURE,Kid.,
Fresh,https://m.media-amazon.com/images/M/MV5BNjZjOTBhNzgtMGUyMy00ZTJlLWFlMjQtYmMxNGE3YmViYWE5XkEyXkFqcGc@.jpg,sq,R,hulu,SEARCHLICHT,
The Fugitive,https://m.media-amazon.com/images/M/MV5BM2RjMjEwODUtYTE4OC00MzhkLThjMjItZjYyZjk3YzA4YWUxXkEyXkFqcGc@.jpg,en,T,FORD,15,
The Getaway,https://m.media-amazon.com/images/M/MV5BNmM5MzAzYTYtZjA5My00YmM4LTgzMTUtYWVkMWYxN2YzOTk5XkEyXkFqcGc@.jpg,en,MlcQUFEN,GIETAIAY,THE,
Go Fish,https://m.media-amazon.com/images/M/MV5BNDljMDg4ZjEtNmIwMi00ZDQ0LTgyNGMtZmE1NDc4ZmQzMTZkXkEyXkFqcGc@.jpg,en,GO,+he,anastasia,
A Good Man in Africa,https://m.media-amazon.com/images/M/MV5BMjNiZmRhMDQtM2Y2MS00NGUwLWJlY2YtYjE2ZGVmYjhkYTY5XkEyXkFqcGc@.jpg,en,Ay,AFRICA,in,
Guilty as Sin,https://m.media-amazon.com/images/M/MV5BZTBmNDRlMTYtNjViZS00ODA5LWI4YTMtNGEwYWI1MTNhM2VmXkEyXkFqcGc@.jpg,en,SIN,GUILTY,De Mornay: Johnson,
Heaven Earth,https://m.media-amazon.com/images/M/MV5BZWI2MDU5MDgtZjQ1Mi00YTBjLWFiNDktMWY1YTNjNjUxOGRlXkEyXkFqcGc@.jpg,en,HEAVEN; EARTH,0 L I V E R,S T 0 N E,
Hot Shots Part Deux,https://m.media-amazon.com/images/M/MV5BNGU5ZTUzMmQtZDI3Yy00Y2ZlLTg1MmMtYWZiNDYyYmI4YmE2XkEyXkFqcGc@.jpg,nl,HOT,JUST DEUX MT,,
Live Nude Girls,https://m.media-amazon.com/images/M/MV5BYzZkMTI0YTItNTY4My00NmE2LWFkNWEtM2I2YWEyMTM2MmJmXkEyXkFqcGc@.jpg,fr,Delany,(ynthia,Lora,
House Party 3,https://m.media-amazon.com/images/M/MV5BZjM1NTk4MjItYjVhYS00ODQ5LWI5YjUtZTMzYjYxMDc5NzA5XkEyXkFqcGc@.jpg,en,HOUSE,Simply Mawvalous,Angela Means,
The Hudsucker Proxy,https://m.media-amazon.com/images/M/MV5BMTc0YmNlMmQtNWQ4Yy00ZWZlLTgxYzItOWI2MGQyZGNmMWUzXkEyXkFqcGc@.jpg,en,NEWMAN,ROBBINS,LEIGH,
I ll Do Anything,https://m.media-amazon.com/images/M/MV5BZGZkZTVhZDYtM2NhMC00M2ViLThiY2YtMmIxYzI3ZGVmMTAzXkEyXkFqcGc@.jpg,tl,[eat Loaf,(BUT,LOVE,
In the Army Now,https://m.media-amazon.com/images/M/MV5BYjliOGJmOTAtNTQ1My00NzQ0LWE2MTMtOWYwOWM2NDU1YTU3XkEyXkFqcGc@.jpg,en,P A U L Y,$ H 0 R E,"America, sleep tight:",
In the Line of Fire,https://m.media-amazon.com/images/M/MV5BYmNiNjNjYmQtZTQzNC00M2I1LThiMDgtNWNmM2VjY2Y3NzQxXkEyXkFqcGc@.jpg,en,2,CLINT,JOHN MALKOVICH,
The Inkwell,https://m.media-amazon.com/images/M/MV5BZGE0MGM1ZjMtMzlmNi00ZDg5LTk4MDQtNDkwNDY1YzllNGQxXkEyXkFqcGc@.jpg,en,INKWELL,THE,It all happened at__,
What s Love Got to Do with It,https://m.media-amazon.com/images/M/MV5BYjAwZDAwNzAtZTBjYy00YjZhLWFhNWItYjFiYzg2YzcxOWY5XkEyXkFqcGc@.jpg,en,g04,Whats (,dlo,
Judgment Night,https://m.media-amazon.com/images/M/MV5BZmQzMDMwNWYtMDA5OC00ODE1LWFkNWEtNDJiNzU1ODk1N2I3XkEyXkFqcGc@.jpg,en,whisper,even breatkie,7,
Jurassic Park,https://m.media-amazon.com/images/M/MV5BMjM2MDgxMDg0Nl5BMl5BanBnXkFtZTgwNTM2OTM5NDE@.jpg,en,Making:,HHLIHHEI,An Adventure,
Kalifornia,https://m.media-amazon.com/images/M/MV5BZGIyNmJiYmUtN2EzYS00NTU5LTllZmItMDA1YmFjNjM2ZjNjXkEyXkFqcGc@.jpg,sw,KAI,JULIETTE LEWIS,BRAD PITT,
Lassie,https://m.media-amazon.com/images/M/MV5BMTY4OTQwMTQyNl5BMl5BanBnXkFtZTcwMDE4ODYyMQ@@.jpg,fr,LASSIE,CELEBRATING,"All-Time!""",
Last Action Hero,https://m.media-amazon.com/images/M/MV5BZGU2NWQyY2ItY2JiZS00ZDJhLWI0NDQtNjMyNWU3MDA1NTgzXkEyXkFqcGc@.jpg,en,M,PICTURES,COLUMBIA,
Lightning Jack,https://m.media-amazon.com/images/M/MV5BMWJiNGE2ZTctN2I3YS00YmE2LWE4ZWItNDM0NDAzYzI1Y2NkXkEyXkFqcGc@.jpg,en,W,H0 6AN,P A U L,
Made in America,https://m.media-amazon.com/images/M/MV5BOWYwMTAxNTQtYTJjZC00ODI2LWE0NmQtNTc3MmFjNmRiOWRhXkEyXkFqcGc@.jpg,nl,MADE,TED DANSON,WHOOPI GOLDBERG,
The Man Without a Face,https://m.media-amazon.com/images/M/MV5BYWVlMjJkMDYtMjA4My00MzI3LWFlMzAtY2RlYTViMjM1MTE1XkEyXkFqcGc@.jpg,en,MN,G I B S 0 N,M E L,
Manhattan Murder Mystery,https://m.media-amazon.com/images/M/MV5BMjAxNjJjODEtYjA3NC00N2EwLWFkYWItODA1OTY4NTNlODczXkEyXkFqcGc@.jpg,de,MYSTERY,MANHATTAN,HUSTON,
Menace II Society,https://m.media-amazon.com/images/M/MV5BMzQ1MTNhZWEtM2FmZS00ZjkzLWJhZWEtNzA5ZDllZmYzNjQ1XkEyXkFqcGc@.jpg,pl,MeNACe,9,This is whats real.,
Executive Decision,https://m.media-amazon.com/images/M/MV5BYTExYWQzMWMtZjdjYy00OWQ3LWJjY2ItYjU4YWQ4M2NmMTJlXkEyXkFqcGc@.jpg,en,EXECUIIVE,"must make an air to air transfer,",in order to save 400 lives,
In the Realm of the Senses,https://m.media-amazon.com/images/M/MV5BNTdhMjIzNjQtMmUxYy00YTA5LTlkNDktNzZkNmI2ZmM1ODgxXkEyXkFqcGc@.jpg,en,RECALLING THE FILM,,,
Much Ado About Nothing,https://m.media-amazon.com/images/M/MV5BOTI3MmI1NmYtZGI4Zi00ZWNiLWJjYWItYTVlOThiZGYzNWE5XkEyXkFqcGc@.jpg,en,NOTHING,ADOABOUT,MUCH,
Mr. Jones,https://m.media-amazon.com/images/M/MV5BMjM3NjU5YmEtNDg4OS00MGEwLTkxYzktYjg1OTY2NmEwNWM3XkEyXkFqcGc@.jpg,en,MA JONES,PETERSARSGAARD,JAMES NORTON,
Mr. Wonderful,https://m.media-amazon.com/images/M/MV5BZGUwMzA4N2ItMmVlOC00Y2MwLWE0Y2QtYjcwYmYzMmRlZWM5XkEyXkFqcGc@.jpg,de,Wonderful,DILLON,SCIORRA,
Mrs. Doubtfire,https://m.media-amazon.com/images/M/MV5BY2E2MDc5ZGEtOTNlZS00Mjg4LThlNzUtMDY2Zjc4ZTViNWY0XkEyXkFqcGc@.jpg,en,DoUBTFIRE,MRS.,ROBIN WILLIAMS,
Naked,https://m.media-amazon.com/images/M/MV5BNDM1ZjQ0ZGQtZTdhMC00MmM3LWI5NTMtMzhjZWUwNzZiYzA3XkEyXkFqcGc@.jpg,hr,naked,leigh' s,mike,
The New Age,https://m.media-amazon.com/images/M/MV5BZTI1OTFhYmQtMzM4NS00Y2NkLTlkMmEtNTJhMWU1YWI0ZGQ2XkEyXkFqcGc@.jpg,en,THE FUTURE AIN'T,WHAT It USED TO BE,COMING TO THEATRES,
No Escape,https://m.media-amazon.com/images/M/MV5BMjE0MDI3NTE5NF5BMl5BanBnXkFtZTgwNzI3ODM2NjE@.jpg,pt,NO,ESCAPE,'LHEE,
North,https://m.media-amazon.com/images/M/MV5BNjZmNzBmMTEtMzRhNS00Nzc1LWFjMDUtOWJhMjFlZDkzNGI4XkEyXkFqcGc@.jpg,en,M,APRIL 10,to go but up.,
Orlando,https://m.media-amazon.com/images/M/MV5BZThhODA0ZmQtM2UyMy00YWY0LTg4MGItZTJhZmI2NWJkMTM1XkEyXkFqcGc@.jpg,tr,ORLANDO,TILDA SVINTON,BILLY ZANE,
A Perfect World,https://m.media-amazon.com/images/M/MV5BOTNkOTE0NTctZGQ5Ni00MjhmLWIzYTItZDY1YWQxZTE0NzgzXkEyXkFqcGc@.jpg,en,aPerfect,Woild,EASTWOOD,
The Piano,https://m.media-amazon.com/images/M/MV5BZGZiYTQ0MmEtY2RmYy00ZjRkLWI3NTctYTRhMGJlMzA4ZDg0XkEyXkFqcGc@.jpg,en,P i a n 0,t h e,ho Hy,
Poetic Justice,https://m.media-amazon.com/images/M/MV5BN2M0ZmY5YzQtM2ZkYS00NjA5LTk3YzYtZDU4MjU4NTBlYTgyXkEyXkFqcGc@.jpg,en,5   0 N,nobody:,but nobody,
The Program,https://m.media-amazon.com/images/M/MV5BYTlkMWI0OWUtNmQ5Ni00OWY2LWI4NjItMTcyMGZkMzc0MzA0XkEyXkFqcGc@.jpg,en,M,THE,,
The Puppet Masters,https://m.media-amazon.com/images/M/MV5BNWUwZjM0YWItMzYwOS00MmYxLTljNGQtMjA4Mzk5MDY0YzM0XkEyXkFqcGc@.jpg,en,puppet Masters,the,TRUST,
Radioland Murders,https://m.media-amazon.com/images/M/MV5BODQ2NTg0MzItMDk0Zi00YWRkLTgyYzEtOGNlODQ4NjcxMmMwXkEyXkFqcGc@.jpg,de,MARY STUART MASTERSON BRIAN BENBEN,the hits just keep on coming.,Atstation WBN,
The Ref,https://m.media-amazon.com/images/M/MV5BODA5MDk1NjUtNTk5ZS00OGVhLThhMDItZTY1ZWY5ZDBiOTZmXkEyXkFqcGc@.jpg,en,REF,the),Judy,
The Remains of the Day,https://m.media-amazon.com/images/M/MV5BOWY5MTFkMmEtNDE2Zi00NzU4LWE2OWMtZGE4ZWY1NmIzN2I0XkEyXkFqcGc@.jpg,en,REMAINS,OFTHE DAY,EMMATHOMHSON,
Renaissance Man,https://m.media-amazon.com/images/M/MV5BYjgyMjRjMzktN2ExZi00YTdhLTkzMzYtMTMxN2Y4N2Y1ZThkXkEyXkFqcGc@.jpg,fr,MAN,BENAISSANCE,D A N N Y,
Rising Sun,https://m.media-amazon.com/images/M/MV5BNjAwOGQ0ZjQtMTRjNC00MDIyLThjMWMtYzA0YjRhMDFhNTZkXkEyXkFqcGc@.jpg,tl,R,@,,
The Road to Wellville,https://m.media-amazon.com/images/M/MV5BNTUxM2JjYzAtM2Q3Ny00MDhiLTgxYjYtNWI5ZjRlZmY1YmM1XkEyXkFqcGc@.jpg,en,WELLVILLE,THE ROAD To,CARVEY,
RoboCop 3,https://m.media-amazon.com/images/M/MV5BODc0YjFmZDgtNWY4Zi00MjQ3LThiZWYtNmVlNjZjNTE5OTEwXkEyXkFqcGc@.jpg,en,FIVIL,CHAOS,WAR,
Robin Hood Men in Tights,https://m.media-amazon.com/images/M/MV5BY2ZkMGU1OGUtZTJlOS00MmE5LWIxZjQtYWRlZDljMGJkMTZmXkEyXkFqcGc@.jpg,nl,HOOD,ROBIN,The Legend Had It Coming-,
Romeo Is Bleeding,https://m.media-amazon.com/images/M/MV5BZjIxZmQ2YzgtNTdlOS00ZWZlLTk1YTctZWZiOGFkMWJjNzAxXkEyXkFqcGc@.jpg,en,rereeaing,Story,Of A Cop,
Romper Stomper,https://m.media-amazon.com/images/M/MV5BODUxYmUxZDUtZTA4Yi00NDY0LWI3NGUtODk1YjAwMzAxYTg4XkEyXkFqcGc@.jpg,ro,You've never seen anything like it.,"BRUIAL , BLUNT","CLEVER, EKCITING",
Rudy,https://m.media-amazon.com/images/M/MV5BNjQ1MWQ4MWQtZWQzMy00NmU1LThmYzItNGU1OTc5MWJjNzQ1XkEyXkFqcGc@.jpg,lt,RUDY,"don't come true,",people say,
The Saint of Fort Washington,https://m.media-amazon.com/images/M/MV5BOTlhZDIzMGQtNWFhMy00ODgwLWE3NjctM2RiODI0MGQzNjgxXkEyXkFqcGc@.jpg,en,Discover 3 movle about courage.compassion and two people who found a fortune in frlendship,,,
The Scout,https://m.media-amazon.com/images/M/MV5BNTI4MDcyZTktNTVhMC00NmQ3LWJiN2UtMzZkNDgwMzRkMzIwXkEyXkFqcGc@.jpg,en,up against the,gambling syndicate,in pro sports.,
The Secret Garden,https://m.media-amazon.com/images/M/MV5BNjgyMGI3OTQtYWFjOS00OGNkLTg4NTktMDI4ZWMwODk5ODU5XkEyXkFqcGc@.jpg,en,THE,"magic,",hope,
Serial Mom,https://m.media-amazon.com/images/M/MV5BMGU3ZDYzNmItYjg5Ni00MjlmLWFmODgtYjIxNTgyNTgwZWNlXkEyXkFqcGc@.jpg,id,MOM,0,"""AN OUTRAGEOUS, WILD & CRAZY COMEDY",
The Shadow,https://m.media-amazon.com/images/M/MV5BNTZkZWE2MzAtYjU3OS00MWUwLWExYzMtNzdmZTA2MmI0ODU5XkEyXkFqcGc@.jpg,en,3,what evil lurks,Who knows,
Shadowlands,https://m.media-amazon.com/images/M/MV5BODg5NmZkOGQtMmZjYi00M2I0LWI2MzMtMzg5NTZkZDgzMjAzXkEyXkFqcGc@.jpg,so,SHADOWIANDS,ONE OF THE MOST,ANTHONY HoPKINS,
Short Cuts,https://m.media-amazon.com/images/M/MV5BNDJkN2ViZmMtNjJhYS00MjBjLWJkNjMtYzE5ZDg4ODUwODVjXkEyXkFqcGc@.jpg,en,masters,movie,American _,
A Simple Twist of Fate,https://m.media-amazon.com/images/M/MV5BMTU4OGRkYjYtMDc3NS00MTY0LWJhZmYtMDBkYjMwMGZlNTUxXkEyXkFqcGc@.jpg,en,A Simple,Twist gf Fate,M A R T | N,
Six Degrees of Separation,https://m.media-amazon.com/images/M/MV5BMTQ5ODk1NTI4NV5BMl5BanBnXkFtZTcwNDYzMjI3NA@@.jpg,en,UPROARIOUSLY FUNAY? YES,"""CAN A SEARING SOCIAL COMMENTARY ALSO BE",OUT OF YOUR MIND,
Sleepless in Seattle,https://m.media-amazon.com/images/M/MV5BMzYwNzNlYWEtY2NiMC00Y2ZkLWFmYzUtYWU4ZTQ5YTAyNTZmXkEyXkFqcGc@.jpg,en,MEG RYAN,61,,
Blade Runner,https://m.media-amazon.com/images/M/MV5BOWQ4YTBmNTQtMDYxMC00NGFjLTkwOGQtNzdhNmY1Nzc1MzUxXkEyXkFqcGc@.jpg,no,HARRISON FORD,NOW ITS HIS PROBLEM,MAN HAS MADE HIS MATCH,
Son in Law,https://m.media-amazon.com/images/M/MV5BNGZlYzQ2MzAtZGE1OS00MDljLTkyYjQtN2VhOTQyZGJmYTI0XkEyXkFqcGc@.jpg,en,LAW,SON,nightmare.,
So I Married an Axe Murderer,https://m.media-amazon.com/images/M/MV5BMDNiMzA1MzEtMDQwOC00NTkzLTgyMWEtNzk0YjNkZmY5MDIwXkEyXkFqcGc@.jpg,en,AN AXE MURDERER,SO I MARRIED,MIKE MYERS,
Striking Distance,https://m.media-amazon.com/images/M/MV5BNGFkNzQyM2YtNWQyMi00NGY1LWJmOGYtMzg2ZGJmM2RlNGNiXkEyXkFqcGc@.jpg,af,48,W,They shouldn't have put,
Harem,https://m.media-amazon.com/images/M/MV5BMDAyM2VmMDktODg0Zi00MWI1LTkwZTQtYTVmYmYwNWZhZWYxXkEyXkFqcGc@.jpg,sv,End Hareto,gWorlds,"LINK ,staro Shono / SHUEISHA, World's Ead Harem Project",
Super Mario Bros.,https://m.media-amazon.com/images/M/MV5BOGZlN2EzOTYtMzUzOS00NTM3LTg0MTQtZDVjZGM4YmJlNWNhXkEyXkFqcGc@.jpg,es,MOVIE,ONLY IN THEATERS APRIL 5,,
Surviving the Game,https://m.media-amazon.com/images/M/MV5BNDhiMTEwZWItMjc1OC00YjJhLTk1MTQtOTg3OTY5NGRmZDE0XkEyXkFqcGc@.jpg,en,THE THRILL /S THE KILL,ERHEST DCHERSOH Fim,DUMOn,
Terminal Velocity,https://m.media-amazon.com/images/M/MV5BNWNhM2E3YjktMmZhMC00YWQ2LWEwMzItM2UyZGNmYWMwMGEzXkEyXkFqcGc@.jpg,en,Ih,N A $ T A $,PolyGram,
Thirty Two Short Films About Glenn Gould,https://m.media-amazon.com/images/M/MV5BZGZhNTVmN2MtMDIzNC00NWQzLTg1YTUtZGQzZGRlNGRjZjZjXkEyXkFqcGc@.jpg,en,thirty_,two short films about,Richard Corliss; TIME Magazine,
The Nightmare Before Christmas,https://m.media-amazon.com/images/M/MV5BNmYxOTAzZWYtOGI3Yi00ODc3LTk5ZjYtZTY0MzVkZTg3YmRiXkEyXkFqcGc@.jpg,en,BFFORE,TE,Tim,
Trial by Jury,https://m.media-amazon.com/images/M/MV5BYzU1ZTZiOWEtOWMxZS00YmZiLTliNTEtMjIyNWE0NWNiZDIyXkEyXkFqcGc@.jpg,en,JUHL,Ihalley-Kilmep,Bypne,
Paris France,https://m.media-amazon.com/images/M/MV5BMTgyNzk4Mjk3Nl5BMl5BanBnXkFtZTcwNzIzNjcyMQ@@.jpg,fr,FRANCE,P A R I S,'FEVERISH EROTICISM .,
The Beans of Egypt Maine,https://m.media-amazon.com/images/M/MV5BOThkOTVlMTAtOTcwZi00NGIyLWEwYmQtYTU2MzMxYTI1NzE3XkEyXkFqcGc@.jpg,en,THE,MARTHA PLIMPTON,KELLY LYNCH,
Welcome to the Dollhouse,https://m.media-amazon.com/images/M/MV5BZGI1ZGIzYjctMDAxZC00ZGVlLWI0NGYtMjM0MWM3MTkzYzE2XkEyXkFqcGc@.jpg,en,DoLLHeuse,Jodd Solondz,THE,
Cronos,https://m.media-amazon.com/images/M/MV5BOTI1YTVjNDEtYjE3Yi00NDFlLWI4M2MtNjUyYzIyOTMxMzQzXkEyXkFqcGc@.jpg,es,OCTOBER,AN,TALE,
Naked in New York,https://m.media-amazon.com/images/M/MV5BYmM5YmRlNTEtZmNmOC00YzRhLWE0MjAtNjZiODcyNzIxZjZjXkEyXkFqcGc@.jpg,en,Nakedin New York,MARTIN ScORSESE PRESENTS,CLAYBURGH,
Kika,https://m.media-amazon.com/images/M/MV5BODI0NjUzNjctM2I1Ni00ZDNiLThkMGMtNzVlNGVlZWVmMDYzXkEyXkFqcGc@.jpg,sw,,,,
Bhaji on the Beach,https://m.media-amazon.com/images/M/MV5BMTYyNTM0Mzk3MF5BMl5BanBnXkFtZTcwNDAzMTgxMQ@@.jpg,en,yowrself free,Oh,15,
The Slingshot,https://m.media-amazon.com/images/M/MV5BYjRiNWY5NGUtNmYwMC00MTVkLTkwNGUtMmIxYmEzNGU2MDFmXkEyXkFqcGc@.jpg,en,Slingshot,The,Heart-Breaking and Exhilarating,
Foreign Student,https://m.media-amazon.com/images/M/MV5BYzg1MDY5NDQtZGVmYS00YzViLTljNzMtZDMzMmExNjA5NDZkXkEyXkFqcGc@.jpg,de,ON VIDEOCASSETTE,GIVENS,ALSO AVAILABLE ON LASERDISC,
Ciao Professore,https://m.media-amazon.com/images/M/MV5BYjdmYmU2YTktYTA5Ny00ZGNjLTg0MTItZTcxNDZmZWM2NzQ0XkEyXkFqcGc@.jpg,pt,CiAO-,PROFESSORE !,Fom Lina Wevtmulley comes @ comedy,
Spanking the Monkey,https://m.media-amazon.com/images/M/MV5BZTFkZmE4ZmMtZWE4Ny00ZmY5LTg2M2ItNThjMjE2Njc1MzJhXkEyXkFqcGc@.jpg,en,key,letting go.,comedy about,
The Little Rascals,https://m.media-amazon.com/images/M/MV5BZTlhMjA5MGYtZDYyNS00MDQ4LWI0ZDAtZjJiODJjODI0N2I3XkEyXkFqcGc@.jpg,en,Yhe,PENELOPE SPHEERIS,STEPHEN Mazur,
la mode,https://m.media-amazon.com/images/M/MV5BMTA4MjI5YjAtMWMzNC00ODhkLWFiZmYtOGVkM2E0NWQ5N2FkXkEyXkFqcGc@.jpg,es,MODE,A LA,KATIE LECLERC,
Andre,https://m.media-amazon.com/images/M/MV5BOWU1ZWVkNTYtMGQ5Zi00OTQ2LWIzMGEtODQ1MGM1MjEyZGY4XkEyXkFqcGc@.jpg,da,Andre,finding your way home,The greatest adventure,
La scorta,https://m.media-amazon.com/images/M/MV5BYTMyNjVlNTEtOTE4My00ZjI4LTljNzEtYjJlY2Q5NzlhOTgxXkEyXkFqcGc@.jpg,it,Mustang,CLAUDO BONIVENTO,RKCKY VEMPHI,
Princess Caraboo,https://m.media-amazon.com/images/M/MV5BN2Q2YjZjNGUtZDFjYS00ZGQ1LThlOTQtNzJhYjNjODMzZGMxXkEyXkFqcGc@.jpg,en,PRINCE S S,CARABOO,PHOEBE,
The Celluloid Closet,https://m.media-amazon.com/images/M/MV5BNzhlM2E1MWUtMzkzMy00YTIzLTljZjYtMGQ4Njc2MzY4ODg0XkEyXkFqcGc@.jpg,en,ho,y,epstein-jefifrey friedman film,
Caf au lait,https://m.media-amazon.com/images/M/MV5BMmFlNmJhZjgtYTM1MC00ZWVmLWE1ZmMtNGZlZjAzNDlkOGQyXkEyXkFqcGc@.jpg,cy,CAFÉ AU LAIT,"with lotsa sugar, baby!",definitely something about a beautiful Creole.,
Caro diario,https://m.media-amazon.com/images/M/MV5BZWE1YzNlMmEtZGQwYy00YTFlLTk5NzQtZDJlZDdiMmM3OTE3XkEyXkFqcGc@.jpg,it,ARI0,"""MAGnIFICEnT",(DEAR DIARY),
I Don t Want to Talk About It,https://m.media-amazon.com/images/M/MV5BNDVlYWJkNGQtOTMyNS00MTAwLTllYWQtMTU1MzM5ZTM0YmRmXkEyXkFqcGc@.jpg,en,TALKABOUT IT,wonderful. Delicious',Tale By Maria Luisa Bemberg,
The Brady Bunch Movie,https://m.media-amazon.com/images/M/MV5BOTRjZTkxNWUtZDM1Mi00ZjE0LTk1N2ItNDc5MWY0ZTUwYmMyXkEyXkFqcGc@.jpg,en,BRaDyBuchMovie,Theytre Back 1o,Save America,
Ghost,https://m.media-amazon.com/images/M/MV5BMTY4MTUxMjQ5OV5BMl5BanBnXkFtZTcwNTUyMzg5Ng@@.jpg,sk,Missionlmpossible com,,,
Aladdin,https://m.media-amazon.com/images/M/MV5BMjQ2ODIyMjY4MF5BMl5BanBnXkFtZTgwNzY4ODI2NzM@.jpg,cy,ladd,"IN DDOLBY CINEMA,",,
Terminator 2 Judgment Day,https://m.media-amazon.com/images/M/MV5BNGMyMGNkMDUtMjc2Ni00NWFlLTgyODEtZTY2MzBiZTg0OWZiXkEyXkFqcGc@.jpg,en,terminatOr 2,DAy,Judgment,
Dances with Wolves,https://m.media-amazon.com/images/M/MV5BMTY3OTI5NDczN15BMl5BanBnXkFtZTcwNDA0NDY3Mw@@.jpg,en,DANCESwWOJVES,KEVIN COSTNER,GRIHLHGREENE RODNEYGRIVT,
Tough and Deadly,https://m.media-amazon.com/images/M/MV5BYzE5Mzg3N2ItOTE2NC00N2I3LTk2YWEtYTE4NzM4YzgwYzQ2XkEyXkFqcGc@.jpg,en,BILLY BLANKS,0,,
Batman,https://m.media-amazon.com/images/M/MV5BYzZmZWViM2EtNzhlMi00NzBlLWE0MWEtZDFjMjk3YjIyNTBhXkEyXkFqcGc@.jpg,tr,JACK NJICHHOLSON,MMICHAEL KEATON],,
The Silence of the Lambs,https://m.media-amazon.com/images/M/MV5BNDdhOGJhYzctYzYwZC00YmI2LWI0MjctYjg4ODdlMDExYjBlXkEyXkFqcGc@.jpg,en,ferrifyin g,fr 0 m,fh e,
Snow White and the Seven Dwarfs,https://m.media-amazon.com/images/M/MV5BMTQwMzE2Mzc4M15BMl5BanBnXkFtZTcwMTE4NTc1Nw@@.jpg,en,PRODUCTION,SnowWhite,FEATURE,
Beauty and the Beast,https://m.media-amazon.com/images/M/MV5BMTUwNjUxMTM4NV5BMl5BanBnXkFtZTgwODExMDQzMTI@.jpg,en,AND THE,McKELLEN,GuGu,
Pinocchio,https://m.media-amazon.com/images/M/MV5BN2I3NDQzZmQtODJmOS00M2QyLWIxZTItYTA1ZTYzOWJlM2ZmXkEyXkFqcGc@.jpg,it,NETFLIX,DECEMBER 9,IN SELECT THEATERS NOVEMBER,
Pretty Woman,https://m.media-amazon.com/images/M/MV5BNjk2ODQzNDYxNV5BMl5BanBnXkFtZTgwMTcyNDg4NjE@.jpg,en,JULIA ROBERTS,RICHARD GERE,"She walked oll the street,",
Window to Paris,https://m.media-amazon.com/images/M/MV5BMTliOTZkNmEtMDdmYS00ZGY1LWJhNDgtY2ZhYTE4YjQ2MjY3XkEyXkFqcGc@.jpg,en,1,8,1,
The Wild Bunch,https://m.media-amazon.com/images/M/MV5BNmFlMWJlMDEtNjFlNC00YjQ1LWI1ZTYtZDZkNDY0N2RiMDA3XkEyXkFqcGc@.jpg,en,BUNCH,A PHIL FELDMAN PRODUCTION,FROM WARNER BROS.-SEVEN ARTS,
Love and a .45,https://m.media-amazon.com/images/M/MV5BZDhhNzIwNTUtOTEzMy00OWJlLTg4NmUtZDJlZWNjMWRkYjRhXkEyXkFqcGc@.jpg,en,Eve,Things,"In The End,",
Wu kui,https://m.media-amazon.com/images/M/MV5BMjA4ODk3NzMxNF5BMl5BanBnXkFtZTcwMTUwODUyMQ@@.jpg,sw,,,,
A Great Day in Harlem,https://m.media-amazon.com/images/M/MV5BYzMyZWQxYWYtYWIzYy00ZTAwLWIyYWMtMjNlOWI5NGNiNmM2XkEyXkFqcGc@.jpg,en,Harlem,Day,AGreat,
Bye Bye Love,https://m.media-amazon.com/images/M/MV5BMGExNjM4ZjktYzNkYS00NWFmLWJiOTEtMTc0MTZlN2Q3NTUzXkEyXkFqcGc@.jpg,no,"BYE BYE, LOVE",PAUL REISER,JATTHET JODINE,
Criminals,https://m.media-amazon.com/images/M/MV5BMzQwMzQ0MjYzMV5BMl5BanBnXkFtZTgwOTIwMTEwNDI@.jpg,ca,ELGORT,HOVEL,CURT BEECH,
One Fine Day,https://m.media-amazon.com/images/M/MV5BNTRiMjllNGMtNDgxMi00ODQ5LWJlZDktOWMyYTNjODM3NWM5XkEyXkFqcGc@.jpg,de,ONE FINE DAY,CLOONEY,PFEIFFER,
Candyman Farewell to the Flesh,https://m.media-amazon.com/images/M/MV5BYmU2YjRiMDItZTRiNi00NmVjLTg1YTUtYWJjYzQ3YmU4MmFhXkEyXkFqcGc@.jpg,en,To,FRREWELL,WH E N,
Century,https://m.media-amazon.com/images/M/MV5BYmQ2MDE4M2YtNTBiYi00YWYzLTk3YWMtOTk1NWZkYWQwZWExXkEyXkFqcGc@.jpg,en,hulu,MARCH 28,hulu,
Fargo,https://m.media-amazon.com/images/M/MV5BMjMzMTIzMTUwN15BMl5BanBnXkFtZTgwNjE0NTg0MTE@.jpg,es,"Aw jeez, here we go again.",Allison Tolnan,Keith {arradine,
Homeward Bound II Lost in San Francisco,https://m.media-amazon.com/images/M/MV5BODUxMjZkN2EtMDkyMC00MmQ2LTlhYmYtZTIwODAyOTFmMGRjXkEyXkFqcGc@.jpg,en,HOMEWARD,BOUND,Disnep,
Heavy Metal,https://m.media-amazon.com/images/M/MV5BMjRkYWE1ZDUtYjg4Ny00YjAwLWJlZDQtZGU4MWE3ZmNmNjdmXkEyXkFqcGc@.jpg,fi,AND NASTIERFHAN,LOUDER,EVERI,
Hellraiser Bloodline,https://m.media-amazon.com/images/M/MV5BYWUyYjc0NjMtOWMxNy00NzRkLTkzZGItOGU4NWIyZDllMzI1XkEyXkFqcGc@.jpg,et,HELLRAISERIV,"THEMOST TERRIFYING OF ALL""""",CLIVE BARRER PRESENTS,
The Pallbearer,https://m.media-amazon.com/images/M/MV5BOWRmN2Y2NWYtOTk1OS00MTY5LWEzYTktMmQ3NzBiNWFlN2U5XkEyXkFqcGc@.jpg,en,PALLBEARER,GWYNETH PALTROW,BARBARA HERSHEY,
Jane Eyre,https://m.media-amazon.com/images/M/MV5BNjU0Mjc0NzU3NF5BMl5BanBnXkFtZTcwMTU4OTkwNA@@.jpg,de,WASIKOWSKA,FASSBENDER BELL DENCH,MICHAEL,
Loaded,https://m.media-amazon.com/images/M/MV5BMzlmODMzZDAtZWYyZS00ZTZjLWJkNzctMTcwNDA5NDBlMzgwXkEyXkFqcGc@.jpg,en,Oh my Cod. They have guns!,LAMPOONs,NATIONAL,
Bread and Chocolate,https://m.media-amazon.com/images/M/MV5BOTRkOTQ0N2UtOWY0ZS00ZDdlLTk5MzQtODBiYjExNmVmNzc2XkEyXkFqcGc@.jpg,en,NINO  MANFREDI,CIOCCOLATA,PANE,
The AristoCats,https://m.media-amazon.com/images/M/MV5BMTU1MzM0MjcxMF5BMl5BanBnXkFtZTgwODQ0MzcxMTE@.jpg,en,WALT DISNEY,THE,Technicolor,
The Flower of My Secret,https://m.media-amazon.com/images/M/MV5BYTc4NTkxZjEtYmExNi00NDhiLWIzMGItNDczMTAyZWI0OGE4XkEyXkFqcGc@.jpg,en,Secret,9f my,"sympathetic comedy of his earlier; best work:""",
Two Much,https://m.media-amazon.com/images/M/MV5BZmJiODIzNTYtYThlNS00MmUxLTgzYjgtMTIzMjU2MGM0MGMyXkEyXkFqcGc@.jpg,pl,MUCH,HANNAH,BANDERAS,
Ed,,es,,,,"{'errcode': None, 'errmsg': 'None', 'url': 'https://www.imdb.com/find/?q=Ed&s=tt', 'proxy': '', 'exception type': 'IOError', 'original exception': <HTTPError 500: 'Internal Server Error'>}"
Cerro Torre Schrei aus Stein,https://m.media-amazon.com/images/M/MV5BNzUyNmI3NGQtZjU3ZS00MTExLWIxMzYtODc4OWM3N2NiOGZjXkEyXkFqcGc@.jpg,de,STEIN,SCHREI,WERNER HERZOG,
Ma saison pr f r e,https://m.media-amazon.com/images/M/MV5BMTQ0NzE2MzA2NF5BMl5BanBnXkFtZTgwNDc3NTkwMzE@.jpg,fr,PRÉFÉRÉE,MA SAISON,,
A Modern Affair,https://m.media-amazon.com/images/M/MV5BMjE5MDM4NzM2OV5BMl5BanBnXkFtZTcwODU2OTYxMQ@@.jpg,en,modern,affair,a,
Condition Red,https://m.media-amazon.com/images/M/MV5BMjA2MzA2Nzk0MV5BMl5BanBnXkFtZTcwODAyMTgyMQ@@.jpg,en,,,,
Halfaouine Boy of the Terraces,https://m.media-amazon.com/images/M/MV5BNzk3NjEyODcyNV5BMl5BanBnXkFtZTcwMjIyMDUyMQ@@.jpg,en,ALFAOUINE,EXQUISITELY SENSUAL.,#B8,
A Thin Line Between Love and Hate,https://m.media-amazon.com/images/M/MV5BNGQ1ZDYyZTEtYWMwNS00YWE3LTk3MWUtNzgxOTU0MWQyNjdhXkEyXkFqcGc@.jpg,en,HHate,Lynn,Whitfield,
The Last Supper,https://m.media-amazon.com/images/M/MV5BMDBhYjBlYzctOTMyNC00NmMxLTk4YmMtMTU4Yjg3MzMwNjc1XkEyXkFqcGc@.jpg,en,Iast,supper,STARTING MARCH 14,
Rude,https://m.media-amazon.com/images/M/MV5BYWI3Y2RmMmItNzJmMi00ZjAxLWI5NzQtZTIyMzQ5NzJiN2NlXkEyXkFqcGc@.jpg,ro,awakening,RUDE,1,
Carried Away,https://m.media-amazon.com/images/M/MV5BZTA3ZTg4YmItNDVhYi00NzEyLWJhNjEtZjRhMDU5Zjc3ZjczXkEyXkFqcGc@.jpg,en,A story,of first loves,and last chances.,
Land and Freedom,https://m.media-amazon.com/images/M/MV5BNzZiMDNjZjUtZGJkOC00NDAwLWEwYzctMDY4YWUzMDk5ZGZkXkEyXkFqcGc@.jpg,en,9,LoAch,FILM,
Denise Calls Up,https://m.media-amazon.com/images/M/MV5BYzdhN2MwZDctZTY4Zi00MjE3LThhODItN2MzMDBhNjVjZWZlXkEyXkFqcGc@.jpg,nl,Phone,Entertaining _,"Call Waiting""",
Theodore Rex,https://m.media-amazon.com/images/M/MV5BMzQ4NGIwMjItYzhkNC00ZTI0LWI0YWMtYzgxZDE2ZWViYzRiXkEyXkFqcGc@.jpg,en,(,Whoopi Cokerg,,
A Family Thing,https://m.media-amazon.com/images/M/MV5BMWRlODQ3OGEtNTZiNC00NjFlLWEzODktYWE3YTg1YTI1NGNhXkEyXkFqcGc@.jpg,en,AFAMILY,THING,,
Frisk,https://m.media-amazon.com/images/M/MV5BY2Q2MzY4MzAtMzM3My00MWFlLTg1MGUtNDkwYWRjOTExNjc3XkEyXkFqcGc@.jpg,no,Oro,,,
Sgt. Bilko,https://m.media-amazon.com/images/M/MV5BM2NhYzI5ZjYtNTEzNS00MGQ1LTkxMTQtYTc2ZTk2NzQwMWZmXkEyXkFqcGc@.jpg,da,SGT BILKO,STEVE,MARTIN,
Jack Sarah,https://m.media-amazon.com/images/M/MV5BYWQ1NjI2Y2QtMjJkOC00YzdmLTk0MmYtMzAzMzM4MjQ5YzZiXkEyXkFqcGc@.jpg,id,jack8sarah,richard e. grant,samantha mathis,
Girl 6,https://m.media-amazon.com/images/M/MV5BNDkwNDU4ZDMtZTRhYy00ZGY4LThlMTUtNDQ2ZGE3YWQwM2U4XkEyXkFqcGc@.jpg,tr,EROMS,SI IS FOR SEK.,Madou,
Diabolique,https://m.media-amazon.com/images/M/MV5BMDg5OTRmOTgtYzk0ZC00M2E5LWFmNzItMDc5NmNlMDM0MTdmXkEyXkFqcGc@.jpg,fr,dibolques,Ies,CLOUZOT,
Little Indian Big City,https://m.media-amazon.com/images/M/MV5BNGRkYjY2ODEtZDgyMC00YTM1LWE4MjUtOTJmMGQxZDdhOWVlXkEyXkFqcGc@.jpg,en,City,The city,jungle:,
Roula,https://m.media-amazon.com/images/M/MV5BNDYzMjNmYjctOWU2My00OTYyLWIyNjctYWJjMmMwYTFhYzFlXkEyXkFqcGc@.jpg,ro,ROULA,ERNST JAcoBI,ANCa DOBRA,
Peanuts - Die Bank zahlt alles,https://m.media-amazon.com/images/M/MV5BMzE5MzY1ODQ0MV5BMl5BanBnXkFtZTcwMzY3NDgxMQ@@.jpg,de,Peanuts,,,
Nelly Monsieur Arnaud,https://m.media-amazon.com/images/M/MV5BYjM2Y2M4MmMtNTVlMy00YjAwLWE4ZDQtNGUxNjEwYjAwMjlkXkEyXkFqcGc@.jpg,fr,NELLYet Mr. ARNAUD,Jean-Hugues Anglade,Emmanuelle Béart,
Mission Impossible,https://m.media-amazon.com/images/M/MV5BZGQ5NGEyYTItMjNiMi00Y2EwLTkzOWItMjc5YjJiMjMyNTI0XkEyXkFqcGc@.jpg,fr,MISSION: IMPOSSIBLE,ToM,05.23.25,
Cold Fever,https://m.media-amazon.com/images/M/MV5BNjc0MzA5YTUtNTNlZC00MWZiLTg0YTQtNzUyNjg1NzJlODQzXkEyXkFqcGc@.jpg,en,Klka,koLdum,a,
Moll Flanders,https://m.media-amazon.com/images/M/MV5BMWM4NjRhN2ItZDAzZi00NDY4LTk5OWMtYjRlZTU1ZGIwYjg2XkEyXkFqcGc@.jpg,sv,LANDERS,FRIIMAV,,
Das Superweib,https://m.media-amazon.com/images/M/MV5BMjAzMzgxNjMzMl5BMl5BanBnXkFtZTcwNzUyNzUxMQ@@.jpg,de,DAS SU,ERWEIB,Zufällig verheiratet,
301 302,https://m.media-amazon.com/images/M/MV5BY2YxYTU4MmQtMGVmYi00OGE5LWI5ZGUtZjZiNTNmMmI3NzlmXkEyXkFqcGc@.jpg,unknown,302,30,,
Und keiner weint mir nach,https://m.media-amazon.com/images/M/MV5BMTUyNzcyOTM1Ml5BMl5BanBnXkFtZTcwMDQ0MDAyMQ@@.jpg,de,keiner,nach,Und,
My Mother s Courage,https://m.media-amazon.com/images/M/MV5BMTYzNzI0NTI3Ml5BMl5BanBnXkFtZTcwMDIyMjE0MQ@@.jpg,en,MY MOTHERS COURAGE,PAULIME cOLLINS,smart unsettling:,
Eddie,https://m.media-amazon.com/images/M/MV5BMTUxOTc5MTU1NF5BMl5BanBnXkFtZTgwODYyNTA1NzE@.jpg,cy,EAGLE,THE,HUGH JACKMAN,
Yankee Zulu,https://m.media-amazon.com/images/M/MV5BMjA2MDUyNDc4MV5BMl5BanBnXkFtZTYwNjU3MDg4.jpg,fi,YANKEE,,,
Billy s Holiday,https://m.media-amazon.com/images/M/MV5BNjk3MjBmZjItNWQ2OC00ZWVhLWFkNmUtYzNjYzg5MWRlNjk1XkEyXkFqcGc@.jpg,en,Cast,AA Meeting,In A Podcast,
Purple Noon,https://m.media-amazon.com/images/M/MV5BZjEyYWE3ZGItNDFkMy00MzBmLWFlNTEtYzQ3MDRjN2FkZGUxXkEyXkFqcGc@.jpg,af,PIEIN,1,MAURICE,
August,https://m.media-amazon.com/images/M/MV5BNzQ5ODE4NTcxNV5BMl5BanBnXkFtZTgwNjkyNDQ0MDE@.jpg,et,August OsageCounty,Margo,McGregor,
James and the Giant Peach,https://m.media-amazon.com/images/M/MV5BMmQwNDEyNjItYmExOC00MGU4LWE2MDEtOTFlZTM5MzA1OTY1XkEyXkFqcGc@.jpg,en,Jawes,and the,Pictures,
Kids in the Hall Brain Candy,https://m.media-amazon.com/images/M/MV5BOWUwODQ3ZTAtMDE5OS00YTFiLTlhMWYtZjYyMTdlYTUyYzQ4XkEyXkFqcGc@.jpg,en,inte,BRAIN,CAND,
Faithful,https://m.media-amazon.com/images/M/MV5BMTVkMjhiODQtMjlhMi00ZmU2LWE5YzItYTk5ZDNkNjgwMWZhXkEyXkFqcGc@.jpg,cy,Cher,Chazz Palminteri .,"After 20 Years of marriage,",
Underground,https://m.media-amazon.com/images/M/MV5BZGI3MGFhMTgtMDJjOC00ODU1LTlhMTQtZmYyZDQ3YWQxYjc5XkEyXkFqcGc@.jpg,de,"'ALANDMARK EVENT""","""BREATHTAKHNG""","""EXHILARATHNG""",
Lust och f  gring stor,https://m.media-amazon.com/images/M/MV5BMjVhNTBmMjctMzMyYS00ZTViLWEzZGEtYzZiMjBjMzNlODNlXkEyXkFqcGc@.jpg,sv,FÄGRING,STOR,LUST,
Bloodsport 2,https://m.media-amazon.com/images/M/MV5BYTMwZTIxYzktNzY3YS00NzBlLWFlNzgtMDliODJjZjZmM2E4XkEyXkFqcGc@.jpg,nl,,,,
Mystery Science Theater 3000 The Movie,https://m.media-amazon.com/images/M/MV5BYmIzYmZlNWMtYTVjNC00YWU5LWI1N2UtZjY2MDVjYTE0YjU0XkEyXkFqcGc@.jpg,en,ENCE,ATER,HE,
Tarantella,https://m.media-amazon.com/images/M/MV5BMTJiZDM3ODMtZDQ5OC00OTI2LTgzMzktNjg3ZmY2NWYwYjY1XkEyXkFqcGc@.jpg,it,,,,
Barbarella,https://m.media-amazon.com/images/M/MV5BMjExMzcwMjU4OV5BMl5BanBnXkFtZTgwNzYzMjU2MTE@.jpg,ca,Marcel Marceau; Special guest appearance David Hemmings &s Dildano and with Ugo Tognazzi as Mark Hand;,"published by""Le Terrain Vague"" Screenplay by",Roger,
Hostile Intentions,https://m.media-amazon.com/images/M/MV5BOWUzM2ZlZDktZGJlMi00N2ZhLThlNjYtMjE0N2MzZjVjNzJiXkEyXkFqcGc@.jpg,en,CARRERE,TIA,ARTVISION HOME VIDEO,
They Bite,https://m.media-amazon.com/images/M/MV5BNTZlNDFlZTItNDM0MC00MDM2LWIwMGMtMWY3ZGNmZTdlNGMzXkEyXkFqcGc@.jpg,en,They,They,COMINO BOONTO A THEATAE NEAA YOUI,
Some Folks Call It a Sling Blade,https://m.media-amazon.com/images/M/MV5BMTMxNzU2MDY5N15BMl5BanBnXkFtZTcwODU1MTUxMQ@@.jpg,en,SLING,BLADE,WALSH,
The Run of the Country,https://m.media-amazon.com/images/M/MV5BMjhiOGE0MDctY2FlYi00ZTUyLWE0ZTctODQ5N2ZkZTg5YjNlXkEyXkFqcGc@.jpg,en,ROofuhe,COUNTRY,the,
Alphaville,https://m.media-amazon.com/images/M/MV5BYjk3MmMwMjktMzg3NC00YmJiLTg2YjMtMGZkMDI0MzBiOTNkXkEyXkFqcGc@.jpg,fr,IUE,EDDIE CONSTANTINE,JEAN-LUC,
Coup de torchon,https://m.media-amazon.com/images/M/MV5BMTQ5NjlhNWEtMDdmZC00ZmY5LTgzNWQtYzgyNmJhYTY5NTYzXkEyXkFqcGc@.jpg,en,DE TORCHON,COUP,JEAN-PIERRE MARIELLE,
Tigrero A Film That Was Never Made,https://m.media-amazon.com/images/M/MV5BMTI0ODE4MDc0MV5BMl5BanBnXkFtZTcwMzkzNDUyMQ@@.jpg,en,TIGRERO,RARAJA,MMUKL FULLER,
Windows,https://m.media-amazon.com/images/M/MV5BMjk2ZDM4MjgtMmUwNi00ZWZhLTgzYmEtMDNmMjkyYzU5NmQ4XkEyXkFqcGc@.jpg,pl,WINDOWS,too much,"WINDOWS""'",
It s My Party,https://m.media-amazon.com/images/M/MV5BMmNkYjJmZjQtZmFiZi00ODdkLTkxMTItZjc2YmI1YTZmYzljXkEyXkFqcGc@.jpg,en,IrS IN MY,DNA,,
Country Life,https://m.media-amazon.com/images/M/MV5BMjEzNzM5MDM1Ml5BMl5BanBnXkFtZTcwMDMwMTYyMQ@@.jpg,en,Lilc,,,
Operation Dumbo Drop,https://m.media-amazon.com/images/M/MV5BOTJjM2U4MGMtNThmNi00ODAzLWE1ZGEtMzkyOWFjMzE0YzNjXkEyXkFqcGc@.jpg,en,3,big,"four tons,",
Das Versprechen,https://m.media-amazon.com/images/M/MV5BOWIwNjg0OGYtY2I2YS00ZTcyLTkxMGUtMzFkODhjNDg3MzYwXkEyXkFqcGc@.jpg,de,Er,Ein,Film,
Solo,https://m.media-amazon.com/images/M/MV5BM2M4YzdkMTEtMjUyYy00ZWY0LWI5ODQtNGRkZWQ1MzU5MWM2XkEyXkFqcGc@.jpg,it,(,2024.1 ON AIR,ing Animation,
Under the Domim Tree,https://m.media-amazon.com/images/M/MV5BZGM0Y2M3M2ItMThmMy00MDg4LTkzZGUtNGQ5YzY4Mzg3YjIyXkEyXkFqcGc@.jpg,en,ELI COHEN,OFFICIAL SELECTION,CANNES 1995,
True Crime,https://m.media-amazon.com/images/M/MV5BZTc0YmZlN2QtMTg5YS00Y2E1LTg2ZTYtNWQwMTZhZmZmYmI1XkEyXkFqcGc@.jpg,es,2,Mrue Crine,Clint Eastwood,
Butterfly Kiss,https://m.media-amazon.com/images/M/MV5BNDBhOGU5NDgtNDhhOS00NjNhLWI3NGItYzljMGM4MmRiNGI2XkEyXkFqcGc@.jpg,no,buterfh,AMANDA PLUMMER,black comedy;,
Feeling Minnesota,https://m.media-amazon.com/images/M/MV5BODBjMmYzYmItOWVkNy00YTAyLTkwM2YtMTlhNTY3Njc3YThjXkEyXkFqcGc@.jpg,af,Feeling,Vinceni,Donofio,
Delta of Venus,https://m.media-amazon.com/images/M/MV5BZWJlNWZkNmEtMjc0ZC00NWRlLThjNDAtZDdmYjUzZDJlOTcxXkEyXkFqcGc@.jpg,en,VENUS,DELTA,OF,
Angus,https://m.media-amazon.com/images/M/MV5BNzcyZmM3YWMtNzYzMC00N2NiLTgzMWUtYjIzZWEyNzZlMWFiXkEyXkFqcGc@.jpg,tl,For everyone on the outside looking in_,a r rivedł,From,
Daens,https://m.media-amazon.com/images/M/MV5BMTUxNTgzOTE1OV5BMl5BanBnXkFtZTcwNDI3MzIyMQ@@.jpg,de,Daens,,,
Faces,https://m.media-amazon.com/images/M/MV5BN2RlNThhMDEtNWI4YS00Y2MwLWIwNjItYTI1MjMxNzdlYzU1XkEyXkFqcGc@.jpg,es,@F,"Experience the graphic reallty of DEATH, close-up_",graphic,
Boys,https://m.media-amazon.com/images/M/MV5BMWJlN2U5MzItNjU4My00NTM2LWFjOWUtOWFiNjg3ZTMxZDY1XkEyXkFqcGc@.jpg,so,T,me,New Season,
The Quest,https://m.media-amazon.com/images/M/MV5BMTIzMzMyMTg1OV5BMl5BanBnXkFtZTcwNjMxNjcyMQ@@.jpg,en,LIBRARIAA,QUEST FORITHE SPEAR,SUNDAY DECEMBER 5,
Cosi,https://m.media-amazon.com/images/M/MV5BMGJhYTg4ZTUtMDlhMy00ZDk3LWI0ZTAtNmQwZGFjODhmN2MwXkEyXkFqcGc@.jpg,pt,TINTO BRASS,,,
Sunset Park,https://m.media-amazon.com/images/M/MV5BMmIxNTBiYzEtMmQ5MC00YTNjLWIzMmMtNDMyMzg4ZTc0MGVlXkEyXkFqcGc@.jpg,no,SUNISET PARK,Deep,Big Mike + Adina Howard,
Mulholland Falls,https://m.media-amazon.com/images/M/MV5BOTcwMDE3MTQ5OV5BMl5BanBnXkFtZTcwMzA0MDQ1NA@@.jpg,sv,FALLS,MULHOLLAND,MALKOVICH,
The Truth About Cats Dogs,https://m.media-amazon.com/images/M/MV5BMmZmYzFiOWQtZDkxYS00Y2NhLWI3ODktZjU2Yzk4ZDNiMzU5XkEyXkFqcGc@.jpg,en,Trith,@468,About,
Oliver Company,https://m.media-amazon.com/images/M/MV5BMTAxMzMwNzQtNGYxNC00OTgwLWI3ZTgtMDBlOTE4MGFkMGEwXkEyXkFqcGc@.jpg,en,Company,OLVER,PKCTURES,
Celtic Pride,https://m.media-amazon.com/images/M/MV5BZGQxYjg5OWItNmFmMS00MmQ0LThmMzMtMGJiMjNkZDdkMGVmXkEyXkFqcGc@.jpg,ca,Damon Wayans  Daniel Stern and Dan Aykroyd,If you cant beat 'em,steal himl,
Flipper,https://m.media-amazon.com/images/M/MV5BNWRmNzA4MmYtMThjZS00NzQ5LWI4MzItOWNlZjUxNDVmMzExXkEyXkFqcGc@.jpg,no,flipper,ELIJAH,HoGAN,
Captives,https://m.media-amazon.com/images/M/MV5BYTBiM2UzM2ItM2ZhZi00OTExLWE4M2MtMDM4MWZiNzg3ZDdlXkEyXkFqcGc@.jpg,en,JULIA ORMOND,TIM ROTH,"the unbelievable, the unimaginable,",
Of Love and Shadows,https://m.media-amazon.com/images/M/MV5BNTY3ZTE4MzctMTQ5My00ZjExLWFiNTctOWJkNTdmMmI1OGQ4XkEyXkFqcGc@.jpg,en,of LOVE and,SHADOWS,JENNIFER CONNELLY,
Dead Man,https://m.media-amazon.com/images/M/MV5BYjM4NTg0ZGYtYTY3YS00NzA5LTgzMzctZTYzZjMyMjM5NGYwXkEyXkFqcGc@.jpg,en,Hp,A Knives Out Mystery,,
The Horseman on the Roof,,en,,,,No poster for 'The Horseman on the Roof'
Switchblade Sisters,https://m.media-amazon.com/images/M/MV5BMTJlMTFkZjAtNzBhYS00NDI2LTgzNzAtNDdmNzk1ODJlN2U0XkEyXkFqcGc@.jpg,de,Sisters,9he,are comingl,
Boca a boca,https://m.media-amazon.com/images/M/MV5BNDQ4NzU2ODMtZjY0ZS00M2VjLTk5YmYtNDIzNWIzOGI0NWQ2XkEyXkFqcGc@.jpg,pt,KISSNG,GAME,N,
Les visiteurs,https://m.media-amazon.com/images/M/MV5BY2RhYjBlMTMtNTQxZS00ZDI3LWJiZTEtZDRkZGY3NmNhM2VlXkEyXkFqcGc@.jpg,fr,LsYISITEV,POIRÉ,ALAIN TERZIAN,
Multiplicity,https://m.media-amazon.com/images/M/MV5BZmE0NzY5NjgtZGNjOS00NTk4LThiMjctYTE3MzYxY2FiMzMyXkEyXkFqcGc@.jpg,ro,multiplicity,Better living through cloning.,Gcorge Fenton,
Wallace Gromit The Best of Aardman Animation,https://m.media-amazon.com/images/M/MV5BM2JiMmEwNDAtODkxNS00NjMxLWFkNzMtNGI3MDVhY2Q3ODRhXkEyXkFqcGc@.jpg,en,SISKEL,EBERT,SISK,
Paul Bowles - Halbmond,https://m.media-amazon.com/images/M/MV5BMTI0NDYyNDcwMF5BMl5BanBnXkFtZTcwMTY1OTMzMQ@@.jpg,fr,Paul Bowles,451,,
2 Friends,https://m.media-amazon.com/images/M/MV5BZTZhYzliYzktNGQxNC00YTliLWFhNzMtMDY5Y2ZmOTI4ZjNiXkEyXkFqcGc@.jpg,de,2,FRIENDS,VACATION,
The Craft,https://m.media-amazon.com/images/M/MV5BZTU4ZjkwMzctY2RmYy00OWQ5LWJhMDItM2FjZDg3ZTAzMWI1XkEyXkFqcGc@.jpg,en,CRAFT,THE,ALEXANDER GRUSZYNSKI,
The Great White Hype,https://m.media-amazon.com/images/M/MV5BZDUzZjhiMjktOTdiNi00MTliLWE1NjItMTIxZGMyY2FmZjhmXkEyXkFqcGc@.jpg,en,),"top,",only one man can be king:,
Last Dance,https://m.media-amazon.com/images/M/MV5BZDMyYWU4NzItZDY0MC00ODE2LTkyYTMtMzNkNDdmYmFhZDg0XkEyXkFqcGc@.jpg,fr,ENO,MARE,,
Cold Comfort Farm,https://m.media-amazon.com/images/M/MV5BY2U2MmQ5MjMtNjEyMC00NDE3LTkyNDEtZjI3MTA3ODliNzI4XkEyXkFqcGc@.jpg,en,(OMFORT',IFARM,JoANNA,
Institute Benjamenta or This Dream That One Calls Human Life,https://m.media-amazon.com/images/M/MV5BMTA4OTYxNjQ0NDNeQTJeQWpwZ15BbWU3MDU0MTMyMzg@.jpg,en,BENJAMENTA,cclu,INSTITVTE,
Heaven s Prisoners,https://m.media-amazon.com/images/M/MV5BY2NiNTRiYjktNDBlNS00ZGJkLTgwMmMtNmEwMTAzNzY2YzM4XkEyXkFqcGc@.jpg,en,HAICHER,IVICH,ROBERIS,
Original Gangstas,https://m.media-amazon.com/images/M/MV5BNzFiYmI2ZTYtMDE4OS00NzY4LTlhN2UtNDE3YzEzMjgxMTI5XkEyXkFqcGc@.jpg,tl,FRED WILLIAMSON,R,It's time for,
The Rock,https://m.media-amazon.com/images/M/MV5BMDhkYjRiZWEtZTE0Ny00ZjA1LThmNjgtM2UyYTQzODA4MjdhXkEyXkFqcGc@.jpg,en,3,I,Alcabraz,
Getting Away with Murder,https://m.media-amazon.com/images/M/MV5BMWRjZTU3MzctNTJiZi00ZmIwLWFjY2YtYWE5MzY5OTUzYjY4XkEyXkFqcGc@.jpg,en,J,"66""","60""",
Cemetery Man,https://m.media-amazon.com/images/M/MV5BODM0YWMxYzktZjYzNy00M2IxLWFhN2YtMGNjNjZkMGQ5ZDlhXkEyXkFqcGc@.jpg,en,GUNS AND SEX,ZOMBIES;,OH MYI,
Twister,https://m.media-amazon.com/images/M/MV5BNGVhY2JjYzgtYjAyOC00ODg0LTliYWEtMzliZWYzMjA2NjYyXkEyXkFqcGc@.jpg,de,TwisteR,From the Producers of <JURASSIC PARK? and the Director of <SPEED?,Dont breathe. Dont look back.,
Barb Wire,https://m.media-amazon.com/images/M/MV5BOTVlNGQ5YTEtNzdkZi00MzRkLTk4NGUtMGYyNTkzMjU0MmIyXkEyXkFqcGc@.jpg,de,R,,,
Le gar  u,https://m.media-amazon.com/images/M/MV5BNjQ2NjQ0ZmItZDQ5MS00YTQwLTlkNGItN2U1OTNkOTQ1OTJkXkEyXkFqcGc@.jpg,fr,LËEGARON,de NOCHE,Y,
Thinner,https://m.media-amazon.com/images/M/MV5BNWFhY2U2NWUtOWMwZC00ODMxLTgwNGEtZmE4ZDZlMDJmNThlXkEyXkFqcGc@.jpg,en,Curse,Crime:,STEPHEHKHF,
Spy Hard,https://m.media-amazon.com/images/M/MV5BOTEzMTZiMDgtMzI2MS00MzU3LWI2M2QtZWMzOTM0MTM5ZDQyXkEyXkFqcGc@.jpg,en,intelligence.,LESLIE NIELSEN,AII the action:,
Brothers in Trouble,https://m.media-amazon.com/images/M/MV5BMTI0MzM2OTU5OF5BMl5BanBnXkFtZTYwNzIxOTI5.jpg,en,Brothers,In Trouble,,
A Close Shave,https://m.media-amazon.com/images/M/MV5BM2M4ZmEzYzEtNjk0ZS00ODZkLTkxZjYtNTY4Njg2YjhhMWNkXkEyXkFqcGc@.jpg,en,aGromit,CLOSE,SHAVE,
Force of Evil,https://m.media-amazon.com/images/M/MV5BZGU2MjA3MGEtOGQxMy00NmQ4LTlmZGYtYzJiYWU4YjBmOGIwXkEyXkFqcGc@.jpg,en,EVI,Puts,PEARSON,
The Stupids,https://m.media-amazon.com/images/M/MV5BMWUwYjgwZDQtZjEwZi00OTlkLTkxYzUtMjlmMmMyMzUwYjkzXkEyXkFqcGc@.jpg,en,ZHL,They,BHRISTOPHER STONE,
The Arrival,https://m.media-amazon.com/images/M/MV5BZTRhNGFlMWUtOTZiMy00NzZiLTk4NDQtY2E1NzRlZDFkNzY1XkEyXkFqcGc@.jpg,en,T H E,RL `,facing,
The Man from Down Under,https://m.media-amazon.com/images/M/MV5BYzY1MzhiYjEtN2FlOC00Mjk1LTlkZmUtYjBhOTRkZDNmMTdkXkEyXkFqcGc@.jpg,en,CHARLES,Metrq Gjolduyn-Mayer,1;,
Dr. Strangelove or How I Learned to Stop Worrying and Love the Bomb,https://m.media-amazon.com/images/M/MV5BMjFjYzBlOTktMTI2OS00ZWVhLTgxMDUtNzAwODY2NmI3YTAzXkEyXkFqcGc@.jpg,en,=,Dr; Strangelove,A,
Careful,https://m.media-amazon.com/images/M/MV5BNTQ2NzI5MjUyNF5BMl5BanBnXkFtZTgwNjQyMTIwOTE@.jpg,ro,CAREFUL;,JONAS,LUCAS,
Gold Diggers The Secret of Bear Mountain,https://m.media-amazon.com/images/M/MV5BNzNhZmE2MWItNTcxMy00YjE4LThiNTEtYTUxYWIwOGZhNzA2XkEyXkFqcGc@.jpg,en,Diggers,Gold _,CHRISTINA RICCI,
Kim,https://m.media-amazon.com/images/M/MV5BMmIwNjQ5MzEtNTg4Zi00NWMyLThkZDktZDg0MGU4MmYzMjlhXkEyXkFqcGc@.jpg,sw,POSSIBLE,KiM,,
Carmen Miranda Bananas Is My Business,https://m.media-amazon.com/images/M/MV5BMTM4ODQyMzM5MV5BMl5BanBnXkFtZTcwNDYzMjYxMQ@@.jpg,id,Busiwess,MIRANDA,,
Dung che sai duk,https://m.media-amazon.com/images/M/MV5BMTc0NzMxMjI0MV5BMl5BanBnXkFtZTcwNzIwNzM5MQ@@.jpg,id,1,9,4,
Khomreh,https://m.media-amazon.com/images/M/MV5BYmRlYjYzYTItZWFlZi00NWJjLWIzNTUtNWM1ODk1NTU5NmY4XkEyXkFqcGc@.jpg,sk,0 JARRO,,,
Maya Lin A Strong Clear Vision,https://m.media-amazon.com/images/M/MV5BYjFlZWFjZWYtMzM4Yi00ZmZiLWJiMGEtNDA5OWE4NDZlOTQyXkEyXkFqcGc@.jpg,tl,MAYA,N,"""TWO THUMBS UP!""",
Stalingrad,https://m.media-amazon.com/images/M/MV5BODRiMjFkMmItY2IxZC00YWJmLWJlZTAtMDNhNzY0YmRiMmY4XkEyXkFqcGc@.jpg,sv,STALINGRAD,J 0 $ E P h,D,
The Phantom,https://m.media-amazon.com/images/M/MV5BNDczNzg4OTM3MV5BMl5BanBnXkFtZTcwOTQzMTEzMw@@.jpg,en,OPERA,PHANTOM,of tthe,
Striptease,https://m.media-amazon.com/images/M/MV5BZjA4N2FjZDktYzFkMi00YzMzLWIyNTctNzY5OTA3ZTQ0OTVlXkEyXkFqcGc@.jpg,ro,SIRIPTEASE,M 0  0 r e,D  e,
The Last of the High Kings,https://m.media-amazon.com/images/M/MV5BMjQ5NWZhYTUtZGI0MC00YTIzLWFiN2YtYWZlYTIxMDBjODE3XkEyXkFqcGc@.jpg,en,K,Vr,Jared LETO,
Heavy,https://m.media-amazon.com/images/M/MV5BMjRkYWE1ZDUtYjg4Ny00YjAwLWJlZDQtZGU4MWE3ZmNmNjdmXkEyXkFqcGc@.jpg,sk,LOUDER,EVER!,USA,
Jack,https://m.media-amazon.com/images/M/MV5BNGYxNzgzNTQtY2U0OC00NzU2LTgxZmYtNmZkMmVlMjgyMzM3XkEyXkFqcGc@.jpg,pl,RYAN,JACK,prime,
I Shot Andy Warhol,https://m.media-amazon.com/images/M/MV5BMmY3YjJmOTMtYWE3Yy00MzM0LTgwNmQtYzIwMjIzYzFiZGNmXkEyXkFqcGc@.jpg,en,SHOT ANDY WARHOL,get,only,
The Grass Harp,https://m.media-amazon.com/images/M/MV5BM2MyZmYyZDctOWM3OC00OGM5LTg2YmEtNWQ2ODQwZGNiYTEwXkEyXkFqcGc@.jpg,en,THE GRASS HARP,"""A FILM OF RARE DELIGHT",Outstanding classie filmmaking:,
Someone Else s America,https://m.media-amazon.com/images/M/MV5BZGUxZmRkYjMtZDFlOS00NDQ1LWE3YjItMTcyMGE5ZDg2MGZmXkEyXkFqcGc@.jpg,en,miki manojlovie,someone,tom conti,
Life Is Rosy,https://m.media-amazon.com/images/M/MV5BM2Y4MWY2NDktNWE0Zi00ODkxLTgzNjEtNTI2MjRmYTU1MWU1XkEyXkFqcGc@.jpg,en,Vie,LA,Belle,
Quartier Mozart,https://m.media-amazon.com/images/M/MV5BODliYjc1MTItNmIwNy00MDE5LWE4YmMtNTM5YzgzMzk2OWZhXkEyXkFqcGc@.jpg,de,,,,
Touki Bouki,https://m.media-amazon.com/images/M/MV5BOGE3NDU3MjEtMjQwOS00Yjc1LWJkZjctZmQ4ZTAzNWRkZjNiXkEyXkFqcGc@.jpg,fi,TOUKI BOUKI,o,,
Wend Kuuni,https://m.media-amazon.com/images/M/MV5BZjJiNjYxYzMtZjEwMi00ZTA0LThlOGUtYjg1NWM5NTBmMzRmXkEyXkFqcGc@.jpg,de,WWN) kuuN;,bdo & Bieu,,
Spirits of the Dead,https://m.media-amazon.com/images/M/MV5BYjcyYzVkZTMtZTg5My00ZjA3LThmNTctOWYwZTI1MzJlOTZkXkEyXkFqcGc@.jpg,en,2,S H 0 R T,R A M Y,
Babyfever,https://m.media-amazon.com/images/M/MV5BMjA3NTY2NjkzNl5BMl5BanBnXkFtZTcwNjUyMDQyMQ@@.jpg,da,BABYPEYER,3,Ther CLOCK,
Pharaoh s Army,https://m.media-amazon.com/images/M/MV5BMTY0NTc2ODYwOV5BMl5BanBnXkFtZTcwMDU5MzYyMQ@@.jpg,en,CHRIS COOPER   PATRICIA CLARKSON   KRIS KRISTOFFERSON,Caplure,Ihe Tragedy of Civil Mar,
Trainspotting,https://m.media-amazon.com/images/M/MV5BYmVkNGJkMzQtYWQwOS00OTZmLThjODQtZjNjNzllYzRiNTE0XkEyXkFqcGc@.jpg,en,Trainspotting,Choose a starter home. Choose dental insurance;,matching luggage: Choose your future:,
Til There Was You,https://m.media-amazon.com/images/M/MV5BNzIxZDUzNDgtMjM1YS00MTYxLWEzNTItOWY3YjUwZWM5NjViXkEyXkFqcGc@.jpg,en,TRIP Jeanne,3,at,
Independence Day,https://m.media-amazon.com/images/M/MV5BOGMwN2UwZjEtYjFjMi00ZDA1LWJlYTQtMjA1MTYxMzIyNTdiXkEyXkFqcGc@.jpg,nl,Don' t make plans for August.,The question of,has been answered.,
Stealing Beauty,https://m.media-amazon.com/images/M/MV5BOWRhYWZjNGQtNmQxOC00ZDY3LTlkOTktNzU1ZTE3MTE0YmM2XkEyXkFqcGc@.jpg,en,BERTOLUC C[,JEREMY IRONS,FRO M,
The Fan,https://m.media-amazon.com/images/M/MV5BY2U5MjM2MWEtYTU2ZC00YjkyLWE2ZTctYzI1ZDI3Y2IzNGVkXkEyXkFqcGc@.jpg,en,Fantastic4,WELCOME TO THE FAMILY,ONLY IN THEATERS JULY25,
The Hunchback of Notre Dame,https://m.media-amazon.com/images/M/MV5BY2QzMGEzNGMtMDQyNC00YTlmLWEwYjMtOGI1NWYxMTM4NjA2XkEyXkFqcGc@.jpg,en,DAE,Sisnep,ox,
The Cable Guy,https://m.media-amazon.com/images/M/MV5BZjZiODE3ZTUtYTA0Yi00YjVmLTlhYTEtMzc3MDU1YmZjMWYxXkEyXkFqcGc@.jpg,en,GUY,THE,CABLE,
Kingpin,https://m.media-amazon.com/images/M/MV5BODAzODIyMDYwMV5BMl5BanBnXkFtZTcwMTUyNTEzNA@@.jpg,tl,"FROM THE IDIOTS WHAT BRUNG YOU ""DUMB AND DUMBER""",pinheads in an,alley,
Eraser,https://m.media-amazon.com/images/M/MV5BMmNkMjg3NWMtY2RhMC00MDRlLWI4MzktNjEzNGFjYTMwYjQ3XkEyXkFqcGc@.jpg,de,5,R,R,
The Gate of Heavenly Peace.jpg,https://m.media-amazon.com/images/M/MV5BM2FkOThkNGUtNTExYS00Nzk3LTlmMjYtMDY4NGViODNmMGUyXkEyXkFqcGc@.jpg,en,HE CULT OF CULTS,MAXORIGINAL,NEW DOCUSERIES,
The Nutty Professor,https://m.media-amazon.com/images/M/MV5BMjE0NjI1YTMtYWFiZi00Zjc1LWE5NzgtMTdlMWMwOTczZWJkXkEyXkFqcGc@.jpg,en,PROFESSOR,THE,EDDIE MURPHY,
I the Worst of All,,en,,,,No poster for 'I the Worst of All'
Un t inoubliable,https://m.media-amazon.com/images/M/MV5BOGVlNGNkMGQtMTJlYS00Y2M0LWE1ODEtMTNjYzk4MTQ0M2IyXkEyXkFqcGc@.jpg,en,,,,
The Last Klezmer Leopold Kozlowski His Life and Music,https://m.media-amazon.com/images/M/MV5BMTk2NjAwNTM1Ml5BMl5BanBnXkFtZTcwNDEwNDkyMQ@@.jpg,en,Klezmer,thelast,LEOPOLD Kozlowski: HIS LIFE AND HIS MUSIC,
A Hungarian Fairy Tale,,id,,,,No poster for 'A Hungarian Fairy Tale'
En compagnie d Antonin Artaud,https://m.media-amazon.com/images/M/MV5BMTM2MjE5MTQ5MF5BMl5BanBnXkFtZTcwOTMzNzcyMQ@@.jpg,fr,oslonshingly,Frey,"""Terrific! Mesmerizing! Darkly comic",
Sibak,https://m.media-amazon.com/images/M/MV5BMTQxMzMxNzcwN15BMl5BanBnXkFtZTcwNjE3NDYxMQ@@.jpg,tl,Midnight,Dancer-,"Giamour,",
A Very Natural Thing,https://m.media-amazon.com/images/M/MV5BNGQwNDg0ODYtZTc3Ny00ODBiLWI4MDctZWQ4YzNhMzg5ZmQzXkEyXkFqcGc@.jpg,en,NATURAL,VERY,A,
The Old Lady Who Walked in the Sea,https://m.media-amazon.com/images/M/MV5BYTY2OWI1NmEtN2FmMi00ZWEwLWJlYjEtZmVmN2NiMjJmZmU5XkEyXkFqcGc@.jpg,en,Marchait,Qui,Dans,
Daylight,https://m.media-amazon.com/images/M/MV5BZTM2YTg0OWUtODc5ZC00ZGU2LWFkZGYtMDFmZGE3NzFhYjM4XkEyXkFqcGc@.jpg,en,BOULEVARD BOOK,READTHE,PG-13 PARENTS STRONGLY CAUTIONED &-,
The Frighteners,https://m.media-amazon.com/images/M/MV5BODg1MzlmMmMtYzg2Zi00N2Y5LTk2YzMtMWM5N2UxZDY1YjI3XkEyXkFqcGc@.jpg,en,THEFRIGHTENERS,DEAD YET?,R,
Harriet the Spy,https://m.media-amazon.com/images/M/MV5BNzA2M2VjMjgtYWY3Ni00MDFhLTgzMGMtZTAzYmI0ZDNkY2VhXkEyXkFqcGc@.jpg,en,spy,Your,harriet,
Phenomenon,https://m.media-amazon.com/images/M/MV5BMjAwMDA2NzEyMl5BMl5BanBnXkFtZTgwNTA2MjgxMTE@.jpg,en,PHENOMENON,JOHN TRAYOLTA,Somc,
A Time to Kill,https://m.media-amazon.com/images/M/MV5BYmNiYzY1N2ItZDZiNC00ZGMyLWJlZjktZDE1MDI3NDBlYjE5XkEyXkFqcGc@.jpg,en,AIML,SAndba,lawyer and,
Les rendez-vous de Paris,https://m.media-amazon.com/images/M/MV5BN2RjNjk4NmYtMTc4NC00MmU3LWFiYzUtNjA3NDI4OGUwMWExXkEyXkFqcGc@.jpg,fr,De,PARS,,
Alaska,https://m.media-amazon.com/images/M/MV5BYTQ3ZDRjMmYtYWIwNi00N2IyLTg1YWUtMTZiY2ZiOGMxZGMzXkEyXkFqcGc@.jpg,lv,hulu,10/18,A hulu ORIGINAL,
Fled,https://m.media-amazon.com/images/M/MV5BYjJhMjczNWItYTQ0ZS00MTI3LTlkMGUtZGVkNzFhYTQxMDNlXkEyXkFqcGc@.jpg,da,SEE HOH THEY RUN,R,Lak,
Kazaam,https://m.media-amazon.com/images/M/MV5BMzMzMWY2NjgtZjU3NS00MDA0LTlkZTEtZWE4MzFiNzRhYjE1XkEyXkFqcGc@.jpg,sw,2e,PolyGram,,
B  v  s vad sz,,hu,,,,No poster for 'B  v  s vad sz'
A Boy Called Hate,https://m.media-amazon.com/images/M/MV5BMTc4NDg5MzUxNV5BMl5BanBnXkFtZTgwMTgxMzgwMzE@.jpg,en,Hate_,callea,James Caan,
Power 98,https://m.media-amazon.com/images/M/MV5BMTA1NDAxMzQxMjBeQTJeQWpwZ15BbWU3MDM0NTkwMjE@.jpg,pl,JASON GEDRICK,ERIC ROBERTS,JENMIE GARTH,
Two Deaths,https://m.media-amazon.com/images/M/MV5BNjkxMjAwNzM3M15BMl5BanBnXkFtZTcwMDAwNDEyMQ@@.jpg,en,NICOLAS ROEG,undcrstanding,CL GAMBON,
A Very Brady Sequel,https://m.media-amazon.com/images/M/MV5BYTkxODYyYWEtNDJiYy00NjM4LTk4MzEtNDRkMzZkNGY0NjE3XkEyXkFqcGc@.jpg,en,Seque,The more everything changes,they,
Stefano Quantestorie,https://m.media-amazon.com/images/M/MV5BMjI1OTkyOTE5N15BMl5BanBnXkFtZTcwNTgyNDQzMQ@@.jpg,it,Vurcic,E,,
Death in the Garden,,en,,,,No poster for 'Death in the Garden'
The Crude Oasis,https://m.media-amazon.com/images/M/MV5BZGM2MDMzZDUtODQ1YS00MmY3LWIxZmQtYjdiZDlhZTEwNWIwXkEyXkFqcGc@.jpg,en,Somewhere between desire and destiny,lies the ultimate risk:,,
Hedd Wyn,https://m.media-amazon.com/images/M/MV5BMTI1ODU3NjI4M15BMl5BanBnXkFtZTcwNjA3ODcxMQ@@.jpg,cy,HEDD,WYN,ACADEMY AWARD NOMINEE,
Kaspar Hauser,https://m.media-amazon.com/images/M/MV5BYzBiNWVjNjEtOGJhMS00MTA0LTgzZTgtMDY2OGY5OGQzMTIyXkEyXkFqcGc@.jpg,de,KASPAR HAUGER,Werner Herzogs,und größte lebende Regis-,
Echte Kerle,https://m.media-amazon.com/images/M/MV5BMzk0MTY3OTk5MF5BMl5BanBnXkFtZTcwMjQyMTQyMQ@@.jpg,de,Gujs,,,
Diebinnen,https://m.media-amazon.com/images/M/MV5BZTIzMDI0OTQtYmUwZS00MjNhLTliNTItODIwZGRmYTI1ZGMyXkEyXkFqcGc@.jpg,de,VOLEUSES,NETFLIX,MELANE LAURENT,
The Adventures of Pinocchio,https://m.media-amazon.com/images/M/MV5BYjRhMGYyMGEtMzhiZi00OTRkLTgzNmYtMzAxYmQ0NzY2ZTE1XkEyXkFqcGc@.jpg,en,Pinocchio,The Adventures 0f,Jonathan Taylor Thomas,
The First Wives Club,https://m.media-amazon.com/images/M/MV5BODBjMzg2MTktYjhjNS00ODNjLTk3MzYtZjAyYjg2NjZiNjVjXkEyXkFqcGc@.jpg,en,Dontget mad,Goldie,ODiane,
Stonewall,https://m.media-amazon.com/images/M/MV5BMjE4MDY0Mjk0MV5BMl5BanBnXkFtZTgwMTkzMDY0NjE@.jpg,en,8,€,WHERE PRIDE BEGAN,
Ransom,https://m.media-amazon.com/images/M/MV5BMWQ0Yzg1YzItNzNmMy00ZjNmLThmODAtZjUxMjZmZDAwOTkyXkEyXkFqcGc@.jpg,sv,CANYON,RANSOM,NETFLIX,
High School High,https://m.media-amazon.com/images/M/MV5BNzA2MmIxYWUtOGRiYi00ZTVkLWE4YTQtY2MyN2I5ZmRmOTBjXkEyXkFqcGc@.jpg,en,MUSICAL,SCHOOL,,
Foxfire,https://m.media-amazon.com/images/M/MV5BMjkzYzE2NWUtOTE0Zi00ZjkwLTkwMjUtODJlZjA0ZDQ5Njg5XkEyXkFqcGc@.jpg,en,FOXfiRe,Je,Break Them All.,
Chain Reaction,https://m.media-amazon.com/images/M/MV5BZjE2NzcyYjQtODIwYy00ZDAyLWJhYTktNGI2MWU2NzQyNmJhXkEyXkFqcGc@.jpg,en,KEANU REEVES,8 - 2 - 9 6,HHII,
Matilda,https://m.media-amazon.com/images/M/MV5BYWE3ZDMzMmEtODgwNi00NzMxLThkYWItMTAzMWUyMzI1NDQ1XkEyXkFqcGc@.jpg,sv,Mdtilda,and Mara Wison,to change the world,
Emma,https://m.media-amazon.com/images/M/MV5BZDdkZjg3YWYtMjMyNS00NmM0LTk4NWItMzA0MWYxN2U0MWY5XkEyXkFqcGc@.jpg,et,MSA,ANYA,TAYLOR - J OY,
The Crow City of Angels,https://m.media-amazon.com/images/M/MV5BZWZjMjVhZDktMDAwNi00MDIzLTg3MzEtMDE2NTNmMzkwNWY1XkEyXkFqcGc@.jpg,en,0 f,Believe in the power of another,FROST,
House Arrest,https://m.media-amazon.com/images/M/MV5BOWE4MmVmMjItNDhiMS00YWIzLWI4MDctOGQ1YzFkMmY3MDRjXkEyXkFqcGc@.jpg,fr,,,,
Bordello of Blood,https://m.media-amazon.com/images/M/MV5BNzUyNDMyNmMtZWI3MC00YjAyLThkMDktNGExMzgxMjIxZDQ5XkEyXkFqcGc@.jpg,en,ANGIE EVERHART,ERIKA ELENIAK,DENNIS MILLER,
Lotto Land,https://m.media-amazon.com/images/M/MV5BMTkwMDUxMTQyNl5BMl5BanBnXkFtZTgwMzIwNDgwMzE@.jpg,it,Some Nights You Get Lucky,,,
Tian guo ni zi,https://m.media-amazon.com/images/M/MV5BMmZjZjU5NTUtOWU5ZS00NTY2LTgzYzMtMTlmOTI4YzA4MTliXkEyXkFqcGc@.jpg,sw,Day,Tne,,
Flirt,https://m.media-amazon.com/images/M/MV5BZjk5M2ViOGMtN2JmOC00YmMwLTk4NDAtYzM3ODRhNGMyZjEyXkEyXkFqcGc@.jpg,de,R,F,by,
The Big Squeeze,https://m.media-amazon.com/images/M/MV5BMjAxMDUwMjQ3OV5BMl5BanBnXkFtZTcwMTI0ODAyMQ@@.jpg,de,"and provocativel""",BOYLE,DOBSON,
The Spitfire Grill,https://m.media-amazon.com/images/M/MV5BMjQyNTVlZGMtOWIwMC00NWQ1LTk1MjgtZjNkZmRmNjRjYjZiXkEyXkFqcGc@.jpg,en,GRILL,SPITFIRE,THE,
Escape from L.A.,https://m.media-amazon.com/images/M/MV5BNzM0NjI1MjItYzYwNS00YTQzLThlOGMtMmFkZTIyN2MxNGUyXkEyXkFqcGc@.jpg,ca,ESCAPE,SNAKE,Is,
Cyclo,https://m.media-amazon.com/images/M/MV5BOTEzODEwNGEtNmQ2Ny00YjgxLTgyZjMtMmY4MWVmNDllMGYxXkEyXkFqcGc@.jpg,cy,Tran Anh Hung,Tony Leung Chlu-Wal   Le Van Loc   Tran Nu Yên Ilhê,,
Tin Cup,https://m.media-amazon.com/images/M/MV5BZmU1YzE5MWEtMzc4MS00MzQ3LWEwMzYtMDg0ZTFlMmVhMzNiXkEyXkFqcGc@.jpg,en,TIN CUUP,RUS SO,COSTNER,
Dingo,https://m.media-amazon.com/images/M/MV5BOGFkZGU5YmItNDcwZC00ZGE5LTg2ZDAtN2FjNTY1MDgyODAyXkEyXkFqcGc@.jpg,af,FRISKYDINCO,,,
The Ballad of Narayama,,en,,,,No poster for 'The Ballad of Narayama'
Un week-end sur deux,https://m.media-amazon.com/images/M/MV5BNTk2MDQ3MjU2OF5BMl5BanBnXkFtZTcwNzYzNzgxMQ@@.jpg,af,EVERY,OTHER,"""T'S A TRIUMPH!",
Wuya yu maque,https://m.media-amazon.com/images/M/MV5BYjA2ZjFkZDEtMzFlYi00Y2M5LWI5ODQtNzY3YWYxNjcxNjNkXkEyXkFqcGc@.jpg,so,,,,
Police Story 3 Supercop,https://m.media-amazon.com/images/M/MV5BMjVjYTFjMjItOGZiZS00ZjRlLThiMzUtOWVkMmE3YzE4ZGRkXkEyXkFqcGc@.jpg,en,1,1,2,
Bound,https://m.media-amazon.com/images/M/MV5BNjY0OWFmODctNmEwNy00Njc2LWFkYTAtNmI4OWIzY2ZkYjJlXkEyXkFqcGc@.jpg,de,BOUND,R,JOE,
Carpool,https://m.media-amazon.com/images/M/MV5BNjg2ZTExNGQtOThjZC00NDU0LTkwYWQtM2I4M2VmOTcxMGU4XkEyXkFqcGc@.jpg,en,TOM ARNOLD,DAVIO PAYMER,{9:,
Death in Brunswick,https://m.media-amazon.com/images/M/MV5BMjA5OTk1Nzg3MF5BMl5BanBnXkFtZTcwNTE5OTUxMQ@@.jpg,de,,,,
Kansas City,https://m.media-amazon.com/images/M/MV5BNTkyZWUxM2UtNGI4YS00YzBlLWFjNWEtNmY0MzE4ZmEzYjEzXkEyXkFqcGc@.jpg,tl,RKCHARDSON,BELAFOITE,'2000,
Lover s Knot,https://m.media-amazon.com/images/M/MV5BMjE1NjYzNjM1NV5BMl5BanBnXkFtZTYwMzQ5OTE5.jpg,en,KNOT,Jennlfer Grey,BIII Campell,
Vive L Amour,https://m.media-amazon.com/images/M/MV5BNjQ1MzNmMjctZjA1ZC00YjkzLTg2MTUtNzljYzY5MDY4M2RmXkEyXkFqcGc@.jpg,fr,Teal,,,
Shadow of Angels,https://m.media-amazon.com/images/M/MV5BZGExMjI2MjgtZDNkZi00MTNjLTk3ZTUtZTcwNGNkMDQ2YjAxXkEyXkFqcGc@.jpg,en,"STADTUND DERTOD"" von RainerWererFassbinder",Ulenn,,
Bye-Bye,https://m.media-amazon.com/images/M/MV5BNGI2ZWRhZTUtOTg0NC00ZjQ1LWI2MGQtMzBkNThmZjMxMmQ2XkEyXkFqcGc@.jpg,tr,birdiol,bye,bye,
The Relic,https://m.media-amazon.com/images/M/MV5BOTY4ZGE1ZjAtYTFiNi00Njc3LWJlNzctZDNkMDc1ZGM5MGZhXkEyXkFqcGc@.jpg,en,THE NEXT EVOLUTION IN TERROR,THE,R,
The Island of Dr. Moreau,https://m.media-amazon.com/images/M/MV5BNThmNzUwYmMtYzAzYi00NzVjLTgzZDctZGQ3NmQ0YmEwNGVlXkEyXkFqcGc@.jpg,en,THE,ISLAND,OF,
First Kid,https://m.media-amazon.com/images/M/MV5BMmJmODBiOWUtMThkZi00ZmUxLThmM2UtZWU1NzM5ZTQ1YWViXkEyXkFqcGc@.jpg,de,FIRST,KIL,@ar Disnep Pictures,
The Trigger Effect,https://m.media-amazon.com/images/M/MV5BYzBhOTQwM2EtMjRhMy00NDc5LWEzOWEtY2VkYTZhZWIxYzhlXkEyXkFqcGc@.jpg,en,ETECT,MAcLAcHLAN,MULRONEY,
Sweet Nothing,https://m.media-amazon.com/images/M/MV5BMTYxZjc1Y2QtOTJkMy00MjBmLWFhNGYtNjc5ZWUwN2I5NTRkXkEyXkFqcGc@.jpg,en,Sweet Nothihg,PAUL CALDERON,MICHAEL IMPERIOLI,
Bogus,https://m.media-amazon.com/images/M/MV5BNTY1YTZmYjMtYjMyMS00YzE0LWJjYjEtMzA4MDBhNjEwMzdlXkEyXkFqcGc@.jpg,et,BOGUS,WHOOPI GOLDBERG,thing,
Bulletproof,https://m.media-amazon.com/images/M/MV5BMjUzY2NhNTgtMTMxYS00ZjdiLWI0NTMtY2VmOTA1NmE4MjcwXkEyXkFqcGc@.jpg,af,BULLETPROOF,TOUGH COP.,HOSTILE WITNESS,
Talk of Angels,https://m.media-amazon.com/images/M/MV5BMTI1MTI5NTk4OF5BMl5BanBnXkFtZTcwNTI4NDUyMQ@@.jpg,af,TALK oF A NGELS,"""DAZZLING!""",WaikiR,
The Land Before Time III The Time of the Great Giving,https://m.media-amazon.com/images/M/MV5BMGQxMDlmZmItZjY2Ni00OTUwLTgxNWEtZGExYmNmNmE5YzcyXkEyXkFqcGc@.jpg,en,Gueat Giving,Time,The,
1-900,https://m.media-amazon.com/images/M/MV5BMTk0Mzk2OTM1MV5BMl5BanBnXkFtZTcwOTU4MDEzMQ@@.jpg,unknown,"funny,","'Intriguing,",sexy;,
Baton Rouge,https://m.media-amazon.com/images/M/MV5BYzgwM2IzYTAtMGE1MS00YWUxLTk0OWMtM2FiMDViNTFjZjJmXkEyXkFqcGc@.jpg,en,4,,,
Halloween The Curse of Michael Myers,https://m.media-amazon.com/images/M/MV5BY2YyN2U1YjctMzMyNS00YmQyLWI5ZjUtYjUwMWU0MmYxZmU1XkEyXkFqcGc@.jpg,en,HALLOWEEN,TERROR NEVER RESTS IN PEACE,THE CURSE OF MICHAEL MYERS,
Twelfth Night or What You Will,https://m.media-amazon.com/images/M/MV5BYmU4ZGI1OTctODBlMC00NzI2LWJhM2EtOGY1NzQ2ZmRhYWFmXkEyXkFqcGc@.jpg,en,"""Wittier than The Birdcage and more fun than To Wong Foo=","""",,
Mother Night,https://m.media-amazon.com/images/M/MV5BZmQyZDY1YWUtYjBmNC00NDAxLWE4NWQtODQ2ZGIzNTljZTZkXkEyXkFqcGc@.jpg,en,MOTHER,1$,M 0 $ T,
Venice Venice,https://m.media-amazon.com/images/M/MV5BOTgwODdhZTMtYTFiNy00NzI1LTkwZWEtNjI2NWZiMzFmMjJlXkEyXkFqcGc@.jpg,ro,VENICE,A,IN,
Wild Reeds,https://m.media-amazon.com/images/M/MV5BYWZhNDQ4NWQtZWVjNi00MDNiLTkyOTYtMjA1M2YyODVhNTU2XkEyXkFqcGc@.jpg,nl,WILD REEDS,~ONE OF THE YEARS TEN BEST.,WINNER FOUR CÉSAR AWARDS,
For Whom the Bell Tolls,https://m.media-amazon.com/images/M/MV5BYzgxY2QzNmYtZTU4YS00NmUyLWI3OWMtNjY4ODVhOWIxZTVmXkEyXkFqcGc@.jpg,en,COOPER,BERGMAN,GARY,
Singin in the Rain,https://m.media-amazon.com/images/M/MV5BMGQzZDFjZWUtZDU4ZS00ZjM3LTgyYmItYjA3YmIwYzRkZWY3XkEyXkFqcGc@.jpg,en,SINGIN,THE,RAIN,
An American in Paris,https://m.media-amazon.com/images/M/MV5BYWE3N2E1NDYtMzEzMC00OWFiLWJhNTUtYTJjZDdhMGY4YzI4XkEyXkFqcGc@.jpg,en,GENE KELLY,t see MG Ms,LEVANT GUETARY,
Vertigo,https://m.media-amazon.com/images/M/MV5BNzEyZTUxMWItMGVhYy00Y2NlLTljYTMtYzBmMzI1YmUyMDBkXkEyXkFqcGc@.jpg,de,JAMESSTEWART,MASTERPIECE,BASED UPON THE NOVEL'DENTRE LES MORTS' BY PIERRE BOILEAU AND THOMAS NARCEJAC MUSIC BY BERNARD HERRMANN,
Rear Window,https://m.media-amazon.com/images/M/MV5BODZhOWI1ODgtMzdiOS00YjNkLTgwOGUtYmIyZDg5ZmQwMzQ1XkEyXkFqcGc@.jpg,en,REAR,JAMES STEWART,WINDOw,
The Gay Divorcee,https://m.media-amazon.com/images/M/MV5BZGIyNzhjN2UtZjllNS00ZDg5LWFkMTgtMGJjYWYwMDQ4NDI3XkEyXkFqcGc@.jpg,en,BRADY,thE,QUEEN,
Some Like It Hot,https://m.media-amazon.com/images/M/MV5BZTllZDYyNjEtY2RmMS00NmJhLWI4ODAtMTQ0NWFiZTJhZjA0XkEyXkFqcGc@.jpg,en,HOr,SOME,JACk [EMMN,
Charade,https://m.media-amazon.com/images/M/MV5BM2FiMmFkNWItNzNmOS00MWQ3LWExNTUtZWJkOTBmNzg0ZWRjXkEyXkFqcGc@.jpg,pt,Hepburn,'Charade,Audrey,
Casablanca,https://m.media-amazon.com/images/M/MV5BNWEzN2U1YTYtYTQyMS00NTVkLWE2NGQtZWFlMmM0MDNjMmRiXkEyXkFqcGc@.jpg,es,Jonid,Paue,RAINS . VEIDT-GREENSTREET - LORRE,
Roman Holiday,https://m.media-amazon.com/images/M/MV5BNTVjNWUwZTEtZmI3OS00ODhmLWFhNTEtY2I1OTdlMjg0YTEyXkEyXkFqcGc@.jpg,so,Romanl,HOliday,AUDREY HEPBURN,
The Little Princess,https://m.media-amazon.com/images/M/MV5BYWM1NWQ2OTAtMGE1Ny00YzQwLWFhM2ItNTg2NjNkMWMzOTIwXkEyXkFqcGc@.jpg,en,PRINCESS,TEMPLE,LITLB,
Meet Me in St. Louis,https://m.media-amazon.com/images/M/MV5BNWQ3MGM3ODYtYTJhYS00MjVlLWJkMDUtYmQ4YmExYWYxOTA0XkEyXkFqcGc@.jpg,nl,Galand,ST LOUIS,MEET ME,
The Wizard of Oz,https://m.media-amazon.com/images/M/MV5BYWRmY2I0MGItYTQ0OC00NWZmLWIwMDktYjJlNDc0MzVhMmViXkEyXkFqcGc@.jpg,en,HALEY,BOLGER,MORGAN,
2001 A Space Odyssey,https://m.media-amazon.com/images/M/MV5BNjU0NDFkMTQtZWY5OS00MmZhLTg3Y2QtZmJhMzMzMWYyYjc2XkEyXkFqcGc@.jpg,en,2OO1.aspaceodyssey,adventure andexploration,Anepic dramaof,
All About Eve,https://m.media-amazon.com/images/M/MV5BOTM4ZjUzOGUtYzdlZi00ZmM5LTk5NTEtMjQxNDVmOTc5NWNlXkEyXkFqcGc@.jpg,en,all,about,(heir,
Notorious,https://m.media-amazon.com/images/M/MV5BOGU5ZjdmNzUtMGY0Ny00NjMyLWJiMDEtMmMzYmMyOTNjNzlmXkEyXkFqcGc@.jpg,en,GRANT,BERGMAN,CLAUDE RAINS,
An Affair to Remember,https://m.media-amazon.com/images/M/MV5BZGVjNGJkNmQtODJlYy00MThiLWFkNGYtMDQ3NDNhNTY3MWVlXkEyXkFqcGc@.jpg,en,DEBORAH KERR,CARY GRANT,TO REMEMBER,
To Catch a Thief,https://m.media-amazon.com/images/M/MV5BOWVjMjA1YzQtMjY4Yy00NDg1LTkwYmUtNDVlZGZiNmRhMGQ0XkEyXkFqcGc@.jpg,en,ToCATCH ATHIEF,KELLY,GRANT,
The Band Wagon,https://m.media-amazon.com/images/M/MV5BOTdjYTRlOGItNDZhZC00YTk2LWFhZWMtMzBjNjc5YjVhNWE0XkEyXkFqcGc@.jpg,en,Nagon,Band,(yd,
Ninotchka,https://m.media-amazon.com/images/M/MV5BNTllODg3NmItOTY2Yi00NDhkLWE2OWYtNmE0ZWU4NTZiYjljXkEyXkFqcGc@.jpg,sl,NINOTCHK,PRONOUNCE,douglas,
Love in the Afternoon,https://m.media-amazon.com/images/M/MV5BNmJlZWRjYjQtNzczMy00YzhjLTg0OGItYzljYTZlZmY3YjY0XkEyXkFqcGc@.jpg,en,CHEVAIER,HEPBURN,GARY COOPER,
Gigi,https://m.media-amazon.com/images/M/MV5BYTRkOGQ3YTItYmJlMy00MjhmLWFiMTMtMGIzZDZmOGU1MzgyXkEyXkFqcGc@.jpg,it,LESLIE CARON,MAURICE CHEVALIER- LOUIS JOURDAN,VINCENTE MINNELLI,
The Reluctant Debutante,https://m.media-amazon.com/images/M/MV5BMGYzYTY4ZmItMTgyNS00MTEzLThhNDYtNGNkZTBlMzdhNDAxXkEyXkFqcGc@.jpg,en,Debutante,The Reluctant,HARRISON,
The Adventures of Robin Hood,https://m.media-amazon.com/images/M/MV5BYjA3NzFjNmItYTkwZi00NmMyLWFiMDgtMzY4NjY1ODE0NTg1XkEyXkFqcGc@.jpg,en,Flyn,Robin,HOOD,
The Mark of Zorro,https://m.media-amazon.com/images/M/MV5BMTU2ODc0NzUyMl5BMl5BanBnXkFtZTgwODQ3NTA1MjE@.jpg,en,pOWER,THE MPRKOF,LINDA Darnell,
Laura,https://m.media-amazon.com/images/M/MV5BYWUyNDNhZGQtZjJkMS00OTM1LWEzNTktMjlkYjM3OGVmODhiXkEyXkFqcGc@.jpg,lt,20,TIERNEY,Dana,
The Ghost and Mrs. Muir,https://m.media-amazon.com/images/M/MV5BMmI5OTZiYTItYzJjNi00YWFjLTk3NDMtZDY1YTg3NmQ4MjM4XkEyXkFqcGc@.jpg,en,TheGhostand,Mrs Muir,GEORGE SANDERS,
Lost Horizon,https://m.media-amazon.com/images/M/MV5BNzY5MzY5YjAtMmMzNS00YTZkLWJiMjctMTM5M2I3YzdkNzg1XkEyXkFqcGc@.jpg,sl,HORIZUN,CAPRAS,RONALD,
To Be or Not to Be,https://m.media-amazon.com/images/M/MV5BMTA5OTRkZGUtNDhhOS00OThmLTgwZWYtZGZkM2M4YjZhNzc5XkEyXkFqcGc@.jpg,en,Benny,NOT t BE,T0 BE or,
Giant,https://m.media-amazon.com/images/M/MV5BYTRjYjQ4ZjktZWVkNS00YmRkLTkwMjYtOTA5ZDUxM2UzNDk1XkEyXkFqcGc@.jpg,it,THEM,THE,ALL,
East of Eden,,en,,,,No poster for 'East of Eden'
The Thin Man,https://m.media-amazon.com/images/M/MV5BOWNhZmQxMzUtZDMxYS00OWFhLWI1MjgtOTYxNmM0NWQ3M2FhXkEyXkFqcGc@.jpg,en,IN,LO),MYRNA,
Around the World in Eighty Days,https://m.media-amazon.com/images/M/MV5BYTNmOTdlYzUtMGEyOC00YzBmLWFmYzAtMTBiM2UwOWQwZGJkXkEyXkFqcGc@.jpg,en,80,Vopl),HALN,
Mr. Smith Goes to Washington,https://m.media-amazon.com/images/M/MV5BMDU4ZjNmMjEtMjcxYi00NDAxLWFlMjQtNWIyNjg5NWUzNTdjXkEyXkFqcGc@.jpg,en,HASHINGTON,THE GREATEST OF ALL CAPRA HITS,J A M & $,
Penny Serenade,https://m.media-amazon.com/images/M/MV5BN2E2NTVkOTQtOTZkZi00MzRkLTgwYTgtZjI0MzRiMjFiNDBmXkEyXkFqcGc@.jpg,id,George,DUNNE,SERENADE,
Lady of Burlesque,https://m.media-amazon.com/images/M/MV5BMDYyZjA3ZTgtOGY5OC00NmRlLTg1MDktY2UzZjJkNGEyZTIxXkEyXkFqcGc@.jpg,en,Lad,Of,MURDER!,
Of Human Bondage,https://m.media-amazon.com/images/M/MV5BNDJlNDE0NDEtOTE3Yi00MDQyLTk5NWEtNjFmNjI2NWU1MGEyXkEyXkFqcGc@.jpg,en,HOWARD,OF,BETTE,
Little Lord Fauntleroy,https://m.media-amazon.com/images/M/MV5BN2VjZWI3NGItZjI1Ni00Yjk1LTllNTktNWIyZGVkYWY5NTRjXkEyXkFqcGc@.jpg,de,Gord,CAUBREY SMITH,MICKEY ROONEY,
The Inspector General,https://m.media-amazon.com/images/M/MV5BODI5MTVkOWEtYzcwOC00ZjVjLWIxYmQtOGFlZGU1MGU5MTUzXkEyXkFqcGc@.jpg,en,Dannyl,[nspector General,DANN,
Angel and the Badman,https://m.media-amazon.com/images/M/MV5BZjc4NzhmYjQtOTMwNi00OGVlLTlhMzItMWMxNTQ3YjFmYmYxXkEyXkFqcGc@.jpg,en,PICTURE,BADMAN,REPUBLIC,
A Walk in the Sun,https://m.media-amazon.com/images/M/MV5BMmUyOTdmN2ItMTk3Yi00YzRlLTk0OTItOGFmYjgxODBkYmRjXkEyXkFqcGc@.jpg,en,THESUN,AWALKIN,MILESTUHE,
The Outlaw,https://m.media-amazon.com/images/M/MV5BMjIxNDYxMTk2MF5BMl5BanBnXkFtZTgwMjQxNjU3MTE@.jpg,en,EASTWOOD,OUTLAW,WALES,
Beat the Devil,https://m.media-amazon.com/images/M/MV5BMjA2MDUyMzcxMl5BMl5BanBnXkFtZTgwOTQzNzYzMjE@.jpg,en,BEAT THE DEVIL,BOGART-JONES:LOLLOBRIGIDA,The BOLD Adventure That BEATS Them AIL!,
Cat on a Hot Tin Roof,https://m.media-amazon.com/images/M/MV5BMTYzNjY1YjYtNDQzMi00M2JjLTgwMDEtMDc3ZWE3ZmI2NjNiXkEyXkFqcGc@.jpg,en,Cat,Hot Tin Roof,RICHARD BROOKS and JAMES POE _,
Algiers,https://m.media-amazon.com/images/M/MV5BMTY2Mjk0OGEtYTM3Yy00ZWZiLWFhNjAtNGExMjEzNGVmMDMxXkEyXkFqcGc@.jpg,af,EXTRAORDINARY,"""A MOST","[""IMPORTANT!",
A Farewell to Arms,https://m.media-amazon.com/images/M/MV5BMzM2ODc0NTY3OF5BMl5BanBnXkFtZTgwMjQwNzkzMjE@.jpg,en,A FAREWYELL,TO ARMT,HAYES,
Moonlight Murder,https://m.media-amazon.com/images/M/MV5BODZhM2ZhZmUtNWI3ZS00OTI2LThiYzEtM2RkOGFkNzA0MWQ0XkEyXkFqcGc@.jpg,af,Nasa,JULIAN SANDS,BRIGITTE NIELSEN,
Nothing Personal,https://m.media-amazon.com/images/M/MV5BMTgyODAyOTMwMV5BMl5BanBnXkFtZTcwNzAxMTIzNA@@.jpg,en,PERSONAL,OLIVE FIlMS PRESENTS,REA,
Huang jia shi jie,https://m.media-amazon.com/images/M/MV5BODIyMjNhNGUtMDlmYi00OWZkLWI2MjAtMGE0ZjMwZjA2NjU4XkEyXkFqcGc@.jpg,sw,5 #,Mado,,
Dangerous Ground,https://m.media-amazon.com/images/M/MV5BMzI5MWVkOWEtYTU3ZS00YzNmLTg1ZDctOGY0MWZhYzU5ZDA0XkEyXkFqcGc@.jpg,en,DDANIGEROUS,IDA LUPINO ROBERT RYAN,WARD BOND,
Picnic,https://m.media-amazon.com/images/M/MV5BY2NhZDViNGQtYzQ2MS00Y2M0LWI5MWMtMDVkYTAxYWI2YThlXkEyXkFqcGc@.jpg,pl,Picnie,ROSALIHD RUSSELL,UNSURPASSED!,
Madagascar Skin,https://m.media-amazon.com/images/M/MV5BMjA1NDE0MTYzNl5BMl5BanBnXkFtZTgwMzk0OTkzNjE@.jpg,so,Madagascar Skin,Love Story-With a Subversive Spark,,
The Pompatus of Love,https://m.media-amazon.com/images/M/MV5BYzQ3MGQ1YzAtZDhiZC00NDZjLWEwMGItNjRiNmJkOGFlNWI5XkEyXkFqcGc@.jpg,en,LIVE,THE,Jon Cryer   Adrian Pasdar   Mia Sara   Kristen Scott Thomas,
Small Wonders,https://m.media-amazon.com/images/M/MV5BMTY4OTkxNDg3OF5BMl5BanBnXkFtZTcwNDQwODUxMQ@@.jpg,de,SMaLL WONDERS,"""Here's The Real","Mr. Hollands Opus?""",
Bliss,https://m.media-amazon.com/images/M/MV5BMmRiZjc3NzctNDUyMi00NTc0LTgwNzktNTU1ZmJlZDEyNWFiXkEyXkFqcGc@.jpg,de,BLISS,prime video,S 0 M E T H | N G,
Grace of My Heart,https://m.media-amazon.com/images/M/MV5BZWRjZjA4MDEtZWYzYi00NDI5LTk3MjItMjEwZDRlYjFhZGNiXkEyXkFqcGc@.jpg,en,mheart,eric,1,
Schlafes Bruder,https://m.media-amazon.com/images/M/MV5BZTRiYzZkODAtNWNmYy00YmRjLTkzNGUtOTUyNmYwOTQ1ZWI4XkEyXkFqcGc@.jpg,de,,,,
Maximum Risk,https://m.media-amazon.com/images/M/MV5BOGFkYjU2NzktOWIwOS00OGQyLWJkODEtZjVkYzkwOThlMWY0XkEyXkFqcGc@.jpg,so,NAIASHA,R,,
The Rich Man s Wife,https://m.media-amazon.com/images/M/MV5BZmJhNjBjMzItODQzMi00ZGQ5LWJmM2ItMGE4N2EzNjU0MmFjXkEyXkFqcGc@.jpg,en,WIFE,THE,HALLE,
Infinity,https://m.media-amazon.com/images/M/MV5BMjMxNjY2MDU1OV5BMl5BanBnXkFtZTgwNzY1MTUwNTM@.jpg,en,INFINITY,WAR,MARVEL STUDIOS,
Big Night,https://m.media-amazon.com/images/M/MV5BMzhiODc5YzMtZDBkNC00MTk4LWIyMDItOTE4ODE2ZDYwZGU5XkEyXkFqcGc@.jpg,de,ROSSELLINI,SHALHIOTB,DRIVER,
Last Man Standing,https://m.media-amazon.com/images/M/MV5BMGI3MjdkOTgtYWM5Yi00ZTE3LWE4NTEtOGFjYjQ5ZjFhM2U2XkEyXkFqcGc@.jpg,en,Iast MANstanding,THU 1/2 FOX,trophy husband,
Caught,https://m.media-amazon.com/images/M/MV5BMDVlMTQyYTgtNjUyZS00Y2E1LTlmMTktMDJkM2E1YzFiMzQxXkEyXkFqcGc@.jpg,en,STEALING,CAUCHT,,
Set It Off,https://m.media-amazon.com/images/M/MV5BZTE3ZGQ0MWEtOTk1Mi00MjU3LWJlMTYtNjA1ODg2OTQ3MGQ4XkEyXkFqcGc@.jpg,en,Deal With This,SE,It,
2 Days in the Valley,https://m.media-amazon.com/images/M/MV5BMDY0MTFmODgtMWNjNS00MmM4LWIwODctN2MxOTNkMzc0YTFjXkEyXkFqcGc@.jpg,en,days,valley,life,
Curdled,https://m.media-amazon.com/images/M/MV5BZWU1MzQ3ZDktNmI4Yi00MTYyLWFmOGUtZGE5YmNjMTJjM2I1XkEyXkFqcGc@.jpg,cy,Somebody has to Clean up the Mess.,And You Thought,Your Job Sucked,
L associ,https://m.media-amazon.com/images/M/MV5BZmI3YWVhM2UtNDZjMC00YTIzLWI2NGUtZWIxODZkZjVmYTg1XkEyXkFqcGc@.jpg,it,LASSO,TED,7K,
Ed s Next Move,https://m.media-amazon.com/images/M/MV5BNjc2YmQ0ZjktNDViYi00MmEyLThhOTItZTJiNjY0NDZiZDE1XkEyXkFqcGc@.jpg,en,honos,heech,really good hitl,
The Glimmer Man,https://m.media-amazon.com/images/M/MV5BYTZkODA2ZjAtNDc5YS00N2ExLWEwYjEtNjRiYWM5MTA5N2UyXkEyXkFqcGc@.jpg,en,GLIMMER MAN,SEAGAL,WAYANS,
D3 The Mighty Ducks,https://m.media-amazon.com/images/M/MV5BN2E2MjAyMzktNjQxNC00NmRmLWI2MWYtNjQxN2JjMTAyZjMxXkEyXkFqcGc@.jpg,en,EMILIo ESTEUEZ,Pictures presents,On Ice and onlino at,
The Apple Dumpling Gang,https://m.media-amazon.com/images/M/MV5BYWY3NmRmMmItNDllNS00MTQ0LTk3ZDAtMjIxMzkzZjAzYmM4XkEyXkFqcGc@.jpg,en,DUMPLING,TheAPPLE,GANG,
The Love Bug,https://m.media-amazon.com/images/M/MV5BYTBiZDAwMDYtOGFhMy00Mzk3LThlZTktZTM1MzYxMWEzMDE4XkEyXkFqcGc@.jpg,en,0,shifts,himself?,
Herbie Rides Again,https://m.media-amazon.com/images/M/MV5BYjkwZjI3YTEtYmU1ZS00N2U2LWEzNmEtZDBmZTdiYjFhNWVmXkEyXkFqcGc@.jpg,de,Bug,The bove,Isback,
The Parent Trap,https://m.media-amazon.com/images/M/MV5BNTRkYmY3Y2QtMGM2Ny00MTNmLTk4NjYtNjMwNTNmMGY5ZDllXkEyXkFqcGc@.jpg,en,the,(JA <,Pictures,
Pollyanna,https://m.media-amazon.com/images/M/MV5BNjA5MDU4NmMtNTVkMi00ODQxLWJmMjgtYzJmYjY1MWNkNDc5XkEyXkFqcGc@.jpg,cy,ADOLPHE MENJOU,DONALD CRISP,NANCY OLSON,
Homeward Bound The Incredible Journey,https://m.media-amazon.com/images/M/MV5BOWQzYzgyNGEtMjFhMC00MjhlLTk2OGYtMzY4M2MyYWE5ZGI1XkEyXkFqcGc@.jpg,en,HoMEWARD BOUND,"story about courage, adventure and friendship:",THE INCREDIBLE JOURNEY,
The Shaggy Dog,https://m.media-amazon.com/images/M/MV5BNjc5Mjg5YWMtMjA2Ni00Yjk4LTk5NjQtZjAwN2I3MjIyYjdiXkEyXkFqcGc@.jpg,en,Doc,5,FUNny!,
Swiss Family Robinson,https://m.media-amazon.com/images/M/MV5BOTk3ZmNjZGMtNTExZi00NDI1LTk3YTAtMDFjM2U0OTcwYTk2XkEyXkFqcGc@.jpg,en,WALT DISNEYS,ALL!,STORY,
That Darn Cat,https://m.media-amazon.com/images/M/MV5BNTFjYjAyNGEtZjdlZS00NDZlLWE0ZjUtNzIyZTY5NTNkMDgzXkEyXkFqcGc@.jpg,en,TAT DARN CAt,Walt Disney,It takes a Siamese Secret agent,
Cool Runnings,https://m.media-amazon.com/images/M/MV5BOTUwMDdkMWMtYTE1Yy00NGZiLTliM2ItMTVlOTkxMTY1MDc3XkEyXkFqcGc@.jpg,en,K,Jamaican Olympic Bobsled Team.,Inspired by the True Story of the First,
Angels in the Outfield,https://m.media-amazon.com/images/M/MV5BNjk3NTA2ZDktMmYwOC00Y2MxLWJkN2ItZWY3ZDEyMmE2OGY5XkEyXkFqcGc@.jpg,en,OUTFIELD,ANGELS,Ya Gotta Belevel,
Cinderella,https://m.media-amazon.com/images/M/MV5BMjMxODYyODEzN15BMl5BanBnXkFtZTgwMDk4OTU0MzE@.jpg,it,(NDERELLA,MARCH 13,PG,
Winnie the Pooh and the Blustery Day,https://m.media-amazon.com/images/M/MV5BMTcxMGRkZTYtZDc3Ni00YjhlLWIxN2ItN2Q4ZWIxZjk0YTFiXkEyXkFqcGc@.jpg,en,Pooh,Winnie,the,
The Sword in the Stone,https://m.media-amazon.com/images/M/MV5BN2U1ZDI3OGMtOTU0Ni00MTAxLTgwYWEtN2QwZDI4ZTQ5MTQ0XkEyXkFqcGc@.jpg,en,tie,WALT DISNEYS,the Madcap Magicianl,
Mary Poppins,https://m.media-amazon.com/images/M/MV5BNThiNjgzMTYtZjUzMC00YTVlLTg4MDItMmFjMDIwYjg4ZDAwXkEyXkFqcGc@.jpg,tl,DICK VAN DYKE,JULIE ANDREWS,GLYNIS JoHNs,
Dumbo,https://m.media-amazon.com/images/M/MV5BNjMxMDE0MDI1Ml5BMl5BanBnXkFtZTgwMzExNTU3NjM@.jpg,af,MBO,E,FARRELL,
Pete s Dragon,https://m.media-amazon.com/images/M/MV5BMjBiYTdjZDUtYjg3ZS00YTA0LTkzZGUtMzA2OWEyOGZiN2VhXkEyXkFqcGc@.jpg,en,PETES DRAGON,Disnep,Some Secrets Are Too Big To Keep.,
Bedknobs and Broomsticks,https://m.media-amazon.com/images/M/MV5BMTUxMTY3MTE5OF5BMl5BanBnXkFtZTgwNTQ0ODgxMzE@.jpg,en,WALT DISNEY,McDOwALL;,JAFFE . Jomn ERICSON,
Alice in Wonderland,https://m.media-amazon.com/images/M/MV5BYjgxMTQ3NjMtOTI1Yy00Yzg4LWJlNWQtMjFkNjVlYjU0OWIyXkEyXkFqcGc@.jpg,nl,JoHnnyDEPP,IN,"IN DISNEY DIGITAL 3D, reaLD",
The Fox and the Hound,https://m.media-amazon.com/images/M/MV5BY2IxMDIxZTAtMjEyMS00MzY3LTkyM2EtNTVlNTZmMjI1OTRlXkEyXkFqcGc@.jpg,en,Hound,Walt Disney,'Supposed to be enemies.,
Freeway,https://m.media-amazon.com/images/M/MV5BOTliYjdlMTctMjgxZC00MDExLThhODktZjk3NGI4ZDE3YjEyXkEyXkFqcGc@.jpg,en,FREEWAY,"""TWO THUMBS","UP""",
The Sound of Music,https://m.media-amazon.com/images/M/MV5BYWJhYmU4MjQtZDJhYi00ZGVjLTlkNTEtNzkzNGVjOWQ3MjcwXkEyXkFqcGc@.jpg,en,6,PLUMMER,ANDREWS,
Die Hard,https://m.media-amazon.com/images/M/MV5BMGNlYmM1NmQtYWExMS00NmRjLTg5ZmEtMmYyYzJkMzljYWMxXkEyXkFqcGc@.jpg,af,HARD,DIE,1,
The Lawnmower Man,https://m.media-amazon.com/images/M/MV5BM2JlNzVmN2QtM2IwYS00ZjVmLWI4NDMtYTU4MmEzMzRmYzNkXkEyXkFqcGc@.jpg,en,JAWNMOWERMAN,PIERCE BROSNAN,JEFF FAHEY,
Unhook the Stars,https://m.media-amazon.com/images/M/MV5BNzJmYmJmNTUtOWIzNy00ZWU1LTg3ODktZjc2Zjc5ZDI1M2Q2XkEyXkFqcGc@.jpg,en,UNHOOK,(larisa,ROWLANDS,
Synthetic Pleasures,https://m.media-amazon.com/images/M/MV5BNjlkMTI4NjQtNjg1MS00ZGViLThjZGItM2RmYmVjMTc3ZTFkXkEyXkFqcGc@.jpg,en,sypthetis,5,leary,
The Secret Agent,https://m.media-amazon.com/images/M/MV5BZjlkZWQ2YjAtOTZjNi00MmY1LTlkMDMtYTUxODU5Y2Y0MDY4XkEyXkFqcGc@.jpg,en,AGENTE  SECRETO,WAGNER MOURA,UM FILME DE KLEBER MENDONCA FILHO,
That Thing You Do,https://m.media-amazon.com/images/M/MV5BYTk4MmU0NTMtYzFiYi00NWRiLTkzYWEtNWM2Mzk5YTMwNThjXkEyXkFqcGc@.jpg,en,thing,JOu,dol,
Surviving Picasso,https://m.media-amazon.com/images/M/MV5BMjQ1MWVkMjktN2YxMi00OWE0LWE2ZDItZTQ4MzY3ZDRhMzUyXkEyXkFqcGc@.jpg,en,NCASSO,A N T H 0 N Y,rival hi: passion,
Love Is All There Is,https://m.media-amazon.com/images/M/MV5BMjA1ODEyMTg3M15BMl5BanBnXkFtZTcwNzgzNzA2NA@@.jpg,en,Therels,Love,Find,
Beautiful Thing,https://m.media-amazon.com/images/M/MV5BYmQ3YWZkMGEtN2E3MC00ZGRjLWI3ZTMtY2YwYTQwZGM1ZjNhXkEyXkFqcGc@.jpg,en,BEAUTIFUL THING,"""One Of The Most Exciting Film Finds Of The",Refreshingly Spunky And,
The Long Kiss Goodnight,https://m.media-amazon.com/images/M/MV5BZjJmNzZjODktNmNhMy00NDZiLWIwNGUtM2NjYWNhZWU4YTY1XkEyXkFqcGc@.jpg,en,Whats forgotton I8,CRAIG BIERKO BRIAN COX,DAVID MORSE,
Trees Lounge,https://m.media-amazon.com/images/M/MV5BZDI2Yjk0MDMtMDQ5OC00N2M4LWJkZWUtYjlkNWY2NDFhYjVmXkEyXkFqcGc@.jpg,en,Louuse,MARK BOONE JuniOR,Eszter BALINT,
The Proprietor,https://m.media-amazon.com/images/M/MV5BOTRkMGRjM2UtZDlhMS00OWNhLWFhYzktNTlhNzg5OWVhMTJhXkEyXkFqcGc@.jpg,en,Ihe,haunting mesmerizing masterpiece,"enthralling, riveting 10.",
Normal Life,https://m.media-amazon.com/images/M/MV5BZTc4YTRhNWItZGI0Mi00ZDczLTg2OTctMDI0ZTk3ZGFjMDYzXkEyXkFqcGc@.jpg,en,"Their Addiction,",Crime Was,AND,
Get on the Bus,https://m.media-amazon.com/images/M/MV5BMjI5NWYxOWYtNTI4NC00ZTI5LWE1N2UtMDY1YTk0NjBlOGZiXkEyXkFqcGc@.jpg,en,GET,TKE,WASHINGTON D.C.,
Jude,https://m.media-amazon.com/images/M/MV5BOTU4NTc3NDUtMjI5ZS00MGMwLWFhMDQtODcwMmUwOGEyZjYwXkEyXkFqcGc@.jpg,de,JuDE,WINSLET,CHRISTOPHER,
Everyone Says I Love You,https://m.media-amazon.com/images/M/MV5BZTVlNmFjNTItNjljOC00ZTkwLTk1ZGUtYmIzN2QwNThhM2E1XkEyXkFqcGc@.jpg,en,EWRYONE,SAYS,ILOVE,
Romeo Juliet,https://m.media-amazon.com/images/M/MV5BZjBhYjkxN2EtNDc1Yy00NTViLTkxMjQtMDYxMzM0MzA3NGQ4XkEyXkFqcGc@.jpg,ro,(LAHRE DANES,(om IN THEATRES NOVEMBER,from my only hate-,
Swingers,https://m.media-amazon.com/images/M/MV5BMWMyNzc3NGEtMzdlMy00OGFjLWIwN2ItYmUxNmVhN2Y0ODYyXkEyXkFqcGc@.jpg,af,6,F,E,
Sleepers,https://m.media-amazon.com/images/M/MV5BMjBhMWRmZTAtOGRlNC00YWYxLTlmZWUtYTY4YThlZGNhYmM2XkEyXkFqcGc@.jpg,nl,S LEEPERS,PATRIC,HOFFMAN,
The Sunchaser,https://m.media-amazon.com/images/M/MV5BYTdkODA1MWQtNGYzZC00NTg2LTg2OTMtNjcxYWM1ZjBkOTc4XkEyXkFqcGc@.jpg,en,S U,Less:,,
Johns,https://m.media-amazon.com/images/M/MV5BYTgxNTFlZmQtMThjNi00MzU4LWE3YmMtMjZmNjJhMjRkMTM2XkEyXkFqcGc@.jpg,de,Arqattz,Sce#,Avd,
Five Angles on Murder,https://m.media-amazon.com/images/M/MV5BZjkwZWI4NDktOGY4Zi00YjJmLTk5ZWQtYzJhOGRhYzY5ZmI0XkEyXkFqcGc@.jpg,de,Angles on,Murder,ive,
Shall We Dance,https://m.media-amazon.com/images/M/MV5BMTcwODUwMTMxN15BMl5BanBnXkFtZTcwNzc3MjcyMQ@@.jpg,en,ShallweDance?,Anew comedly about following your own lead,Richard Gere,
A Damsel in Distress,https://m.media-amazon.com/images/M/MV5BNzFiOWYwMjYtMmQ1OS00MTkxLWI3ZDQtNTVjNjA2NDUzNGNmXkEyXkFqcGc@.jpg,de,JOAN FONTAINE,NOBLE,,
Murder My Sweet,https://m.media-amazon.com/images/M/MV5BMTQ0NzM2NzctYjI1Yi00NWEzLWFhNTYtYjFkN2QwZGRkNDlhXkEyXkFqcGc@.jpg,af,POWELL,TREVOR,SHIRLEY,
Macao,https://m.media-amazon.com/images/M/MV5BODIyN2I3MWEtYmM4YS00Y2NiLTkxZGQtYjNiZTlmNWZjOGM1XkEyXkFqcGc@.jpg,sw,(,ROBERT MITCHUM-JANE RUSSELL,WILLIAM BENDIX,
For the Moment,https://m.media-amazon.com/images/M/MV5BMTI3OTMzMTgzOF5BMl5BanBnXkFtZTcwNDg3MjUyMQ@@.jpg,en,MOMENT,~FOR THE,RUSSELL CROWE,
La vie sexuelle des Belges 1950-1978,https://m.media-amazon.com/images/M/MV5BMTMxMTAxMDA1N15BMl5BanBnXkFtZTcwMzMxMjA0MQ@@.jpg,fr,DES BELGES,LA VIE SEXUELLE,,
The Innocents,https://m.media-amazon.com/images/M/MV5BZmFiM2JlMzItMWYwMy00NzJiLTk4ZmMtMWU4NTMzMjNlMzhiXkEyXkFqcGc@.jpg,en,INNOCENTS,THE,,
Sleeper,https://m.media-amazon.com/images/M/MV5BZGVhZWIwZTQtZGVjMS00MzZkLWEzNWMtMDVmNDU5NmRmNTY1XkEyXkFqcGc@.jpg,nl,"""Sleeper",cAllen,Wôody,
Bananas,,tl,,,,No poster for 'Bananas'
A Fish Called Wanda,https://m.media-amazon.com/images/M/MV5BNjFhZDg1ZmEtYmI0Ny00MjM3LWIxNzItMzU1MzczZTljMTkxXkEyXkFqcGc@.jpg,en,Wanda,A Fish Called,JOHN,
Life of Brian,https://m.media-amazon.com/images/M/MV5BNDMzY2E4NjEtMTJiZC00Y2UzLWFiM2MtZWVhNTg5OGQxNjk1XkEyXkFqcGc@.jpg,en,A,R,Iove,
The Great Race,https://m.media-amazon.com/images/M/MV5BNmQwOWFlZjgtY2QwZS00OWZkLWI0YTEtOTMzMjBhNjExZTlkXkEyXkFqcGc@.jpg,en,Tony Curtis Jack Lemmon,The greatest comedy 0f all time?,NatalieWood,
The Old Man and the Sea,https://m.media-amazon.com/images/M/MV5BMzI0NWRkMTMtMWY3NS00MDMwLWFiMzItMWRiMDk0MDcyOGZlXkEyXkFqcGc@.jpg,en,TRACY,Hemingways,884,
Dial M for Murder,https://m.media-amazon.com/images/M/MV5BZmYzNDgzYjgtNmU3Ny00YzUxLWE3OWUtMjIxZmNkYTVhNDZmXkEyXkFqcGc@.jpg,da,Murder,dial,M,
Madame Butterfly,https://m.media-amazon.com/images/M/MV5BZTA0NTZhOTUtYjZlMC00NjZjLWE4OWQtM2RmZjc0YTcwY2FjXkEyXkFqcGc@.jpg,no,Madame,MARTIN SCORSESE,PRESENTS,
Dirty Dancing,https://m.media-amazon.com/images/M/MV5BZmIwZjA1NzUtNTA0OS00OWMyLWE5MzctM2RjOWYxZjQyZDdmXkEyXkFqcGc@.jpg,en,S W A Y Z E,2,Choreography KENNY ORTEGA,
Basic Instinct,https://m.media-amazon.com/images/M/MV5BZWYwYmQzYTctMjg5Ni00NWZkLWI5NzItZGFjMDM2NDkyNGZlXkEyXkFqcGc@.jpg,en,ERHOEVEU,SIIHCT,,
The Crying Game,https://m.media-amazon.com/images/M/MV5BY2NlZjJlODgtNDQ1ZC00YjcxLTgxMjAtODNmYmQ5MTRhOTNkXkEyXkFqcGc@.jpg,en,playitatyour ownrisk,R,1,
E.T. the Extra-Terrestrial,https://m.media-amazon.com/images/M/MV5BYTNhNmY0YWMtMTczYi00MTA0LThhMmUtMTIxYzE0Y2QwMzRlXkEyXkFqcGc@.jpg,en,MUSIC BY JOHN WILLIAMS,THEExTRA-TERRESTRIAL,DEE WALLACE,
A Christmas Carol,https://m.media-amazon.com/images/M/MV5BMTM1MTI5ODU4MV5BMl5BanBnXkFtZTcwNTYyNTU4Mg@@.jpg,en,A,NOVEMBER 6,VROBERT ZEMECKIS,
Days of Thunder,https://m.media-amazon.com/images/M/MV5BNjM0NjgwYjAtMjQ3Mi00NDY1LTgwMDktZGJkOGRkMTBkMDA2XkEyXkFqcGc@.jpg,en,You CANT,OUTRUN,PARAMOUNT PICTURES PRESENTS,
Top Gun,https://m.media-amazon.com/images/M/MV5BMDBkZDNjMWEtOTdmMi00NmExLTg5MmMtNTFlYTJlNWY5YTdmXkEyXkFqcGc@.jpg,en,OPGUN,@NLY IN THEATRES,MAY 27,
American Strays,https://m.media-amazon.com/images/M/MV5BNTBkOTU4NDctMTk2Yy00Y2E4LTg2MmYtYTVhNDJmYWRlOWFhXkEyXkFqcGc@.jpg,en,ROBERTS,PERRY,KANE,
Rebel Without a Cause,https://m.media-amazon.com/images/M/MV5BY2QzZWUzODQtODUyZi00NDBlLTgzMGEtY2UzNmZhYzI0MTEyXkEyXkFqcGc@.jpg,en,JAMES,DEAN,challenging,
A Streetcar Named Desire,https://m.media-amazon.com/images/M/MV5BNTdmZDY1ODQtNzFjYy00MGM4LWJmNDItN2MxMmQ2OTgxZGNmXkEyXkFqcGc@.jpg,en,A Streetcar,"Named Desire""""",OHARLES K FELDMAN,
Children of the Corn The Gathering,https://m.media-amazon.com/images/M/MV5BOTk5YmJmMzEtYzhkYS00MjIyLTlmMGEtMTNlNmEwYjBiNjIwXkEyXkFqcGc@.jpg,en,CHILDREN,CQRN,IV,
Charms Zwischenf  lle,https://m.media-amazon.com/images/M/MV5BMTg5OTgzODQ1M15BMl5BanBnXkFtZTcwMTQ5NDA4MQ@@.jpg,de,Charms,Zwischenfälle,Woligang Hubsch,
Bird of Prey,https://m.media-amazon.com/images/M/MV5BMjE2Mzk5OTIwMF5BMl5BanBnXkFtZTgwNTUwMzgwMzE@.jpg,en,Lesley Ann,Tilly,Lenny Von,
Microcosmos,https://m.media-amazon.com/images/M/MV5BNGMwODhiY2MtZDY3OC00N2ZkLWIwM2MtOGU1ZDg1Njk4NmZkXkEyXkFqcGc@.jpg,pt,MKROCosmos,ITS JURASSIC PARK,IN YOUR OWN BACK YARD.,
Palookaville,https://m.media-amazon.com/images/M/MV5BMDUyYTdhOGItYmI0MS00NThjLWEyYmYtZDNlYmQ0MjlhODk3XkEyXkFqcGc@.jpg,et,THE,DeRosa,IN,
The Associate,https://m.media-amazon.com/images/M/MV5BZDVmMzJkOWUtMjdjMi00NzA4LTgxMTItYjA4NjVjZDI0ZWU1XkEyXkFqcGc@.jpg,en,MOBLAND,Garamount+,BRUSNAN,
The Funeral,https://m.media-amazon.com/images/M/MV5BNzA0ZjcyODEtMjMzNi00NWQzLWJlNDItOTdkNjQzNTc5NDIxXkEyXkFqcGc@.jpg,en,3,W,V,
Sleepover,https://m.media-amazon.com/images/M/MV5BMTA4ODg1OTk2MjJeQTJeQWpwZ15BbWU3MDc4MzIyNzQ@.jpg,sl,sleepoler,"0,",Friends,
La fille seule,https://m.media-amazon.com/images/M/MV5BZjc1ZTg2ZWItMTY0ZS00ODNlLWEyMzItMWIyYzA5YTI2ODc2XkEyXkFqcGc@.jpg,fr,seule,fille,la,
The Eighth Day,https://m.media-amazon.com/images/M/MV5BOTZlNzVlYjYtZTNlZS00ZjA3LTk1NDUtODdmYzRlMmExNDc2XkEyXkFqcGc@.jpg,en,EIGHTH,THE,Pascal Duquenne,
North Star,https://m.media-amazon.com/images/M/MV5BZjAxY2VkMTctMWU2Yy00YTFmLWFmMTAtZjNmZTdmYTgzY2VmXkEyXkFqcGc@.jpg,en,,,,
Drunks,https://m.media-amazon.com/images/M/MV5BNzc3ODE3MTgtYjgxZS00MWE2LThlMDMtYWVlOTA2MjlkNWU2XkEyXkFqcGc@.jpg,de,Faye,Gravity,Posey,
The People vs. Larry Flynt,https://m.media-amazon.com/images/M/MV5BNDU2ZTYxMDItNzRjNy00YWNkLTg1YTAtYmZlYTQxMzA3NjFmXkEyXkFqcGc@.jpg,en,The People vs,Flyut,to give up his right to do it?,
Plutonium Circus,https://m.media-amazon.com/images/M/MV5BMTc5MDAwNDE5N15BMl5BanBnXkFtZTcwNjEwMDcxMQ@@.jpg,ro,1,8,8,
A Perfect Candidate,https://m.media-amazon.com/images/M/MV5BMTMzMjgyMjI2N15BMl5BanBnXkFtZTcwMzg1NTUyMQ@@.jpg,en,CANDIDATE,A,voting,
On Golden Pond,https://m.media-amazon.com/images/M/MV5BZmI3OGQ0YjQtZjNkYi00NmEzLWE5NjMtMTdkYjA4YTdiYzBiXkEyXkFqcGc@.jpg,nl,when love is at its fullest.,when life is at its finest.,BRUCE GILBERT,
The Return of the Pink Panther,https://m.media-amazon.com/images/M/MV5BZTFkNDljYjgtZmQ3NS00MDkxLTk3OGItNzZlZTgxZTAzN2JlXkEyXkFqcGc@.jpg,en,CHRISTOPHER PLUMMER,PETER SELLERS,CATHERINE SCHELL,
The Abyss,https://m.media-amazon.com/images/M/MV5BMGRkNzJlNjgtZmUwYS00Y2U3LTljZDctMTQxYWIxOWVjMzNjXkEyXkFqcGc@.jpg,en,ALIENS,THE,TERMINATOR,
Escape from New York,https://m.media-amazon.com/images/M/MV5BMTUzMTY0Nzg0MV5BMl5BanBnXkFtZTgwMDU3MzQxMDE@.jpg,en,Now,cly,JOE,
The Howling,https://m.media-amazon.com/images/M/MV5BM2RhZWNhZWYtOTVkZS00N2Q4LTk3MmQtNDI1YTVjZmY3NmRjXkEyXkFqcGc@.jpg,en,reality:,The fright begins this fall,a,
Jean de Florette,https://m.media-amazon.com/images/M/MV5BZjliZjBkNTEtODcyOS00ZGFlLWFmMTAtMTBmOTJkNmQ4MDgwXkEyXkFqcGc@.jpg,fr,JEANde FLORETTE,GERARD DEPARDIEU,DANIEL AUTEUIL,
Manon of the Spring,https://m.media-amazon.com/images/M/MV5BYTQwZWUyNTgtYTU5My00YjdiLTg5NGQtN2JhMjE4MzY4NjAzXkEyXkFqcGc@.jpg,en,MANON,SPRING,OF THE,
Talking About Sex,https://m.media-amazon.com/images/M/MV5BNWYwZTQyMzEtMjAwNi00NGRiLWJkMzItZDA4ZDkxODRiYzA5XkEyXkFqcGc@.jpg,en,Sex,BREEZY,KIM WAYANS,
Johnny One Hundred Pesos,https://m.media-amazon.com/images/M/MV5BMTI0MDMwODg5N15BMl5BanBnXkFtZTcwNzgyOTUxMQ@@.jpg,en,OHNNY,100 PESOS=,,
Private Benjamin,https://m.media-amazon.com/images/M/MV5BMjIyNjkxMjUyMF5BMl5BanBnXkFtZTgwMzU0MjEyMDE@.jpg,hr,IINJAMIN,until Judy Benjamin joined it.,The Army was no laughing matter,
Hustler White,https://m.media-amazon.com/images/M/MV5BMTI0MTA5NzUyNF5BMl5BanBnXkFtZTcwMTk1MzMyMQ@@.jpg,de,HUSILER,TE,R FILM BY,
Dadetown,https://m.media-amazon.com/images/M/MV5BZmIwZjdmNDctMGVlOS00MjA3LTkzNTktYWRlYmI2ZjM0N2MyXkEyXkFqcGc@.jpg,pl,DADETOW N,Big,A Film With A,
Everything Relative,https://m.media-amazon.com/images/M/MV5BMTc1Mjc2MzExMV5BMl5BanBnXkFtZTcwNzEyMTUyMQ@@.jpg,en,evergtthing,relative,18,
Entertaining Angels The Dorothy Day Story,https://m.media-amazon.com/images/M/MV5BMTU5Nzc5MTYyNl5BMl5BanBnXkFtZTcwMDkwMTQyMQ@@.jpg,en,ANGELS,ENTERTAINING,,
Three Lives and Only One Death,https://m.media-amazon.com/images/M/MV5BZGMzNDMwMDUtMDJiZS00MTNjLWE2ZDktOGNkZDBkY2Y1MDc2XkEyXkFqcGc@.jpg,en,Marcello Mastroianni,film de Raoul Ruiz,En (ompetition,
The Line King The Al Hirschfeld Story,https://m.media-amazon.com/images/M/MV5BMjE5MTMwMDY5NV5BMl5BanBnXkFtZTcwMDMwOTUyMQ@@.jpg,en,LiNE,KING,THE,
Snowriders,https://m.media-amazon.com/images/M/MV5BNjM0MzY3NjU2MF5BMl5BanBnXkFtZTcwMzU5MTEyMQ@@.jpg,en,Snowriders,Hot Music,,
Curtis s Charm,https://m.media-amazon.com/images/M/MV5BOTJiYjJiOWQtOTE5Ny00OTE3LTlhYjktYTQ2NWY5ZmFhMmY1XkEyXkFqcGc@.jpg,en,C HAR M,By Jim CARROLL,DISTILLATION ROCKS THE JOINTI,
When We Were Kings,https://m.media-amazon.com/images/M/MV5BMTQ4NjU3MzI3NF5BMl5BanBnXkFtZTgwMjYyODU3MDI@.jpg,de,KINGS,WERE,WHEN,
The Wrong Trousers,https://m.media-amazon.com/images/M/MV5BZGI0ZjU1ZmUtZmRlZC00Yjg3LWI1MjktM2YwYmU1NGNiYzU0XkEyXkFqcGc@.jpg,en,Gromit,WRONG,THE,
JLG JLG - autoportrait de d cembre,https://m.media-amazon.com/images/M/MV5BOTYwZjA2OTgtOGEwZC00M2VkLTllZTUtYmU5YzIyMWFlNTc5XkEyXkFqcGc@.jpg,fr,d,Kozo,Pierre Aloin Besse,
Faust,https://m.media-amazon.com/images/M/MV5BNDRjZDMwMGItOGY1MS00YmExLWI3N2ItNjk5MTA2N2QxMTI0XkEyXkFqcGc@.jpg,de,HAUPTDARSTEMIL,JANNINGSIGOESTA,REGIE;,
He Walked by Night,https://m.media-amazon.com/images/M/MV5BZjUyYTU1MmEtNTM1Mi00NjgzLWIyZDQtOTBjZDhhNTQ4NDE0XkEyXkFqcGc@.jpg,en,By,Night,Walked,
Raw Deal,https://m.media-amazon.com/images/M/MV5BYTA4NDFlZmYtNTU4Mi00NDdiLTg2NTEtNDhlNjkxNWMxYzg5XkEyXkFqcGc@.jpg,en,SCHWARZENFACER,(gives,Baw Doal,
Zaproszenie,https://m.media-amazon.com/images/M/MV5BMTkzODMwNDkzOF5BMl5BanBnXkFtZTgwNDA4NzA1ODE@.jpg,pl,Invitation,shocking thriller all year:,Village Voice,
I bambini ci guardano,https://m.media-amazon.com/images/M/MV5BYzE3OTg2MmYtNmNkMy00ZDNmLTlkNDgtMjM5MzgyYWY4OWZkXkEyXkFqcGc@.jpg,id,0,"""PRICO'",(.G.VIOLA,
Pastoral Symphony,https://m.media-amazon.com/images/M/MV5BMGRjOWRjMjAtNGE0My00NjI4LTkxYjktOThhNjczY2Q2OGE5XkEyXkFqcGc@.jpg,en,PASTORALE,SYMPHONIE,UN FILM DE JEAN DELANNOY,
Six of a Kind,https://m.media-amazon.com/images/M/MV5BMTY5NzQ5MjU0NV5BMl5BanBnXkFtZTgwMzIyMzQwMjE@.jpg,en,KIND,SIX,CHARLIE RUGGLES,
The Ruling Class,https://m.media-amazon.com/images/M/MV5BMGRjNjJhMTYtMjQyOS00MDFhLTgzMTktYmNmNjNmYTQwYTg2XkEyXkFqcGc@.jpg,en,RULING CLASS,THE,PETER O TOOLE,
Mina Tannenbaum,https://m.media-amazon.com/images/M/MV5BMTgzOTMxNTc3NV5BMl5BanBnXkFtZTcwOTE5MjcxMQ@@.jpg,de,mina,tannenbaum,EXTRAORDINARY:,
2 ou 3 choses que je sais d elle,https://m.media-amazon.com/images/M/MV5BNjZmY2Y2NmEtMjE3NS00Y2I1LWFmNjAtZGNkNDVjNWQyNjQ5XkEyXkFqcGc@.jpg,fr,que je sais delle,ans,deux ou trois choses,
The Bloody Child,https://m.media-amazon.com/images/M/MV5BMTQ4OTI1MTMwN15BMl5BanBnXkFtZTcwNTQ3MjUzMQ@@.jpg,en,FAcETS,Officlal Selection,,
Dear God,https://m.media-amazon.com/images/M/MV5BNmVlMTMzMmUtMDUzNi00ZTgwLWFiZmQtOGM0NTZlMTc1YTZiXkEyXkFqcGc@.jpg,cy,Somebody is answering,Many people write to God.,NOVEMBER 1,
Bad Moon,https://m.media-amazon.com/images/M/MV5BYjBkYzY5MzMtYmFlNS00NGVlLWFjMGEtYjZiMzdjNzRhZGI5XkEyXkFqcGc@.jpg,so,Half wolf:,Half man.,Total terror,
American Dream,https://m.media-amazon.com/images/M/MV5BMDA0OTliZGEtZGUxMy00ZWVhLWJmZDYtOTg0OTRlYTNlMjVhXkEyXkFqcGc@.jpg,en,A N,M,D,
Best of the Best 3 No Turning Back,https://m.media-amazon.com/images/M/MV5BMTA3Mjc1ZDEtOWFmMy00YzI5LTk4MzgtZWEyZGJkYjYwM2E5XkEyXkFqcGc@.jpg,en,BEST3,BEST,OF,
Bob Roberts,https://m.media-amazon.com/images/M/MV5BNDkzMzE3YWItMDhhOC00MDU2LThjZmUtODAyZjZiMWViYmE4XkEyXkFqcGc@.jpg,de,BOB,QUESTIONS,VOTE,
The Cook the Thief His Wife Her Lover,https://m.media-amazon.com/images/M/MV5BZDc5ZWRmYzctODBlNy00Mjc1LWIyZGQtYWI5MTgyMDQzYjkzXkEyXkFqcGc@.jpg,en,"COOK,",THIEEF,THE,
Delicatessen,https://m.media-amazon.com/images/M/MV5BMGM3ZjE4ZjMtOGIxNi00ODc3LWI2OGQtY2E5MDlkMjAwZWZjXkEyXkFqcGc@.jpg,it,"THIS MOVIEI""",PREPARE,TO FEAST,
The Double Life of Veronique,https://m.media-amazon.com/images/M/MV5BNTFhMWQ1YzEtYTlhOS00ZWMxLTg4ZjMtMjJjNjZiMDJhMjMyXkEyXkFqcGc@.jpg,en,,,,
Enchanted April,https://m.media-amazon.com/images/M/MV5BODAyMWViYWMtODE5Yy00ODI4LWE5ZjctYmYwYTMyNTcyZjg4XkEyXkFqcGc@.jpg,en,APRIL,ENCHANTED,"YOULL LOVE 'ENCHANTED APRILI""",
Paths of Glory,https://m.media-amazon.com/images/M/MV5BNmQ2NmI2ODYtMDQzNS00NzQyLTkzZjgtZmZlYTQ5MTc1OWU3XkEyXkFqcGc@.jpg,en,DoUGLAS,KRK,NO-MANS,
The Grifters,https://m.media-amazon.com/images/M/MV5BYTcyNDA4Y2ItZGJiNy00YWJjLWFhNDgtMzM4M2NkNWQ1NDVmXkEyXkFqcGc@.jpg,en,SEDUGTION: BEIRAYAL MURDER,WHOS CONNING WHO?,ANJELICA,
Hear My Song,https://m.media-amazon.com/images/M/MV5BMDk5MGY3MTItNDc4Ni00MDFhLTk0NWItMzE4MjZmMWI0NTcwXkEyXkFqcGc@.jpg,en,On VIDEOCASSETTE,You are going to love this movie!,"Terrilic and wonderfull""",
Madonna Truth or Dare,https://m.media-amazon.com/images/M/MV5BYjliZDQ2MzMtZDE3ZC00ZTA4LWE5OWEtMGI1N2RiOGFmMmEzXkEyXkFqcGc@.jpg,en,TRUTH OR DARE,The Ultimate Dare,is to tell the Truth:,
One Flew Over the Cuckoo s Nest,https://m.media-amazon.com/images/M/MV5BYjBkMjgzMzYtNzRiMS00NDc3LWE4YTUtZjYxYjZhNjNhYzhhXkEyXkFqcGc@.jpg,en,Fantasy' Films,Starrmd,Unted Artists,
The Manchurian Candidate,https://m.media-amazon.com/images/M/MV5BMGVkNDJkYWYtYjE4Yy00OTEzLThkOTUtZTJiMjRkYzliNDk3XkEyXkFqcGc@.jpg,en,CANDIDATE,MANCHURIAN,THE,
Pump Up the Volume,https://m.media-amazon.com/images/M/MV5BMzg0ZjRhNWQtYWEyNy00YTgxLThkZWItOWU0MTdkNmI2YWFmXkEyXkFqcGc@.jpg,en,STEAL,HUPEHTHAHUEY,SHHDYSTEHH,
Arsenic and Old Lace,https://m.media-amazon.com/images/M/MV5BZmRhYTJlOTktMjg2NC00MmZmLWE2YzAtZWUwNzU4ZWY1ODlhXkEyXkFqcGc@.jpg,en,GRAT,CAry,WARNER BROS,
Back to the Future,https://m.media-amazon.com/images/M/MV5BZmM3ZjE0NzctNjBiOC00MDZmLTgzMTUtNGVlOWFlOTNiZDJiXkEyXkFqcGc@.jpg,en,STEVEN SPIELBERG Presents,NEIL CANTON,ROBERT ZEMECKIS Film,
Patton,https://m.media-amazon.com/images/M/MV5BYzQwNmI5MDItMGEyZi00Y2FjLTkzMTUtOTliOTIyOWRlN2Q0XkEyXkFqcGc@.jpg,it,<YOU MAY NEVER HAVE ANOTHER,'THE EPIC AMERICAN WAR MOVIE,WANTED TO MAKE BUT NEVER HAD,
Down by Law,https://m.media-amazon.com/images/M/MV5BNjAxNDRhM2UtYTRkNS00YzlkLTkxZDMtYzg4MDAyZGQwM2Q4XkEyXkFqcGc@.jpg,en,DOWN,BY,"""Three of the damnedest performances",
Akira,https://m.media-amazon.com/images/M/MV5BM2NiMTIzZWEtM2Y2ZS00NTg1LTlhZTgtOThjMTkwNzQ4NzBlXkEyXkFqcGc@.jpg,lt,ME,TKESH BEYHH,DFTHE VORLD VAS DNLY THE BEGINNING,
Highlander,https://m.media-amazon.com/images/M/MV5BMDUzODA3ZDctODM1MS00YzY0LWI1MzUtZTU0N2UzYjRhY2M3XkEyXkFqcGc@.jpg,de,City,He will fight his greatest battle,He fought his first battle,
Cool Hand Luke,https://m.media-amazon.com/images/M/MV5BYzI1NzBkNmMtOWRmMS00YmY2LTk5MjQtZjAzMmIwZDQ2M2UwXkEyXkFqcGc@.jpg,en,LUKE,GEORGE KENNEDY: J D. CANNON,The man_-and the motion picture that simply do not conform:,
Young Frankenstein,https://m.media-amazon.com/images/M/MV5BMTEwNjg2MjM2ODFeQTJeQWpwZ15BbWU4MDQ1MDU5OTEx.jpg,de,MEL BROOKS,FILM,CLORIS LEACHMAN,
Raise the Red Lantern,https://m.media-amazon.com/images/M/MV5BZjZlMThlZTktOGYxNS00NjY0LWFkMzAtMjNiOTYxYjYxZWFmXkEyXkFqcGc@.jpg,en,BY ZHANG YIMOU,"CHINA,1920.","ONE MASTER, FOUR WIVES",
High Noon,https://m.media-amazon.com/images/M/MV5BMmJiZjA3ODgtNWI1Zi00OTA1LTkyNTMtZTA1NGYwOTQyZTA3XkEyXkFqcGc@.jpg,en,the story of a man who was too proud to run!,STANLEY KRAMER PRODUCTIONS presents,"STANLEY KRAMER PRODUCTIONS presents GARY COOPER in ""HIGH NOON""",
Somewhere in Time,https://m.media-amazon.com/images/M/MV5BNjJjNjhjMDUtNDJjMC00ZmE5LTlkN2UtNWI0YjY4ZGNmZWE3XkEyXkFqcGc@.jpg,en,Someday in the past he will find her _,JEANNOT SZWARC,JANE SEYMOUR ' CHRISTOPHER PLUMMER,
This Is Spinal Tap,https://m.media-amazon.com/images/M/MV5BMTQ2MTIzMzg5Nl5BMl5BanBnXkFtZTgwOTc5NDI1MDE@.jpg,en,STHE FUNNIEST ROCK MOVIE,EVER MADE',SHILARIOUS _,
Koyaanisqatsi,https://m.media-amazon.com/images/M/MV5BZWI2OWRmMGQtYmIxNS00MjgxLWIyMjUtMGY4NmQ2OWQyMmMwXkEyXkFqcGc@.jpg,so,experiencea remarkable film event:,power of that experience,City,
Indiana Jones and the Last Crusade,https://m.media-amazon.com/images/M/MV5BNGIxNzQ0YzYtMjNmYi00YjBlLWFjNzEtNGE3ZGFmYTczM2MwXkEyXkFqcGc@.jpg,en,OPENS WEDNESDAY MAY 24 AT THEATRES EVERYWHERE,Mhu,Last crusade,
Gandhi,https://m.media-amazon.com/images/M/MV5BNTg3ODhlZTEtM2Q3MC00YzMxLWJjN2YtOWUyMDIyYTlhYzM3XkEyXkFqcGc@.jpg,so,GANDHI,AWORLD EVENT,people,
A Room with a View,https://m.media-amazon.com/images/M/MV5BOTkwNTZhMWUtOTNmZC00NmE0LWExOGItMzJiNzEyNWNmODI1XkEyXkFqcGc@.jpg,en,with a View,A Room,Cinecom,
Real Genius,https://m.media-amazon.com/images/M/MV5BNTQ5MzU3ODg0OF5BMl5BanBnXkFtZTgwODM0MzQxMDE@.jpg,ro,MEET CHRIS KNIGHT THE EINSTEIN OFTHE 80's.,Toxic,WASTE,
Pink Floyd The Wall,https://m.media-amazon.com/images/M/MV5BNzMxZGFhMTUtZGJjYS00Njc4LTk1NTktZmYzNjI0MzQxZDU3XkEyXkFqcGc@.jpg,en,WrTA,Rlcr,RI,
Forbidden Planet,https://m.media-amazon.com/images/M/MV5BMjY4NGVmMzctYjFmYS00MDk3LTlkNDktNDdjMjhlYmY1YmI3XkEyXkFqcGc@.jpg,da,M.GM,pRODUCED BY,AND,
Field of Dreams,https://m.media-amazon.com/images/M/MV5BZTEwMGYzNDktOWEyMi00NTJjLWE5MGQtNmNlNDkxOTYyZDA5XkEyXkFqcGc@.jpg,en,FIELD QEDREAMS,looking for,searching for his dreams,
The Man Who Would Be King,https://m.media-amazon.com/images/M/MV5BYTE2MGQyYWItZTQxMy00MzVjLTljZjItMWE0MjJhMzZiZTkxXkEyXkFqcGc@.jpg,en,Jaffrey=,'and intodueing Shakira Gaine,Aso starrng Saaed,
Butch Cassidy and the Sundance Kid,https://m.media-amazon.com/images/M/MV5BMTkyMTM2NDk5Nl5BMl5BanBnXkFtZTgwNzY1NzEyMDE@.jpg,en,PAUL NEWMAN,THE SUNDANCE KId,ROBERT REDFORD,
Paris Texas,https://m.media-amazon.com/images/M/MV5BYWY5YzE4YmUtZWFhMS00YjYxLWI5ZGUtNDEyNmMzNDVjMGEwXkEyXkFqcGc@.jpg,en,PARISTEXAS,Sulphur,Clea,
I Shot a Man in Vegas,https://m.media-amazon.com/images/M/MV5BNjg1OTM1MDMyMF5BMl5BanBnXkFtZTcwNjAwMjkzMQ@@.jpg,en,SHOT AMAN IN VEGAS,IE;,15,
Parallel Sons,https://m.media-amazon.com/images/M/MV5BMTcxMTc4NjgzN15BMl5BanBnXkFtZTcwNTcyNTY1Mw@@.jpg,it,PARALLEL SONS,official Selection,,
Santa with Muscles,https://m.media-amazon.com/images/M/MV5BZDBiOWEzY2MtZjZiOC00OTQ0LWFiMWMtN2NhMzU5NTdlZjIwXkEyXkFqcGc@.jpg,en,SANTAO,WITH,,
Female Perversions,https://m.media-amazon.com/images/M/MV5BNDJjZTBkN2UtMTU1Ni00NjQ1LWJiNzItNDY2MTkxZDIzNjU0XkEyXkFqcGc@.jpg,en,male,PERVERSIONS,Swinton,
Mad Dog Time,https://m.media-amazon.com/images/M/MV5BOWI3YmU4ZjMtNWQ3MC00YWNlLWFiNDMtZmM3OWUzZGMwNmJlXkEyXkFqcGc@.jpg,hr,MAD,Ererybody $ Coing Out With,LARRYBISHOP   GREGDRYHINES   KYLEMAcLACHLAN   BURTREYNOLOS,
Breathing Room,https://m.media-amazon.com/images/M/MV5BMTg4NzkxNzIyNF5BMl5BanBnXkFtZTcwNDg1NTU3MQ@@.jpg,en,BG,IMACINATION,,
Paris Was a Woman,https://m.media-amazon.com/images/M/MV5BMTM5NDk3MDI4MF5BMl5BanBnXkFtZTcwNjAzOTYyMQ@@.jpg,en,A Flm Ly Grela Schiller,ZEITGEIST VIDEO,,
Blue Juice,https://m.media-amazon.com/images/M/MV5BMmNjNzM4NDQtNjQ4MS00NzAzLTkzOTYtOTFiMTg0OGNiZjI0XkEyXkFqcGc@.jpg,fr,,,,
Amityville It s About Time,https://m.media-amazon.com/images/M/MV5BMWE3NWIzOTUtZWJmMy00ODRjLTk5ZWItZDk5Y2M1OWQ0YjY0XkEyXkFqcGc@.jpg,en,A,MITYVILIE,Irs ABOUT,
Amityville Dollhouse,https://m.media-amazon.com/images/M/MV5BZWU0NmMyZmEtMjkzYy00MzlhLWE1N2UtZGExYTU5MzVkZDA2XkEyXkFqcGc@.jpg,fi,AMITYVILE,,,
Amityville A New Generation,https://m.media-amazon.com/images/M/MV5BNzc4NWIwNTEtNWVhYi00MjIxLWE5NGYtN2JhOGY3M2JiMzJhXkEyXkFqcGc@.jpg,en,A NEW GENERATION,teRROR HAS A REFLECTION OF IT'S OWN,MULTICOM,
Amityville II The Possession,https://m.media-amazon.com/images/M/MV5BMTYwMTAyOTY4OF5BMl5BanBnXkFtZTcwNjMwODQ2NA@@.jpg,en,THE POSSESSION,SALE,FOR,
The Amityville Horror,https://m.media-amazon.com/images/M/MV5BMzc1Njc2NDc3NV5BMl5BanBnXkFtZTYwODYyNzI3.jpg,en,AMITYVILLE,H 0 RIR 0 R,Th E,
The Amityville Curse,https://m.media-amazon.com/images/M/MV5BYjEyYjdlNmEtYzY0Ny00MjYxLWE3ZDItOTY4MjFmZmU3NWEwXkEyXkFqcGc@.jpg,en,Amitywille,CURSE,The,
Audrey Rose,https://m.media-amazon.com/images/M/MV5BMGUzODljNmQtODg0My00ZTk3LWEwM2ItOGM3NjQ4MzQ1MWNmXkEyXkFqcGc@.jpg,en,Suppose it was true?,Suppose you began to,Suppose a stranger told you your daughter,
The Believers,https://m.media-amazon.com/images/M/MV5BYjQ2MWI2M2YtMjY1Mi00OTJkLThhZmUtYzI3MWM5ZDA5MGFjXkEyXkFqcGc@.jpg,en,BELIEVERS,THEY KNOW WHIO YOU ARE;,MHE,
The Birds,https://m.media-amazon.com/images/M/MV5BMTAxNDA1ODc5MDleQTJeQWpwZ15BbWU4MDg2MDA4OTEx.jpg,en,"TheBirds""",HITCHCOCKS,ALFRED,
The Blob,https://m.media-amazon.com/images/M/MV5BYjE5NDIzZmQtYzdmNy00NjMxLTk3NjUtY2I2MTllNTU0YzRkXkEyXkFqcGc@.jpg,en,THE,shape;,CHUCK RUSSELL Fi,
Body Parts,https://m.media-amazon.com/images/M/MV5BM2U5ZWQ3MDQtZWJmMS00NTBlLTk5NjktMjdmMzUxOGNlZDgxXkEyXkFqcGc@.jpg,en,live;,the heart;,Where does,
The Body Snatcher,https://m.media-amazon.com/images/M/MV5BNDJkMWM5ZTEtNDJiZi00OWU2LWEwYzAtZGMzMzc1N2YzMGJjXkEyXkFqcGc@.jpg,en,STEVENSONs,Soris,SHARYN MOFFET,
Dracula,https://m.media-amazon.com/images/M/MV5BMmVhNzhlMzMtYjJkNy00ODU4LWJmMjUtYzdlMGI3MTQ3YzBhXkEyXkFqcGc@.jpg,ro,Ia,L 0 V E,N E V E R,
Bride of Frankenstein,https://m.media-amazon.com/images/M/MV5BNTExZmY1YjAtMjc1MS00NGZhLWJjMGEtYjk3MTQyZTNmNGE2XkEyXkFqcGc@.jpg,af,BRIDE,FRANKENSTEIN,KARLOFF,
Burnt Offerings,https://m.media-amazon.com/images/M/MV5BMjEzNzYzNTc3Nl5BMl5BanBnXkFtZTgwMDUwNTkyMTE@.jpg,de,OFFERINGS,BURNT,Up,
Candyman,https://m.media-amazon.com/images/M/MV5BMmZhN2NhOTEtMmVhZC00NWM5LWE4ODgtZGUwMDQxOGViNjY4XkEyXkFqcGc@.jpg,cy,FROM THE CHILLING IMAGINATION OF CLIVE BARKER,PolyGram,',
Cape Fear,https://m.media-amazon.com/images/M/MV5BNTBkNTYwZTctOTgxYS00ZmIyLTgzNDAtODJhZjg2MDUwNmFlXkEyXkFqcGc@.jpg,ro,JESSICA LANGE,ROBERT DENIRO,NICK NOLTE,
A Nightmare on Elm Street,https://m.media-amazon.com/images/M/MV5BNTZmN2VlMWMtMTdlMi00NDBhLWIyODMtODEwMzM0ODMwMWYwXkEyXkFqcGc@.jpg,en,Nighare,ONELMMSTRREET,SHEWONT WAKE UP AT ALL,
Nosferatu,https://m.media-amazon.com/images/M/MV5BY2FhZGE3NmEtNWJjOC00NDI1LWFhMTQtMjcxNmQzZmEwNGIzXkEyXkFqcGc@.jpg,ro,Robert Eggers,Succumb to the Darkness,Jn @heaters @his @hristmas,
Vampire in Venice,https://m.media-amazon.com/images/M/MV5BNTQ2ZTE1OGEtZjU0Zi00NTM0LTk4ZGItYmEyNWRjNzY0YzNlXkEyXkFqcGc@.jpg,it,Venezia,Nosferatu,9,
Blood and Wine,https://m.media-amazon.com/images/M/MV5BMDE2ZTE1MTctN2Y3Mi00MTgzLThjZmMtZDk4YTkyYmMzMGZjXkEyXkFqcGc@.jpg,en,BLOODS WINE,Stealing a fortune is easy:   Getting away with it is murder:,8,
Breaking the Waves,https://m.media-amazon.com/images/M/MV5BYTdjYjg4MTAtMzU4Ny00ODVkLTlhZDItOThiMDBhODI4MTVhXkEyXkFqcGc@.jpg,en,BREAKING THE WAVES,LARS VON TRIER,"""A POWERFULLY CARNALILOVEISTORYI",
Jingle All the Way,https://m.media-amazon.com/images/M/MV5BNDgzMjQ0YTctZGJhNy00ZjJjLTk5YWMtZmI2YTgwOTJmYWJkXkEyXkFqcGc@.jpg,en,Way,Jingle,Ahhe,
Identification of a Woman,https://m.media-amazon.com/images/M/MV5BY2ExMDZhY2UtYTRiNi00MTcyLTk2MTQtMzI2Njg1MGMzMjQ2XkEyXkFqcGc@.jpg,en,A,UNA,IDENTIFICAZIONE,
Paradise Lost The Child Murders at Robin Hood Hills,https://m.media-amazon.com/images/M/MV5BZmMyNGMyYTktOGRjMi00MTE2LTk0ZjctYWY3MDZjNDMwYjhiXkEyXkFqcGc@.jpg,en,PARADISE,LeS+,THE CHILD MURDERS AT ReBIN HeeD HILLS,
Zero Kelvin,https://m.media-amazon.com/images/M/MV5BMDFiYzM0MzYtZDc2My00NDM1LWIyYTgtM2JkNTA0ZjViOTgyXkEyXkFqcGc@.jpg,nl,KJØ TE R,K J,Norsk,
Ridicule,https://m.media-amazon.com/images/M/MV5BZDhiZjliZGItNGYxYy00MzY4LTg5ZDgtODVmZTQ1MzE1Njk5XkEyXkFqcGc@.jpg,ro,Ridicule,n'epargne personne,1,
The Crucible,https://m.media-amazon.com/images/M/MV5BNTQwMzQ4Y2YtODRhMS00NGQ2LThkZTctMTJkNWM4NzM4N2Q2XkEyXkFqcGc@.jpg,en,CR,BLE,DAYLEWIS,
Strange Deception,https://m.media-amazon.com/images/M/MV5BMWI1MTgxYjctZTE1MC00NjU5LTk4Y2YtODcxM2UzMjlmZGU2XkEyXkFqcGc@.jpg,en,CUMMINGS,YOUNG,Every;,
J ai pas sommeil,https://m.media-amazon.com/images/M/MV5BMjE0OTE4MTQ3OF5BMl5BanBnXkFtZTcwMTM5NjcyMQ@@.jpg,fr,SLEEF,CAN'T,"'Daring and originall""",
Die Hard 2,https://m.media-amazon.com/images/M/MV5BMTA1OGFlZWUtZjE4Yy00MzFmLTlhYjctOGY5ZmZjOWFlOWUwXkEyXkFqcGc@.jpg,af,DE,JOHNVALLOHE,Color by Deluxe,
Star Trek The Motion Picture,https://m.media-amazon.com/images/M/MV5BNjcyMmVmMTItNTA3Yy00NGJjLTlmYjQtZWQ3ZjcyNmU5NDQ2XkEyXkFqcGc@.jpg,en,STAR TKEK,THERE IS NOCOMPARISON:,MOTION,
Star Trek III The Search for Spock,https://m.media-amazon.com/images/M/MV5BYzNkOTZjMTMtOWYzZS00Yjg2LTgyMzQtMmNjODdkYzM0ZjhmXkEyXkFqcGc@.jpg,en,THE SEARCH FOR SPOCK,THe SEACH FOR,A DYING PLANET,
Star Trek IV The Voyage Home,https://m.media-amazon.com/images/M/MV5BYmZlYWYwMzUtMjYzMy00MWI1LTg3MDctOTdjYjA2MDkwNGU5XkEyXkFqcGc@.jpg,en,STARTREkM,HOW ON EARTH CAN THEY SAVE THE FUTURE,STAR DATE: 1986.,
Batman Returns,https://m.media-amazon.com/images/M/MV5BZTliMDVkYTktZDdlMS00NTAwLWJhNzYtMWIwMDZjN2ViMGFiXkEyXkFqcGc@.jpg,id,BATMAN,PFEIFFER,DEVITO,
Grease,https://m.media-amazon.com/images/M/MV5BNGY0NzE0ZTctN2YzNC00M2IwLWI0OWYtMTAwZWU2NjZhMTQwXkEyXkFqcGc@.jpg,en,Newton-John,John,Travolta,
Grease 2,https://m.media-amazon.com/images/M/MV5BYmMyODA2YjAtMDNhMS00OTFlLThjYjctOTMyODk0OTU1ZWYwXkEyXkFqcGc@.jpg,en,GREAS,2,The music and feeling g0 on forever:,
Marked for Death,https://m.media-amazon.com/images/M/MV5BN2Q3ZjI4OWItOGYzYi00YThiLTllNTgtMGYxNTg3NmVmYjMxXkEyXkFqcGc@.jpg,en,VERY; VERY ANGRY,THEY'VE ATTAcKeD HIS FAMILY,NOW; STEVEN SEAGAL IS_,
The Substance of Fire,https://m.media-amazon.com/images/M/MV5BNDcyNjkwMTY1OF5BMl5BanBnXkFtZTcwNDAzNTQyMQ@@.jpg,en,Fire,"POWERFULI""","BRILLIANTI""",
Under Siege,https://m.media-amazon.com/images/M/MV5BM2I3YjcwZDgtZjc3Yy00NTU1LWE5NzMtNzlkOWE4ZDc2YzE2XkEyXkFqcGc@.jpg,de,UNDERISIEGE,"Now, surrounded by terrorists; a lone man stands with a deadly plan of attack",In 1992 a battleship's been,
Terror in a Texas Town,https://m.media-amazon.com/images/M/MV5BYmRkYTNlYWMtNjEzZi00MTJiLWE4MTQtMDk2ZmQ1Yjk2ODIyXkEyXkFqcGc@.jpg,en,"hexas own""",STERLING HAYDEN,SIX-GUN:,
Jaws,https://m.media-amazon.com/images/M/MV5BYjViNDQzNmUtYzkxZi00NTk5LTljMmItYjJlZmZkODIxNjU1XkEyXkFqcGc@.jpg,pl,JAWS,The terrifying motion picture,from the terrifying No.l best seller,
Jaws 2,https://m.media-amazon.com/images/M/MV5BMzAxN2Q5Y2UtMDBkZS00MGQwLWIyZDEtYTgyNGRlZmZiNjI2XkEyXkFqcGc@.jpg,pl,JAWS 2,MURRAY,LORRAINE,
Jaws 3-D,https://m.media-amazon.com/images/M/MV5BYmY3YWZiMTAtZGYyYy00ODc3LTk5NjQtY2RhN2QwNzE2ZGI3XkEyXkFqcGc@.jpg,pl,JAKS,'JOE ALVES,ALL NEW,
My Fellow Americans,https://m.media-amazon.com/images/M/MV5BOWYzMzE2OTQtZTNkOS00M2U4LWExYTYtNWE1Yjc3YjJhYjZhXkEyXkFqcGc@.jpg,en,AMERICANS,GARNER,AYKROYD,
Mars Attacks,https://m.media-amazon.com/images/M/MV5BZjJhNTIxZmQtZjQ3ZC00MTZkLWI2YTItY2Y0ZTdiMmNiNGIyXkEyXkFqcGc@.jpg,sv,JACK,GLENN,ANNETTE,
Citizen Ruth,https://m.media-amazon.com/images/M/MV5BYjhiYWVkZGYtYWVkZC00NDY1LTg4NTgtNzQ0ZjFiZTM4ZWQ2XkEyXkFqcGc@.jpg,en,RUUTH,CITIZEN,"liberty,",
Jerry Maguire,https://m.media-amazon.com/images/M/MV5BM2E1ZjU1MjctZjU2Yi00MGE1LWI1MDEtYzBlMWJlNDc1NTQxXkEyXkFqcGc@.jpg,en,Teeey MaGuiee,E,disappeared:.,
Raising Arizona,https://m.media-amazon.com/images/M/MV5BNWIzMTdmZDgtZTc2NS00MDA1LWFiMmMtYzc5YzY0YTEyZjE5XkEyXkFqcGc@.jpg,tl,Their child-rearing years lay ahead.,Their lawless years are behind them.,comedy beyond belief,
Tin Men,https://m.media-amazon.com/images/M/MV5BMDNhZGI2NmQtZThkNy00YzAzLWI0MWItYjNlZmUwZmVlNmRkXkEyXkFqcGc@.jpg,de,TIN MEN,KOWBALI,THE AMERICAN DREAM CHANGES   THE PEOPLE WO SELL IT DON'T,
Sneakers,https://m.media-amazon.com/images/M/MV5BMGEwMmZlMjgtNDc0MS00NmY1LTljMzQtMzBmNmE0OWRkNjViXkEyXkFqcGc@.jpg,no,SIEVPOITIER,BEJJKNGSLEY,M,
In Love and War,https://m.media-amazon.com/images/M/MV5BMmQwNDlkYmUtZWY3NC00ZjNkLWE1MzUtM2M0ZmU4NDdiNjMwXkEyXkFqcGc@.jpg,en,LOVE,WAR,SULLOCK,
Marvin s Room,,en,,,,No poster for 'Marvin s Room'
Somebody Is Waiting,https://m.media-amazon.com/images/M/MV5BMjA2OTI4OTY4Nl5BMl5BanBnXkFtZTcwNzczMjgxMQ@@.jpg,en,WAitng,SOMEQDY,iS,
Ghosts of Mississippi,https://m.media-amazon.com/images/M/MV5BMmVlMWRlZjctNWM4YS00YTBiLWJhYjMtMmUxMDAzOGI1NWY0XkEyXkFqcGc@.jpg,en,Javes Woods,Whoopi GOLDBERG,Medgar Evers,
Beavis and Butt-Head Do America,https://m.media-amazon.com/images/M/MV5BNzA2NjczNmEtYjYxYi00ZjE2LTkzYTctYzhkZDdmMjlkY2FmXkEyXkFqcGc@.jpg,en,AMERICA,Do,BEAS,
La C r monie,,fr,,,,No poster for 'La C r monie'
Scream,https://m.media-amazon.com/images/M/MV5BMjA2NjU5MTg5OF5BMl5BanBnXkFtZTgwOTkyMzQxMDE@.jpg,en,M,C,Solving,
Michael,https://m.media-amazon.com/images/M/MV5BZTU3ZDhjODUtODEwMy00OWRmLWIyZDUtNTc4NjNiOWU5MzNjXkEyXkFqcGc@.jpg,de,,,,
Hamlet,https://m.media-amazon.com/images/M/MV5BNGNjM2NkMmItMjg4YS00OWZiLTk4ZTAtMTUzMzhkNTUxZDc5XkEyXkFqcGc@.jpg,tr,Gerard Depardieu,Jack Lemmon,Billy Crystal,
Some Mother s Son,https://m.media-amazon.com/images/M/MV5BYjIxNGUyMzItOTg5Yy00ZWUwLWFmNTktMjVkOWUwOGQxOWY4XkEyXkFqcGc@.jpg,en,Mothe(s) & Son,"flnby KERSTEN HOUSER produced by GEORG KOSZULINSKI,",BOONE HOUSER,
The Whole Wide World,https://m.media-amazon.com/images/M/MV5BMDM1YTQzMTYtZDgwNS00NDBkLTllMTQtYjI1YmM1YzkxNmZhXkEyXkFqcGc@.jpg,en,Whole,Wide,World,
Mother,https://m.media-amazon.com/images/M/MV5BMTQzMTg0NDA1M15BMl5BanBnXkFtZTgwODUzMTE0MjE@.jpg,en,t,6,@ r,
Thieves,https://m.media-amazon.com/images/M/MV5BMzYyODcwMDAyM15BMl5BanBnXkFtZTgwOTA4MjIwNDI@.jpg,en,ECHAEIBER,3,COMINE,
Evita,https://m.media-amazon.com/images/M/MV5BODNjMWViYzUtMzk4ZC00NjU4LTlmNjItNzc1ZjRiZGE3Y2E1XkEyXkFqcGc@.jpg,sq,EVITA,JONATHAN PRYCE,ANTONIO BANDERAS,
The Portrait of a Lady,https://m.media-amazon.com/images/M/MV5BZDA1NGM2NDAtODQwZC00YmQ5LTlkMmYtNmMwNDcyNmZiZTJlXkEyXkFqcGc@.jpg,en,PORTRAIT,LADY,OF A,
Walkabout,https://m.media-amazon.com/images/M/MV5BMTU1MDdmNzEtMWQ5YS00ZjRmLWJlZDgtOWYyZGIxOGQ1ZmVkXkEyXkFqcGc@.jpg,so,Walkabout,"""RECOMMENDED","RESERVATION""",
Message to Love The Isle of Wight Festival,https://m.media-amazon.com/images/M/MV5BMTc3MTAwMDQwNl5BMl5BanBnXkFtZTcwMzE1NDYyMQ@@.jpg,en,message t0 love,THE MOVIE,,
Murder at 1600,https://m.media-amazon.com/images/M/MV5BN2RhNDM3OGItYzA2Yy00OTMyLWFmM2MtNzA0NzU5MGUwNzI0XkEyXkFqcGc@.jpg,de,WESLEY SNIPES,DIANE,LANE,
Inside,https://m.media-amazon.com/images/M/MV5BMjBjZGI5ZjEtODMwMi00YWUxLWI3NjktZWM5MDY2MWRiNzcwXkEyXkFqcGc@.jpg,pt,INSIDE MAN,MOST WANTED,,
Fierce Creatures,https://m.media-amazon.com/images/M/MV5BNzljY2RhYzAtNTBkZC00NTRmLWI2ODYtODhjNTNjMGI4N2Q3XkEyXkFqcGc@.jpg,ro,FIERCE,CREATURES,JOHN,
Zeus and Roxanne,https://m.media-amazon.com/images/M/MV5BZWQ0OWZiZTgtMWI0Ni00NTRlLWI0MmMtNWI4MGRiYTBlZDM2XkEyXkFqcGc@.jpg,de,Roxanne,,,
Turbulence,https://m.media-amazon.com/images/M/MV5BYWI5MDkyMzEtNTc3ZC00YjBmLWJlNDItN2Y2ZGE4NDRiYTA2XkEyXkFqcGc@.jpg,ro,CE,RYSHER,,
Angel Baby,https://m.media-amazon.com/images/M/MV5BMDgyZDRmMjAtMDAyNi00MjIxLWI5ODItNTkwZjZmZTMyNzIxXkEyXkFqcGc@.jpg,tl,Baby,Angel,CUEVA,
Police Story 4 First Strike,,en,,,,No poster for 'Police Story 4 First Strike'
Underworld,https://m.media-amazon.com/images/M/MV5BOWIwZjFkYjktZTI3My00YzhkLWI5NmUtZDYyMTg5ZWVmODZkXkEyXkFqcGc@.jpg,af,UNDERWORLD,SEPTEMBER I9,KATE BECKINSALE,
Metro,https://m.media-amazon.com/images/M/MV5BZTBjOWE4ZmUtNGYwMy00OTZiLTk2ZjAtODE5ODUwYjRiZTBhXkEyXkFqcGc@.jpg,de,E,police hostage,negotiator is ahout,
La machine,https://m.media-amazon.com/images/M/MV5BMjAxNzc0MjQwOV5BMl5BanBnXkFtZTgwMDc3MzE2MDE@.jpg,it,Killing,Rouge,'EXTRAORDINARY..,
Falling in Love Again,https://m.media-amazon.com/images/M/MV5BYzM1MDg2NGItZWJlZC00OWU4LTlmN2YtNGE0ZmYyZDdmYzAxXkEyXkFqcGc@.jpg,en,SusannahsYork,Remember how you loved each other?,A film that will live in your memory forever,
The Cement Garden,https://m.media-amazon.com/images/M/MV5BM2I0NmM2MTctMDgwMy00NWYyLThmYWYtZWI3NzI0NmM0ZDhjXkEyXkFqcGc@.jpg,nl,C E M E N T,Th [,FROM THE AUTHOR OF THF COMFORT OF STRANGERS,
Dante s Peak,https://m.media-amazon.com/images/M/MV5BNmZmZGQ1YmEtZGI1My00NDU1LTk5ODUtODM1ZTRlOTYyMmU3XkEyXkFqcGc@.jpg,nl,DAKITES PEAK,LIMDA HAMILTON,PIERCE BROSNAN,
Meet Wally Sparks,https://m.media-amazon.com/images/M/MV5BZDcxN2UwNTktMWJlMS00NmY3LWIzMGEtMThjY2EzY2Y3MWZhXkEyXkFqcGc@.jpg,en,High Society:,He's a menace,to,
Benny Joon,https://m.media-amazon.com/images/M/MV5BMGQ4YWUyODMtZjQ2MC00OTI4LWE0MzItZmJkZDc5NDcxN2Y5XkEyXkFqcGc@.jpg,cy,PC,WC,,
Prefontaine,https://m.media-amazon.com/images/M/MV5BMTk2MzE0NjQ0Nl5BMl5BanBnXkFtZTcwMzUxMjkxMQ@@.jpg,en,THUMBS,"Upi""",005,
A Tickle in the Heart,https://m.media-amazon.com/images/M/MV5BMTc2NDg0NDM1OV5BMl5BanBnXkFtZTcwNTA2NTYyMQ@@.jpg,en,Heart,,,
Guantanamera,https://m.media-amazon.com/images/M/MV5BMzQzZjUzMDUtZDg0Yy00Y2RmLWI5YjQtZjE4NzExZGUyYjc2XkEyXkFqcGc@.jpg,id,GUANTANAMERA,,,
McHale s Navy,https://m.media-amazon.com/images/M/MV5BYmMwYTlmZGYtYTExZS00MmI5LWJlM2EtM2VjNjQyZGU4ZDdhXkEyXkFqcGc@.jpg,sk,1,,,
Gridlock d,https://m.media-amazon.com/images/M/MV5BNjNkY2FhN2YtMmVhZi00YTU5LWIxMzktN2JiMGM5NDZhYTQwXkEyXkFqcGc@.jpg,sv,HASSELHOFF,IRELAND,FERMANDES,
Fire on the Mountain,https://m.media-amazon.com/images/M/MV5BNTY0OTY1MjY5M15BMl5BanBnXkFtZTYwOTM3Mjk4.jpg,en,VOLCANO:,g,,
Waiting for Guffman,https://m.media-amazon.com/images/M/MV5BMGY1MjZiOGEtNDE5Mi00N2EwLWI4OGMtYWZkNzJmYjI5ZWQwXkEyXkFqcGc@.jpg,en,WAITING FOR GUFFMAN,UNDISCOVERED.,REASON SOME TALENT,
The Beautician and the Beast,https://m.media-amazon.com/images/M/MV5BNzEyNGM1NDMtMDI3MS00NzdhLWI5OWQtNzY3NGNkYTEwYmMzXkEyXkFqcGc@.jpg,en,4,BEXST,TIMOTHY DALTON,
SubUrbia,https://m.media-amazon.com/images/M/MV5BZTU1OGIxYjItNGM4My00ZDUwLTg3MzQtMDBlYmUzMjQ3NzVjXkEyXkFqcGc@.jpg,id,A New Movie.,About A New Generation.,R,
Hotel de Love,https://m.media-amazon.com/images/M/MV5BMTI2OTA0MzE0NF5BMl5BanBnXkFtZTcwMjA2NjEyMQ@@.jpg,nl,Hofele,Cove,Qc,
The Pest,https://m.media-amazon.com/images/M/MV5BMTdiMzM4NDYtZTMxZi00OTEyLWFiOWMtNjdkNWNhYWY3ZjQ4XkEyXkFqcGc@.jpg,en,JOHN LEGUIZAMO,question:,'colled,
Fools Rush In,https://m.media-amazon.com/images/M/MV5BMzg4ZjA0OTUtNDIwMy00ODc0LTg2NzgtNTk4ODExYTJmYmZhXkEyXkFqcGc@.jpg,en,,,,
Touch,https://m.media-amazon.com/images/M/MV5BYzMyOTg3ODAtMWEzNy00ZTE0LWI1Y2MtYzAwY2UwMWRjOTkxXkEyXkFqcGc@.jpg,en,0 L,5 0,H,
Absolute Power,https://m.media-amazon.com/images/M/MV5BMTZkNzU2YmItNmVmMC00OTM2LTg2YTEtOTk0MWRlNWY3NDIxXkEyXkFqcGc@.jpg,pl,CLINT EASTWOOD GENE HACKMAN ED HARRIS,LAURA LINNEY JUDY DAVIS,E.G. MARSHALL   DENNIS HAYSBERT,
That Darn Cat,https://m.media-amazon.com/images/M/MV5BNTFjYjAyNGEtZjdlZS00NDZlLWE0ZjUtNzIyZTY5NTNkMDgzXkEyXkFqcGc@.jpg,en,TAT DARN CAt,Walt Disney,It takes a Siamese Secret agent,
Vegas Vacation,https://m.media-amazon.com/images/M/MV5BMTQwZmVkMGUtMWEzNi00N2MzLThkMDItZDI2YjJiYzMxZDEzXkEyXkFqcGc@.jpg,en,e,VACATION,@,
Unforgotten Twenty-Five Years After Willowbrook,https://m.media-amazon.com/images/M/MV5BMTIyNjg3Nzk4MV5BMl5BanBnXkFtZTcwMzE0NzU5MQ@@.jpg,en,UNFORGOTTEN,"POWERFUL""",ARSOLUTELY MESMERIZING,
Rosewood,https://m.media-amazon.com/images/M/MV5BMjM3MzA4MjU4OV5BMl5BanBnXkFtZTgwODI0NzQ1NjE@.jpg,af,ROSEWOOD,MORRIS CHESTNUT 1s,SEPT23 FOX,
Hi Cousin,https://m.media-amazon.com/images/M/MV5BMjI4OTMzNjk5Ml5BMl5BanBnXkFtZTcwMjE1MTMyMQ@@.jpg,en,saluitcousfnl,OPPOSE,SAUF,
Booty Call,https://m.media-amazon.com/images/M/MV5BM2VjZDI1NTktNzM0ZC00MzFkLThkMWQtOTFmZWMzZGYzZGQ1XkEyXkFqcGc@.jpg,en,Oly,BO,L,
Rhyme Reason,https://m.media-amazon.com/images/M/MV5BMTI5MTgxODI0Nl5BMl5BanBnXkFtZTYwNzg3MDU5.jpg,cy,ice-T,Kas-One,,
Boys Life 2,https://m.media-amazon.com/images/M/MV5BMTYxMTg5NDgwMV5BMl5BanBnXkFtZTcwNzA4NzgxMQ@@.jpg,en,boys life,2,Alkali; Jowa,
Best Men,https://m.media-amazon.com/images/M/MV5BMTkyNDg2NzM0N15BMl5BanBnXkFtZTcwMjEwMTAyMQ@@.jpg,de,BestMen,Dick   Sean Patrick Flanery,Dean Cain,
Jungle 2 Jungle,https://m.media-amazon.com/images/M/MV5BODQwYTBjMjYtMTIxOC00NzJjLTlmNmYtZGRhZGJkZDEyNmU1XkEyXkFqcGc@.jpg,de,JUNGLE,JUNGLE,"14,",
Kama Sutra A Tale of Love,https://m.media-amazon.com/images/M/MV5BM2IwMDg0ZmEtMDBmYi00NDY2LWI3MjUtMzI5NmI1ZTdlMDQ4XkEyXkFqcGc@.jpg,en,KAMSUTRA,"Academy""",Salaam Bombayl and Mississippi Masala,
Private Parts,https://m.media-amazon.com/images/M/MV5BN2Q1YWY5OGMtMzM1ZC00OGU3LTlmMTgtNTgxZmIxYTczYjU5XkEyXkFqcGc@.jpg,en,1,1,FI,
The Saint,https://m.media-amazon.com/images/M/MV5BNzFiY2VmYmMtZWM4Yi00OWJiLTgxNGUtZjJlYjc2NGU0YmQ4XkEyXkFqcGc@.jpg,en,QLF,Never reveal YOUr name,Never surrender Yuur hear}.,
Crash,https://m.media-amazon.com/images/M/MV5BOTk1OTA1MjIyNV5BMl5BanBnXkFtZTcwODQxMTkyMQ@@.jpg,en,Crash,bullockdon,frigepifer esposito,
The Daytrippers,https://m.media-amazon.com/images/M/MV5BMGY5MTIzMWEtNmY5ZS00OWFiLWI5OGEtYzdhMmUyMTNhMzBiXkEyXkFqcGc@.jpg,en,McNAMARA,SCHREIBER,ITSA FAMILY AFFAIR,
Liar Liar,https://m.media-amazon.com/images/M/MV5BMGQ4MTk5YjctNGE5NC00ODk4LWIzOWItNzNhODc0N2JmYzMzXkEyXkFqcGc@.jpg,lt,LIARLIAR,M,OPENS,
The Quiet Room,https://m.media-amazon.com/images/M/MV5BMTkzMTYzNzk1OV5BMl5BanBnXkFtZTcwMDU0NDQzMQ@@.jpg,en,untt,Rolf,Autor,
Selena,https://m.media-amazon.com/images/M/MV5BOWU2MjkzN2EtNzY4MC00N2RlLThiNzEtMjk2M2M3NGJjZjRlXkEyXkFqcGc@.jpg,id,Jennifer Lopez,Edward James Olmos,,
The Devil s Own,https://m.media-amazon.com/images/M/MV5BMzIyNWJhZmEtZTYxMS00ZGJhLWI0MjgtZjE4MGQxMGJlYjE4XkEyXkFqcGc@.jpg,en,,,,
Love and Other Catastrophes,https://m.media-amazon.com/images/M/MV5BMTg5NjkxNDk1OV5BMl5BanBnXkFtZTcwMzA2NDMyMQ@@.jpg,en,L 0 Ve,"FUN""",,
Turbo A Power Rangers Movie,https://m.media-amazon.com/images/M/MV5BZGFlYTNjMDYtZjk5OC00MDZkLTk3YTYtZWMwNjNkMTc0YWIzXkEyXkFqcGc@.jpg,en,powerrangersturbocom,WWW:,SABAN,
Anna Karenina,https://m.media-amazon.com/images/M/MV5BMTU0NDgxNDg0NV5BMl5BanBnXkFtZTcwMjE4MzkwOA@@.jpg,tl,KARENINA,ANNA,J U D E,
Double Team,https://m.media-amazon.com/images/M/MV5BZDhiNmU0OWMtN2I3YS00MWU3LWI4YTktMjQxMzJhYjQzMDRkXkEyXkFqcGc@.jpg,en,WAMME,VAN,RWWMAN,
Anaconda,,es,,,,No poster for 'Anaconda'
Keys to Tulsa,https://m.media-amazon.com/images/M/MV5BYTYzZDY3N2MtZjRiMi00MjJmLTkyMDMtNjhkMzFjM2FhMGUwXkEyXkFqcGc@.jpg,fi,PSfRAUSS,AnD,ITC,
Kissed,https://m.media-amazon.com/images/M/MV5BOGFjODFkYzctMjRhNy00NzMwLWFlM2UtZjAzMGUxYzM1ZWNkXkEyXkFqcGc@.jpg,et,BARRYMORE,ARQUETTE,SHANNON,
Paradise Road,https://m.media-amazon.com/images/M/MV5BODU0YjE0ZDAtOWRmYy00NjZlLTg2N2ItNTAxN2FkYjI3Y2I5XkEyXkFqcGc@.jpg,id,PARADISE ROAD,Courage echoes forever.,hope,
Traveller,https://m.media-amazon.com/images/M/MV5BZWIzY2VlZmUtYTEzZS00YzUwLTk2NGMtMDU1ODY4YWE0OWU0XkEyXkFqcGc@.jpg,no,02,BILL PAXTON,Ju,
All Over Me,https://m.media-amazon.com/images/M/MV5BMzc5MjhhMmYtMmZhOC00MjU4LWE5NjUtOTJlZGQyMTY3OTFmXkEyXkFqcGc@.jpg,de,FILM,A,,
Shekvarebuli kulinaris ataserti retsepti,https://m.media-amazon.com/images/M/MV5BNDBmMzdjOWQtYWE3Mi00OWI3LTkwNzgtZTIwODNiMThjY2M2XkEyXkFqcGc@.jpg,et,A Chef In Love,Foreien Language Film,AWARD,
Romy and Michele s High School Reunion,https://m.media-amazon.com/images/M/MV5BNDQ4ZmRkYTMtOWJhMC00N2Q3LWE0OTktMWJkNDg3ZDhmOGVlXkEyXkFqcGc@.jpg,en,The Blonde Leading Ihe Blonde,HIGH SCHOOL REUNON,ROMY LLID MICHELES,
Feng yue,https://m.media-amazon.com/images/M/MV5BMjlmNTFkNTQtZjEwZi00MDhmLWJjMGItYWJmMTBhOWU2MTlkXkEyXkFqcGc@.jpg,id,0 N,0,M,
Volcano,https://m.media-amazon.com/images/M/MV5BYzAxNWU2OTMtOTMwMi00NmQ3LThlNmEtNzY5NGYwNjg2ZWFmXkEyXkFqcGc@.jpg,it,VQLCAN,COAST,TOAST,
Children of the Revolution,https://m.media-amazon.com/images/M/MV5BMjA3ODI2MDU5Nl5BMl5BanBnXkFtZTcwMzUyNTQyMQ@@.jpg,en,CHILDREN,REVOLUTIOM,"""Zany Comedy! A First-Rate Cast!""",
Austin Powers International Man of Mystery,https://m.media-amazon.com/images/M/MV5BODQzM2UwODQtMzg1ZC00MTk4LTlkOTEtYzU4NDFhYmM1MWJkXkEyXkFqcGc@.jpg,en,3,Deborciir,Defrosted_,
Breakdown,https://m.media-amazon.com/images/M/MV5BMjhiODJmOWQtNGYwZi00NjFmLWFiNTMtZjZhNTJiMTJmNjhjXkEyXkFqcGc@.jpg,pl,breakdow/i),It could happen to you,365,
Broken English,https://m.media-amazon.com/images/M/MV5BMTA2NzMwNjIwMDJeQTJeQWpwZ15BbWU3MDMyNDgzNTE@.jpg,de,BROKEN ENGUSH,'megnolie,Posey,
Commandments,https://m.media-amazon.com/images/M/MV5BMDRiZmNjZDAtN2I0Ny00YjIyLTk3NTUtODUyYTJlMTJhY2U0XkEyXkFqcGc@.jpg,fr,GilBDeMills,dCen,CARRADINE,
Truth or Consequences N.M.,https://m.media-amazon.com/images/M/MV5BNjVlYjc1MDctMTY1OC00ZWEyLWI0MTgtN2I0N2M5MzI1MDQ2XkEyXkFqcGc@.jpg,en,TRUTH OR,TRIUMPH,,
The Turning,https://m.media-amazon.com/images/M/MV5BNGMwNTNkMjUtZjU3OS00NzU5LWIxOTUtOWIzNGVkZmNjNjQ0XkEyXkFqcGc@.jpg,en,U,R,6,
The Fifth Element,https://m.media-amazon.com/images/M/MV5BODU4ZTE5MWYtNmY2MC00NDkyLTk0NDgtNTk5YjgzMzc4NmQwXkEyXkFqcGc@.jpg,en,JOVOVIC H,THE,FIFTH,
Intimate Relations,https://m.media-amazon.com/images/M/MV5BOTdjNzhjMTctMjNkZC00NWJhLTg1YWItZWNlOWRjYjgzOGRhXkEyXkFqcGc@.jpg,it,GIOVANE,MARIO CAROTENUTO,PHILIPPE LEROY,
Nowhere,https://m.media-amazon.com/images/M/MV5BZmQwODM5NTctYzRkMi00MmIwLWFjODAtMTFiMWY2OWE3MGQyXkEyXkFqcGc@.jpg,en,0,W,N,
Losing Chase,https://m.media-amazon.com/images/M/MV5BMTMxMzQ5MDEyMl5BMl5BanBnXkFtZTcwMzI2NjkxMQ@@.jpg,en,Losing,Chase,"forget ,",
La Promesse,https://m.media-amazon.com/images/M/MV5BMTZlZGU3YzQtNWQwMy00YzJiLWFhZDMtMzg2MjUzMDY1MTEzXkEyXkFqcGc@.jpg,it,promesse,la,Luc et Jean-Pierre Dardenne,
Le Bonheur,https://m.media-amazon.com/images/M/MV5BZTc0MTc0NjQtMjM3ZS00OGYwLThmNDEtMzA2YzJkZDMzOTg1XkEyXkFqcGc@.jpg,fr,LBonheur,MARIE-FRANCE BOYER,AGNES VARDA,
Love Valour Compassion,https://m.media-amazon.com/images/M/MV5BMGU1NjExYWYtZDc1Zi00MWVhLWFlODEtZmI1NWE1OTk0YmVlXkEyXkFqcGc@.jpg,fr,LOVE,VALOUR!,COMPASSION!,
Shall We Dance,https://m.media-amazon.com/images/M/MV5BMTcwODUwMTMxN15BMl5BanBnXkFtZTcwNzc3MjcyMQ@@.jpg,en,ShallweDance?,Anew comedly about following your own lead,Richard Gere,
Twin Town,https://m.media-amazon.com/images/M/MV5BOTVmMWU3NDMtMzI5ZC00YTQ5LWFhN2ItNTJlOTk0Njk0ZDgwXkEyXkFqcGc@.jpg,en,LCE,,,
Brassed Off,https://m.media-amazon.com/images/M/MV5BZTllYjU3YjAtNWI0OC00ZDk3LTk0MjktOTJiMjJjZTM4ZjM5XkEyXkFqcGc@.jpg,en,EwAN McGREGOR,PETE PoSTLETHWAITE,TARA FTZGERALD,
The Designated Mourner,https://m.media-amazon.com/images/M/MV5BMTY2NDE5NjY4MV5BMl5BanBnXkFtZTcwNzkzNDIyMQ@@.jpg,en,DESIGNATED,MOURNER,Dirertd by David Hare,
The Lost World Jurassic Park,https://m.media-amazon.com/images/M/MV5BMGI3NDg5N2ItZGIyZi00ZWNkLWFlODUtZDA1Y2Q1M2U4NGM2XkEyXkFqcGc@.jpg,en,The Lost WORLD,MMC,IDTS)STEREO,
Ponette,https://m.media-amazon.com/images/M/MV5BZTc5YjBkOGUtMTQ5YS00YzQyLWJkM2UtODA5YjY1YjgwNGM1XkEyXkFqcGc@.jpg,it,onlette,0,Jacqes,
Schizopolis,https://m.media-amazon.com/images/M/MV5BMjMyMDg1NjMyNl5BMl5BanBnXkFtZTgwNzQzMTE2ODE@.jpg,pl,SCHIZOPOLIS,1,Steven Soderbergh'$,
Shiloh,https://m.media-amazon.com/images/M/MV5BZjU2YzYxMjktMzExMC00YTc3LTkyN2QtNDU2NDE5NzljZmQ5XkEyXkFqcGc@.jpg,sq,SHIIQH,,,
The War at Home,https://m.media-amazon.com/images/M/MV5BZjNjMGVmZTUtOTYwMC00ZTNhLTkzNTYtZjhhMGNlYjRhOTA5XkEyXkFqcGc@.jpg,en,WARA,RULLES YOU BROKE,REMEMBER ALL THE,
Rough Magic,https://m.media-amazon.com/images/M/MV5BMTU1NzJlNTktY2NiYi00MmU5LTk1OWItNjgyNTVlODY4Mzg4XkEyXkFqcGc@.jpg,en,18 quicker,hand,In,
Trial and Error,https://m.media-amazon.com/images/M/MV5BZGI3OTAzNDQtMDIyOC00YjE0LTk4OGUtOGU3MTU4MDk5NmE5XkEyXkFqcGc@.jpg,en,ERROR,TRIAL&,PECKEI,
Buddy,https://m.media-amazon.com/images/M/MV5BMzI2OGZhYWQtMzI4Mi00ZWE4LWI2ZDItN2U5NWNjZTE2ZGMzXkEyXkFqcGc@.jpg,cy,DUHAMEL,SHEPARD,MUNN,
Con Air,https://m.media-amazon.com/images/M/MV5BODcxOGFjOTEtM2M3Zi00ZWNiLWFjMTYtZDQ0Yjg2NTE2MzNiXkEyXkFqcGc@.jpg,en,Mouca,JERRY BRUCKHEIMER,SCOTT ROSENBERG,
Late Bloomers,https://m.media-amazon.com/images/M/MV5BZWViMWVmNDItYzJhNy00Zjk0LWIzYjQtZjY3ODRkMDMxMWZmXkEyXkFqcGc@.jpg,nl,GREENPOINT,"""Karen Gillan proves herself once again",Margaret Sophie Stein,
The Pillow Book,https://m.media-amazon.com/images/M/MV5BZTc4MTEzM2MtM2YzZi00Y2YwLWE1MzMtYWZjNDRkZTFjNDQxXkEyXkFqcGc@.jpg,en,3,PiLLOW,BOOK,
En avoir ou pas,https://m.media-amazon.com/images/M/MV5BZDlkYjJjMDItMzcxZi00OGJiLTgyMWYtNGY4YTliMjRmNmY1XkEyXkFqcGc@.jpg,fr,NAVOIR,OU PAS,SANDRINE KIBERLAIN,
Squeeze,https://m.media-amazon.com/images/M/MV5BYzFmYTU4N2YtY2YzMi00ODRmLTk5NGQtYzQ4ZmU4N2U1YTkxXkEyXkFqcGc@.jpg,pt,SOUL,DIRECTED BY,WEIKART,
Sudden Manhattan,https://m.media-amazon.com/images/M/MV5BMTM5OTE0NDMyOF5BMl5BanBnXkFtZTcwMjcxMTYxMQ@@.jpg,sv,sudden,MARTIN SCORSESE'S,VERSION OF,
The Next Step,https://m.media-amazon.com/images/M/MV5BOTQxNDkxNjgxOF5BMl5BanBnXkFtZTgwOTAyMjMwNTE@.jpg,en,,,,
Wedding Bell Blues,https://m.media-amazon.com/images/M/MV5BMzU1Mzc4MTA3NV5BMl5BanBnXkFtZTcwMTM4ODQyMQ@@.jpg,cy,OBell BLuEs,Nothing,"Vegas,",
Batman Robin,https://m.media-amazon.com/images/M/MV5BYzU3ZjE3M2UtM2E4Ni00MDI5LTkyZGUtOTFkMGIyYjNjZGU3XkEyXkFqcGc@.jpg,tr,ROBIN,BATMAN,SILVERSTONE,
Dream with the Fishes,https://m.media-amazon.com/images/M/MV5BNzgzNmY1ODktNzMwZi00ZGJiLTk3MDEtYzQ0ZGZkZTg4Y2JiXkEyXkFqcGc@.jpg,en,fishes,dream,An edeball odyssey,
Roseanna s Grave,https://m.media-amazon.com/images/M/MV5BMWQyNWU3MmUtZGI4ZS00MmI5LTkyM2UtOTUwMDkzZDI4YzljXkEyXkFqcGc@.jpg,et,FOR ROSEANNA,JEAN REn@,MERCEDES RUEHL,
Head Above Water,https://m.media-amazon.com/images/M/MV5BZDU0MTY1MzAtYzUzOC00ZTdlLTg2NGYtODFmYjQyZDE2Y2YyXkEyXkFqcGc@.jpg,en,abovewwater,Head,harrerr,
Hercules,https://m.media-amazon.com/images/M/MV5BMmUyZGY1ZjItMWYwZS00MjJjLTg1YzAtY2Q5OTA4MmFhYzFjXkEyXkFqcGc@.jpg,fr,Pictures,present;,RON CLEments,
The Last Time I Committed Suicide,https://m.media-amazon.com/images/M/MV5BMjI2YTBhYTktZTBkNC00ODUwLTk2OWYtMmVkMTM5YTg0NzZjXkEyXkFqcGc@.jpg,en,conmimed,thel,MARG HELGENBERGER,
My Best Friend s Wedding,https://m.media-amazon.com/images/M/MV5BZTVmMjUyZDctYTI2Yy00NjFhLTkyMTItZDc4MzhhZWFmZDFjXkEyXkFqcGc@.jpg,de,"AMO R ,",c6 MO,MARTIN DEUS,
Tetsuo II Body Hammer,https://m.media-amazon.com/images/M/MV5BMGZjZDMxNTEtZGMzZC00NmZjLTg1NzItMzY1YzZkYmIyMzUxXkEyXkFqcGc@.jpg,no,TETSUOI,9,sukamoto,
When the Cat s Away,https://m.media-amazon.com/images/M/MV5BOWE1NTJkNDctMjAzOC00ODVmLWJhNWUtYzQ2ODA0ZTY1ZDI2XkEyXkFqcGc@.jpg,en,],],1,
Face Off,https://m.media-amazon.com/images/M/MV5BOGQyOWNmYTgtZWY0NS00NzhjLTg3NmMtMzcwYzQ2OTA2OTJkXkEyXkFqcGc@.jpg,en,TRAVOLINCAGE,FACEOOFF,JUNE 27,
Fall,https://m.media-amazon.com/images/M/MV5BYmZjYjAxMDEtOTE2My00MmM5LTkyYjctOWRjMjgyM2JhMDI0XkEyXkFqcGc@.jpg,it,FALL,N   E W,D ROPPING,
Gabbeh,https://m.media-amazon.com/images/M/MV5BYjdkMTRiNmYtMGU5Ni00ZDdkLTgwM2UtOTFhN2M5MDk3NGE1XkEyXkFqcGc@.jpg,so,Gabbeh,starth,film by Mohsen Makhmalbat,
Mondo,https://m.media-amazon.com/images/M/MV5BM2U1NTM0MmQtMGU4OC00MmRiLWFlMTktYTVmM2RlNDI5Y2IxXkEyXkFqcGc@.jpg,pt,HONDO CANNIBALE,UNA STORIA VERA,GIRATA TRA LE TRIBU DOVE,
The Innocent Sleep,https://m.media-amazon.com/images/M/MV5BMTgyMTc0Mjc5Ml5BMl5BanBnXkFtZTcwNjIwMjUyMQ@@.jpg,en,INNOCENT,SLEEP,THE,
Men in Black,https://m.media-amazon.com/images/M/MV5BZmQ0YTdhYzEtMjIxZC00MGFiLTlmNjktZmFlOWE2M2QxOTRhXkEyXkFqcGc@.jpg,de,FROM THE SCUM,UNIVERSE,EARTH,
Out to Sea,https://m.media-amazon.com/images/M/MV5BNWY3MzY1ODQtNWQyNS00OTkzLTkzOWUtNDA3YWYxM2U2MmZhXkEyXkFqcGc@.jpg,en,readyto Rumbal,Get,MATTHAU,
Wild America,https://m.media-amazon.com/images/M/MV5BZGQ5MWQxMGQtOTQ3MS00MjJkLTk3NzEtOGVjMmFkNjA1NGQ4XkEyXkFqcGc@.jpg,en,WILD AMERICA,THOMAS,BAIRSTOI,
A Simple Wish,https://m.media-amazon.com/images/M/MV5BMDM0YWZlZGUtYTQxMS00YTkxLWE2MjgtZjc4OGFkZjdkOGNkXkEyXkFqcGc@.jpg,en,WISH,A,Your wish Is,
Contact,https://m.media-amazon.com/images/M/MV5BM2JiYmE1Y2UtNDQ3YS00YTZhLTk5MzAtYzEzMzIyNTM4OTRlXkEyXkFqcGc@.jpg,es,CONTACT,JODIE FOSTER,MATTHEW McCONAUGHEY,
Love Serenade,https://m.media-amazon.com/images/M/MV5BMTMyNDMxNTU2M15BMl5BanBnXkFtZTcwNjg0MDgyMQ@@.jpg,es,Love Serenade,"""Two Thumbs Upl""","""Wickedly",
Conan the Barbarian,https://m.media-amazon.com/images/M/MV5BMjUzM2YzZDAtNzk1MS00YmNmLTg1ZmQtNjgyN2U3NTY0ZjE4XkEyXkFqcGc@.jpg,en,CONAN,GLADIATOR,THIEF,
George of the Jungle,https://m.media-amazon.com/images/M/MV5BOWYwMzU2MDgtNTJmNy00MGRjLWI4N2ItNjA2ZGZkMTVjNjhmXkEyXkFqcGc@.jpg,en,1,OF THE,BRENDAN FRASER,
Cop Land,https://m.media-amazon.com/images/M/MV5BNWVjN2IzYjctMDRlNy00YzlhLTlmZmMtNWYxNzVjN2E2NDg2XkEyXkFqcGc@.jpg,nl,STALLÖNE,LIOTTA,DE NIRO,
Event Horizon,https://m.media-amazon.com/images/M/MV5BM2M4ZTI2MjMtYjVlNy00Y2E3LTgzM2EtNDA0NTUzZmQxZjY3XkEyXkFqcGc@.jpg,nl,HORIZON,EVENT,'JOSEPH BEHHETT .,
Spawn,https://m.media-amazon.com/images/M/MV5BODhmNzA4ZjEtMTE2YS00ZTY2LThlMjEtZTdiZTM2NmY4MDJmXkEyXkFqcGc@.jpg,pl,5,P,A,
Air Bud,https://m.media-amazon.com/images/M/MV5BMzQxODE4MzEyNF5BMl5BanBnXkFtZTgwNjk2OTY4ODE@.jpg,tr,,,,
In the Company of Men,https://m.media-amazon.com/images/M/MV5BMDYxNzM3OWEtYjNmMS00NWI0LTg3MGUtNWE5YzRjM2ZmNDM2XkEyXkFqcGc@.jpg,en,in the company ot,men,unfinching;,
Free Willy 3 The Rescue,https://m.media-amazon.com/images/M/MV5BNTRiMGMxZjktNjljMC00OTQ0LTk0YjktMjQxNWNiYWY0NGQxXkEyXkFqcGc@.jpg,en,RESCUE,THE,W 1 LLY,
She s So Lovely,https://m.media-amazon.com/images/M/MV5BNTU1ZWFkMWUtMWI3Mi00MjFlLWFlNzUtMDQxNmViZTNlNWQyXkEyXkFqcGc@.jpg,en,TRAVOLTA,WRIGHT PENN,PENN,
Hoodlum,https://m.media-amazon.com/images/M/MV5BOGZlNDE0ZDUtZmM3Ny00M2Q4LWI5NzQtZGJhMWQ4Y2FiY2E3XkEyXkFqcGc@.jpg,et,0,U M,NT,
Mimic,https://m.media-amazon.com/images/M/MV5BNGY4YjcwMmQtNDk4Yi00YTZkLWEzMDYtMzM0N2IwZWRmZGI1XkEyXkFqcGc@.jpg,ro,MAN HAS BEEN EVOLUTIONS GREATEST CREATION.,"FOR THOUSANDS OF YEARS,",UNTIL Now,
Money Talks,https://m.media-amazon.com/images/M/MV5BY2JjM2I0YmMtMzQ3MC00MTc0LWI1MTEtZDVlNTMyMmU0YThhXkEyXkFqcGc@.jpg,tr,CHRIS TuCKER,This ain't no buddy movie.,CHA,
Excess Baggage,https://m.media-amazon.com/images/M/MV5BY2YyYzNhMjEtNTJhZC00MjZlLWJhNDAtMDFlY2I1MDkyM2VmXkEyXkFqcGc@.jpg,en,alicia silverstone,2,,
Kull the Conqueror,https://m.media-amazon.com/images/M/MV5BZTM1MGIyOGEtNTFmMi00Nzk3LWJkZTUtZDY0Zjc5MDg3YTBkXkEyXkFqcGc@.jpg,en,KULL,THE CONQUEROR,K E V I N,
Air Force One,https://m.media-amazon.com/images/M/MV5BOTVlYmFhZjktOTA2ZC00Y2YzLWFmNDMtZGU2YzBkNGZkODY4XkEyXkFqcGc@.jpg,en,FORCE,ONE,AIR,
One Eight Seven,https://m.media-amazon.com/images/M/MV5BNGRjM2EyZWYtYzY3NS00MWZlLWEwNzktMGE1YTg2NTUwZmZkXkEyXkFqcGc@.jpg,en,WhWhen schodls becpme war zones,what then?,R,
My Own Private Idaho,https://m.media-amazon.com/images/M/MV5BZjkxY2I1NGYtYThmNC00ODIyLWE1NTktMTcxMzQyOWI0ZjYxXkEyXkFqcGc@.jpg,en,RIVER,KEANU,PHOENIX,
Kiss Me Guido,https://m.media-amazon.com/images/M/MV5BOTQ1ZWI5NjItMWMyZS00YmYzLTkxYWUtMTcwZTc0YWNkNjcyXkEyXkFqcGc@.jpg,de,kiss,me,'9Os odd couple.,
Star Maps,https://m.media-amazon.com/images/M/MV5BZjQyNDhiZTEtNzM1MS00YmIxLWIzNmYtNzAyZGQ5YWJjZDEyXkEyXkFqcGc@.jpg,sv,Stap Maps,In Hollywood every dream has a price.,The provocative new film by Miguel Arteta.,
In Out,https://m.media-amazon.com/images/M/MV5BMjViOTYwNWUtNTZlYi00YzMxLTljMjAtM2Y2NDAxNTU5OTI4XkEyXkFqcGc@.jpg,en,by,Honor,Bound,
The Edge,https://m.media-amazon.com/images/M/MV5BOWY5NjgyMGUtZGVjNy00YmE0LWIzNTItOTJkZTcxYzNjZDA3XkEyXkFqcGc@.jpg,en,THF EDGE,ONLY IN THEATRES,Now,
Kiss the Girls,https://m.media-amazon.com/images/M/MV5BZGMyYzdlYTUtNjcwNi00ZDE0LWEwNDEtN2EyMGE3OWM3Zjg0XkEyXkFqcGc@.jpg,en,kiss the girIs,judd,ashley,
Soul Food,https://m.media-amazon.com/images/M/MV5BNjAzMWU4MTYtMWI3OS00MjBlLThlM2YtZWY2MDkwMGJmZDU0XkEyXkFqcGc@.jpg,en,EVERY FAMILY NEEDS SOME,"VANESSA L,",R,
Wishmaster,https://m.media-amazon.com/images/M/MV5BYmE0ZjU5NDctMjY5NS00NTBhLWEzMTItNTE0N2I5MmZiNjY0XkEyXkFqcGc@.jpg,en,WISHMASTER,Be careful what you wish for,PETER ATKINS,
The Game,https://m.media-amazon.com/images/M/MV5BZTMxNGQwM2UtYTFiMS00NzM1LTk3NWQtZmVmYjk3Y2NhODgwXkEyXkFqcGc@.jpg,en,G,E,AM,
Fire Down Below,https://m.media-amazon.com/images/M/MV5BYmIwMWY0NzktMGRmMi00MjQ1LTk5NmQtN2I3YjAxZjgyNGFmXkEyXkFqcGc@.jpg,en,FIRE,DOWN,BELOW,
U Turn,https://m.media-amazon.com/images/M/MV5BNDdkNzFmMmItNTNkOS00MzJkLTg4MjItN2Q4ZDQ1ZWI3YWUxXkEyXkFqcGc@.jpg,hr,JENNIFER LOPEZ,SR,R,
The Locusts,https://m.media-amazon.com/images/M/MV5BNDg5MzEyNDctOWNiMC00MmEyLTkxYjAtN2U4MDNiN2U0NjUxXkEyXkFqcGc@.jpg,en,LOCUSTS,JUDD,CAPSHAW,
The MatchMaker,https://m.media-amazon.com/images/M/MV5BM2MwNWVjMzUtMDU3MS00ZjJlLTgxOGItMDExYmUyMTRjYzkyXkEyXkFqcGc@.jpg,en,Motchmaker,Janeane Garofalo,the _,
The Lay of the Land,https://m.media-amazon.com/images/M/MV5BMTgyODA1ODU0OF5BMl5BanBnXkFtZTcwNTQxMTIyMQ@@.jpg,en,SHUDEr,AFFAIR,Coed,
The Assignment,https://m.media-amazon.com/images/M/MV5BNjczMTcxOTM1NF5BMl5BanBnXkFtZTgwNjk3MTY2MTI@.jpg,en,ROdRIGVEZ,WEAVER,HHRVEVKHH,
A Smile Like Yours,https://m.media-amazon.com/images/M/MV5BMDgyNjUwMTQtMTRiYi00YmIzLTk5MmYtMjM5ZDM5MjY1ZTQ4XkEyXkFqcGc@.jpg,en,A Smile Like Youts,Ho Hy,Gie g,
Ulee s Gold,https://m.media-amazon.com/images/M/MV5BMjE4NjY3NzA0OF5BMl5BanBnXkFtZTcwMDQ3Mjg3NA@@.jpg,en,4,ULEES,GOLD,
Stag,https://m.media-amazon.com/images/M/MV5BODA4ODgzNTAtOWE2Ny00Yjk1LWI4ZGUtNzQ2ODBhMmM5N2Q4XkEyXkFqcGc@.jpg,de,Ja,AEROL CARMELO,DENISE,
Chasing Amy,https://m.media-amazon.com/images/M/MV5BZWQ5OWQ4NWEtZGJlYy00MzI3LTg5YzItZjVhYjJhYmNkZjM4XkEyXkFqcGc@.jpg,tl,chasing,Joey Lauren Adams,JasonLee,
How to Be a Player,https://m.media-amazon.com/images/M/MV5BNGVlNGVkMDgtMmMzYy00OWM4LThjMjYtMDczMmYwYzMxZWVjXkEyXkFqcGc@.jpg,en,PLAYER,How @ Bea,,
The Full Monty,https://m.media-amazon.com/images/M/MV5BYjZjNjU4YjItM2NhNS00NzIwLWIzMjMtMGMzZjcyMjYwYzE2XkEyXkFqcGc@.jpg,en,1,|,With nothing to lose.,
Alive and Kicking,https://m.media-amazon.com/images/M/MV5BMmExZjI2MTctZWQ2Ny00ZTQ2LTkzNDItYWM1YTQ3MzBmMGFiXkEyXkFqcGc@.jpg,en,KCKING,AND,,
Mrs Brown,https://m.media-amazon.com/images/M/MV5BNDU0ZTYzNDYtYTI5Ni00MDVlLTkwZWItZGQ2MjhjNzU2NmRhXkEyXkFqcGc@.jpg,en,BROWN,MALESTY,HER,
Critical Care,https://m.media-amazon.com/images/M/MV5BYzI4NjQ0OGQtNWQ4Ni00NGNjLTkyNDUtNDY2ZTcyM2U4OGRjXkEyXkFqcGc@.jpg,ro,Cpitical-Cape,SPADER,MIRREN,
Chairman of the Board,https://m.media-amazon.com/images/M/MV5BZTg2MWVlODYtNDI4Ni00ZWM4LWEzNDQtMDZlM2ZlZTA3OWE4XkEyXkFqcGc@.jpg,en,CARROT Top,BOARD,,
The Man Who Knew Too Little,https://m.media-amazon.com/images/M/MV5BMmM3YmJhZTktODY3OS00MWZlLWEyMDMtYjIxZjZiNjZiMTIxXkEyXkFqcGc@.jpg,en,BILL MURRAY IG,,,
Les Boys,https://m.media-amazon.com/images/M/MV5BNzYxOTJhMjctZjk5Mi00MzBmLWEyZTEtZTllZWIzMDU3NzI0XkEyXkFqcGc@.jpg,fr,[@,B,7S,
The Butcher Boy,https://m.media-amazon.com/images/M/MV5BMjRhNTQxNGUtNWFjZS00NjY4LTgxZmItZDgzZTA2NmVmNmQxXkEyXkFqcGc@.jpg,en,'VITAL & ORIGINAL,"DARK COMEY""",NBL JORDANS CHOICEST CUT,
Deconstructing Harry,https://m.media-amazon.com/images/M/MV5BNDEyMzNhZTQtMmJkNC00ZWRkLWE1YjEtNzRkZGY5YWFiZmVjXkEyXkFqcGc@.jpg,en,Deconstructing,ELISABETH  SHUE,BI LLY CRYSTAL,
Flubber,https://m.media-amazon.com/images/M/MV5BMTIxNDgwNWUtYzM4OS00NzU4LWFkYjgtZDdlNzBiZjM3YmI0XkEyXkFqcGc@.jpg,da,,,,
For Richer or Poorer,https://m.media-amazon.com/images/M/MV5BOTEwYTZkYjEtYjRiZi00NGQ4LWI2M2YtNDdiYTc5ZGUyMjA5XkEyXkFqcGc@.jpg,en,Poorer,Richer,Or,
Good Will Hunting,https://m.media-amazon.com/images/M/MV5BNDdjZGQ5YzEtNTc2My00Mjc0LWFlMTctYzkwMzZlNzdiZWYzXkEyXkFqcGc@.jpg,en,GOOD WILL HUNTING,ROBIN WILLIAMS,MATT DAMON,
Tar,https://m.media-amazon.com/images/M/MV5BYWY5YThhOGUtNDU4OS00NTk3LWI0ODQtNmRiYTk0ZjVkZWU2XkEyXkFqcGc@.jpg,sw,AR,NCHETT,B Y,
Home Alone 3,https://m.media-amazon.com/images/M/MV5BNmI0MjcxYjYtYzY5Ni00NjBkLTllN2MtZGYyNzJiYzA5ZGYxXkEyXkFqcGc@.jpg,it,HOME,Reedy for more.,Much more.,
Legal Deceit,https://m.media-amazon.com/images/M/MV5BMDQxYWRkZmEtZTdhYS00Mzk2LThmZDgtYmY4NGM2YjllODZkXkEyXkFqcGc@.jpg,ro,DECEIT,LECAL,LELA ROCHON,
Man of Her Dreams,https://m.media-amazon.com/images/M/MV5BZDI3MDA0NzQtMzIyMy00N2E5LTg5MDAtNjA1ZTRkZjliMTEzXkEyXkFqcGc@.jpg,en,THE,"her,",mhe can t have,
Mousehunt,https://m.media-amazon.com/images/M/MV5BZmY2MmVmNGMtNWU1Ny00NGQ5LTkwNDYtMmFhNzRlZWViYjViXkEyXkFqcGc@.jpg,de,MouseHunt,Nathan Lane,Lee Evans,
Never Met Picasso,https://m.media-amazon.com/images/M/MV5BODgwMDYwMjUzOF5BMl5BanBnXkFtZTcwODM1MDQyMQ@@.jpg,en,Never Met,Picasso,Nargot Kidder,
Other Voices Other Rooms,https://m.media-amazon.com/images/M/MV5BNDkxZDU3OTktYzQ3ZC00ODhhLTk1OTQtYjI0YzA5ZTQ4MDc4XkEyXkFqcGc@.jpg,en,OtherVices,OtherRooms,CAPOTE'$,
Scream 2,https://m.media-amazon.com/images/M/MV5BODE5YWJkMDMtN2ZiNC00MjI5LTkxYTgtOTkyZjUwMjU0YThiXkEyXkFqcGc@.jpg,en,M,5 @ R E A,step too far:,
Stranger in the House,https://m.media-amazon.com/images/M/MV5BZWFlY2Q1YzgtYWZjNy00OGU3LTk1M2EtZjI1MDhiMWVkN2RmXkEyXkFqcGc@.jpg,en,STRANGER,HOUSE,IN THE,
The Sweet Hereafter,https://m.media-amazon.com/images/M/MV5BNzZlYjlmMDYtOTdlMC00NmViLThjMTItMmM2N2NkYTRkOTg1XkEyXkFqcGc@.jpg,en,3awards,the sweet hereafter,"""FOrCEFUL,",
Time Tracers,https://m.media-amazon.com/images/M/MV5BMWFiYjc0NTMtZTBmYi00OGQ3LWFjNmEtNmIzYzJkMDJkYjkyXkEyXkFqcGc@.jpg,en,time,racc against death,chasa through time,
Titanic,https://m.media-amazon.com/images/M/MV5BYzYyN2FiZmUtYWYzMy00MzViLWJkZTMtOGY1ZjgzNWMwN2YxXkEyXkFqcGc@.jpg,it,COULD COME BETWEEN THEM,NOTHING ON EARTH,KATE WINSLET,
Tomorrow Never Dies,https://m.media-amazon.com/images/M/MV5BMTM1MTk2ODQxNV5BMl5BanBnXkFtZTcwOTY5MDg0NA@@.jpg,en,Dies,,,
Twisted,https://m.media-amazon.com/images/M/MV5BNDA1NDVjNGMtZjFiZS00YjNiLWEwNTUtNTcyMGIxMTE1ZGY3XkEyXkFqcGc@.jpg,de,peacock,peacock,SUMMER 2025,
Full Speed,https://m.media-amazon.com/images/M/MV5BZmJkMGNkYjQtMGJkNC00ZDJiLWIwY2QtNTcwOWEzNGI4M2EwXkEyXkFqcGc@.jpg,it,4,Sos,BARX182,
The Education of Little Tree,https://m.media-amazon.com/images/M/MV5BMjRiZWVhZTAtYTc4MC00ZGIyLWI4YWEtMzNlOWQyOWQ0YzBmXkEyXkFqcGc@.jpg,en,LITTLE,TREE,EDUCATION,
The Postman,https://m.media-amazon.com/images/M/MV5BMGNiZjA3ODMtYmExMS00MzRiLWI3N2QtNDQxYzRlYzAwNjBhXkEyXkFqcGc@.jpg,en,C 0 5 T N E R,84,The yeariS 2013.,
The Horse Whisperer,https://m.media-amazon.com/images/M/MV5BZTI5YTI5ZmYtZWQ0Ny00YzU4LTg3NmUtYjVmMzQxOGNjYzRjXkEyXkFqcGc@.jpg,en,HoRs E,WHISPE RER,THE,
The Winter Guest,https://m.media-amazon.com/images/M/MV5BNjZjZjNmYjYtYjZlZS00MjU1LTg5ZGUtZGU3MzM0MGMwOGJlXkEyXkFqcGc@.jpg,en,Guest,the,Winter,
Jackie Brown,https://m.media-amazon.com/images/M/MV5BZmUxZjY3MDktNGI5NS00MTQ5LWE0YWItZWQzNmZhNjhkZDYyXkEyXkFqcGc@.jpg,pl,dachie,Six payers on te trai of a half million i cash,Theres only one question:,
Kundun,https://m.media-amazon.com/images/M/MV5BZGFjNDFkMTMtYmM0ZS00NmQwLTkzNjUtZWYwYjA0ZWMxMDI1XkEyXkFqcGc@.jpg,de,Kundun,TOUCHSTONE PICTURES Pesens,MARTIN SCORSESE,
Mr. Magoo,https://m.media-amazon.com/images/M/MV5BNzQxMDQ3MDUtODJhMy00NDI5LWI4YmUtMWJkZjdhYzNlMTcxXkEyXkFqcGc@.jpg,so,Magfoo,L E $ [ | E,Thc cighth blunder,
The Big Lebowski,https://m.media-amazon.com/images/M/MV5BY2E3OWQ5OWYtYTRkMC00NjVjLWIzZDQtNmRmM2ZiYTIyYmYxXkEyXkFqcGc@.jpg,en,JOHNN TURTURRC),BIG LEBOWSKI,JEFF BRIDGES,
Afterglow,https://m.media-amazon.com/images/M/MV5BMmQ0ODI3OGQtYTJmYi00Yzg4LWJhODgtOGIwMTA2MjY2NGU4XkEyXkFqcGc@.jpg,en,HFR,U,An Alan Rudolph Film,
Ma Vie en Rose,https://m.media-amazon.com/images/M/MV5BYzkxMTk5N2UtZmMyNi00YjcyLTg5OGQtYjE0ZmM3OTM2YzdkXkEyXkFqcGc@.jpg,af,Bose,p k),DEFT AND WILDLY COLORFUL?,
Great Expectations,https://m.media-amazon.com/images/M/MV5BMjY2MTVhYmQtNDk0MS00MjFjLTkwNjItYzJhMjFiODllYzk1XkEyXkFqcGc@.jpg,en,HAWKE,PALTROW,BANCROFT,
3 Ninjas High Noon at Mega Mountain,https://m.media-amazon.com/images/M/MV5BYjc4N2Y4MDEtYzdiNS00ODk1LTliNDktMDgzZjhkYzE4M2Y2XkEyXkFqcGc@.jpg,en,ZNNAS,NOON,MEGA,
Men of Means,https://m.media-amazon.com/images/M/MV5BNGVlNGExYjktZTc0Yi00MjQ1LThiZDAtNmJiYWU0Y2RjODUyXkEyXkFqcGc@.jpg,en,,,,
Caught Up,https://m.media-amazon.com/images/M/MV5BNzAwY2MwNjgtM2QyNS00MjQ5LTkxNGEtYmRiNjliMGM1ZDg4XkEyXkFqcGc@.jpg,en,CAUGHT UP,CYNDA WILLIAMS,BOKEEM WOODBINE,
Arguing the World,https://m.media-amazon.com/images/M/MV5BMTcxNTU4MTI1OF5BMl5BanBnXkFtZTcwOTI5NDA0MQ@@.jpg,en,1,H,"""ENTHRALLING; WONDERFUL!""",
Senseless,https://m.media-amazon.com/images/M/MV5BNTJiMGM0MzItZTM5Zi00NzFmLWEyNTctNGJiYjc0ZGE5OTU0XkEyXkFqcGc@.jpg,fi,SENSELESS,"FROM THE DIRECTOR OF ""WAYNES WORLD""",COMES A COMEDY ABOUT THE WORLDS,
Wag the Dog,https://m.media-amazon.com/images/M/MV5BNmEwNzk5ZTYtNGUzOC00ZThjLTk3NGYtMDQ5MzNiYzQ0ZTNkXkEyXkFqcGc@.jpg,en,ROBERT,DUSTIN,they,
Dark City,https://m.media-amazon.com/images/M/MV5BMTFhMmE1YzgtNTFhYS00MTRlLWI3ZDMtMWJkMTBmOWMzOTk5XkEyXkFqcGc@.jpg,en,DABK,conelly,sewell,
Star Kid,https://m.media-amazon.com/images/M/MV5BMTY3NjkzNTctYzY3NS00MTM2LTlkNzQtNTgyNmE5MjU1MjM4XkEyXkFqcGc@.jpg,de,TAR KID,they,go kick,
Half Baked,https://m.media-amazon.com/images/M/MV5BNTYyMDI1MzMtMzk3MC00MDA5LTgwZTgtZjYxZjc0ZmUwNGMxXkEyXkFqcGc@.jpg,en,COMING,universalpictures com,,
Fallen,https://m.media-amazon.com/images/M/MV5BYzA4OTQwYzQtZGE1NC00MGM1LWEwOTUtYjcyMDU4N2UyOGVjXkEyXkFqcGc@.jpg,de,FALLEN,,,
Shooting Fish,https://m.media-amazon.com/images/M/MV5BMGVjMmY5ZjAtMWNiMy00MGYwLTliNWQtZjM2MGQyMzk0MjM0XkEyXkFqcGc@.jpg,en,shootingfish,are too easy:,Fat cats,
The Prophecy II,https://m.media-amazon.com/images/M/MV5BNzg5NGI0NjMtYTAzMC00YmFhLTliNGQtNmIyMmQ5YWM4Y2Q5XkEyXkFqcGc@.jpg,en,PROPHECY,JENNIFER BEALS,"Thrillerl""",
Fallen Angels,https://m.media-amazon.com/images/M/MV5BMWI3MDk4N2ItNzU2NS00Zjc5LWIxMDYtMGNmZmM2YzMzMDk3XkEyXkFqcGc@.jpg,no,ia,film,8,
Four Days in September,https://m.media-amazon.com/images/M/MV5BNGYwOWZiZTctODgxYS00MWE5LWJmODQtYmY0NDA5MmI4OTY4XkEyXkFqcGc@.jpg,en,September,four Gays,"""A Riveting",
Spice World,https://m.media-amazon.com/images/M/MV5BZTllNGQ2MDktNWVmZC00OGU3LTk0NjctODcxMDFiYmIwYmU2XkEyXkFqcGc@.jpg,en,3,SPICEWORLD,VANESSA PEREIRA AMD,
Deep Rising,https://m.media-amazon.com/images/M/MV5BNGY3MmNiZTgtMmY0OS00NmNjLWI0MjAtNDVjYTNlNWQwZGE1XkEyXkFqcGc@.jpg,nl,DEEP RISING,FULL SCREAM,AHEAD,
Tainted,https://m.media-amazon.com/images/M/MV5BYWI2NzVjYzItNzA4MS00MDNlLWE4NTktMmEzMTVkMGE5ZmUyXkEyXkFqcGc@.jpg,en,TAINTED,,,
A Letter from Death Row,https://m.media-amazon.com/images/M/MV5BMTAwNjk2MTUzNTReQTJeQWpwZ15BbWU3MDAwNzMxNDE@.jpg,en,DEATH ROW,LETTER FROM,tesbifying than,
The Replacement Killers,https://m.media-amazon.com/images/M/MV5BOTNhYjViODktMjhhNS00MTAwLWE4YmYtY2M4OGQzNThiMTgzXkEyXkFqcGc@.jpg,en,1,B,K,
B. Monkey,https://m.media-amazon.com/images/M/MV5BMTM5MzIzMDAxNV5BMl5BanBnXkFtZTcwNTc2NzAyMQ@@.jpg,de,BMONKEY,"""Entertaining!""",Angel By Day. Armed & Dangerous By Night.,
The Night Flier,https://m.media-amazon.com/images/M/MV5BYTZhM2JmMmMtZDIwYy00OTM2LTkxZTgtMWExMWMxYThhNDQ1XkEyXkFqcGc@.jpg,en,"""Startling; nonstop horror.",the,KIN G ' $,
Mass Transit,https://m.media-amazon.com/images/M/MV5BMTMwNDAyMTY5MV5BMl5BanBnXkFtZTcwMDg1NTcyMQ@@.jpg,en,,,,
Ride,https://m.media-amazon.com/images/M/MV5BZWNjZWUwNDgtYTM4ZC00Zjk0LTg3ZWItNGEyZmVkZTIxZDk0XkEyXkFqcGc@.jpg,pt,WILL SMITH,FINEST,MoST,
The Wedding Singer,https://m.media-amazon.com/images/M/MV5BNjU5MGYxNGMtMWZjNC00ZGYxLWIzY2YtNWExNDFlNmQwYzU0XkEyXkFqcGc@.jpg,en,the,drew barymore,adam sandler,
Sphere,https://m.media-amazon.com/images/M/MV5BNmJiZDZiMGQtYzU3My00ZGEyLThiNDctMTA0MDFmYjAzNmUzXkEyXkFqcGc@.jpg,de,JACKSON,HOFFMAN,STONE,
Ayn Rand A Sense of Life,https://m.media-amazon.com/images/M/MV5BYzc3ZTQ4YjUtYjM1MS00MDFmLWI4MDEtZjAwMmYwYWY2ZWU0XkEyXkFqcGc@.jpg,en,AYN RAND,4,,
As Good as It Gets,https://m.media-amazon.com/images/M/MV5BMzBiMWJhYmQtOWYzNS00NjgxLWE5NDItNzZlZDQwODBmODNjXkEyXkFqcGc@.jpg,en,As GOOD AS IT GETS,BRACE YOURSELF FOR MELVIN,NCHOLSON,
King of New York,https://m.media-amazon.com/images/M/MV5BOTE2NDcxNzE4N15BMl5BanBnXkFtZTgwMDc1NTk4NjE@.jpg,en,JOE DELA,CHRISTOPHER WALKEN KING OF NEW VORK,DAVID CARUSO . VICTOR ARGO,
A Paralyzing Fear The Story of Polio in America,https://m.media-amazon.com/images/M/MV5BMTI0Mjg0NTg0MF5BMl5BanBnXkFtZTcwNjY0NjcyMQ@@.jpg,en,Paralyzing,Fear,A,
Men with Guns,https://m.media-amazon.com/images/M/MV5BZDk4YTc4ZGQtMjBlYy00ZmQ3LWJjOGQtOGU5ZjlmN2ZiZWVjXkEyXkFqcGc@.jpg,en,MEN WITHGUNS,"A New Film From The Director Of ""Lone Star""","WRITTEN, DIRECTED AND EDITED BY JOHN SAYLES",
The Sadness of Sex,https://m.media-amazon.com/images/M/MV5BMTEwMTY0NTk4NzReQTJeQWpwZ15BbWU3MDAzNzY4MDM@.jpg,en,,,,
Twilight,https://m.media-amazon.com/images/M/MV5BMTQ2NzUxMTAxN15BMl5BanBnXkFtZTcwMzEyMTIwMg@@.jpg,en,twilight,When you can live forever;,what do you live for?,
U.S. Marshals,https://m.media-amazon.com/images/M/MV5BZTdlYTU2OGYtZjljOS00ZjFhLTk5NjAtZDQwZmNkYzk4YWQ5XkEyXkFqcGc@.jpg,en,WESLEY,chasing down,The cop,
Welcome to Woop Woop,https://m.media-amazon.com/images/M/MV5BODg5NDE1NTk5M15BMl5BanBnXkFtZTcwNDU1Nzg0NQ@@.jpg,en,WOOP,WOOP,Johnathon,
El Callej  n de los Milagros,https://m.media-amazon.com/images/M/MV5BZWQ1MGY2NmQtNmY0Ni00ODQ2LTllMzUtZjRmMGIzNjIyMzYwXkEyXkFqcGc@.jpg,es,Miragle Club,STEPHEN,KATHY,
In God s Hands,https://m.media-amazon.com/images/M/MV5BMWQxYzI2ZTUtZmM1NC00MTZiLThlYmItNzY0ZTk2N2MzMGQ4XkEyXkFqcGc@.jpg,en,TRAIHEAD,,,
Everest,https://m.media-amazon.com/images/M/MV5BNDAzOTYxMTctY2ViNi00NDI3LTgwMGItY2FhN2JjZWE5MjRkXkEyXkFqcGc@.jpg,no,E,T,IMAX 3D,
Hush,https://m.media-amazon.com/images/M/MV5BZjQ0YTU4OTQtMTU3Zi00OTdlLTkzN2EtZjlmOTZhNjIwN2VkXkEyXkFqcGc@.jpg,en,HUSH,SILENCE,KILLER,
Suicide Kings,https://m.media-amazon.com/images/M/MV5BOTBjMjJmMmItNjc5NS00ZjY3LTllZjAtN2EzMDI3ZTQwYzU5XkEyXkFqcGc@.jpg,af,K,Christopher~,Johnny,
The Man in the Iron Mask,https://m.media-amazon.com/images/M/MV5BNDc4YWYzNzEtNWMwMC00Y2ZlLWEzZWEtZDcwYjcwYTE3Y2ZlXkEyXkFqcGc@.jpg,en,RONMASK,mNAN,DEPARDIEU,
The Newton Boys,https://m.media-amazon.com/images/M/MV5BMTAwN2Y4ODgtM2IxZS00MDg4LThhOTEtMzE1YjFlYjljZGY0XkEyXkFqcGc@.jpg,en,HAMKLE,VINEENT,ETHAN,
Wild Things,https://m.media-amazon.com/images/M/MV5BZDRiYjFlNjgtNWJkMS00YjAzLTg1OTItZTkxOTFlZDA1N2U4XkEyXkFqcGc@.jpg,en,campbell,kevin bacon,matt dillon,
Paulie,https://m.media-amazon.com/images/M/MV5BZDBiYmJjNjctZDRmOS00YTk4LTljZTQtNjY5MTBiNThiYjVjXkEyXkFqcGc@.jpg,lt,ings ',Gveotino,,
A Cool Dry Place,https://m.media-amazon.com/images/M/MV5BMGE1ZTIxMTgtYjVlNC00N2ZiLThjMmMtYjc0ZmRlZjJjNzY2XkEyXkFqcGc@.jpg,en,Dry,"A Cool,",Place,
Fireworks,https://m.media-amazon.com/images/M/MV5BM2IxZTU4OWEtMGEwOC00MTE5LWE1M2MtN2NlNTBkMTI2MjI5XkEyXkFqcGc@.jpg,af,"SICILIA 1982, IL SOGNO DI AMARSI SENZA PAURA",DAL 23 MARZO #SOLOALCINEMA,REGIA DI GIUSEPPE FIORELLO,
Wide Awake,https://m.media-amazon.com/images/M/MV5BMGJlYTBmMGMtMTM3NS00NDI0LTk4ZDktYTM1NzI3NzQ1Mzg2XkEyXkFqcGc@.jpg,sw,AWAKE,WIDE,O'DONNELL,
A Price Above Rubies,https://m.media-amazon.com/images/M/MV5BODM1ZTRhMzAtMWMzNi00YmQyLThjOWEtMTFjNmM2YzFiMTE3XkEyXkFqcGc@.jpg,en,RUBIES,RENEE,ZELLWEGER,
Eden,https://m.media-amazon.com/images/M/MV5BZjJjMjRiNzgtNjFiZC00OWM5LTk2OGEtM2ZhNWI4NzRjZWY0XkEyXkFqcGc@.jpg,es,DE ARMAS,KIRBY,SWEENEY,
Two Girls and a Guy,https://m.media-amazon.com/images/M/MV5BOGZjMmExMWUtNzZiNS00ZDdmLWJiYjEtOWRhY2I1N2E3YzRmXkEyXkFqcGc@.jpg,en,GIRLs,GUY_,7,
Storefront Hitchcock,https://m.media-amazon.com/images/M/MV5BMGU0OWNmYmItYzk0Ny00MGM1LWFlNGQtZDc4OGVkNTk5ZGU2XkEyXkFqcGc@.jpg,en,HITCHCOCK,STOREFRONT,robyn hitchcock concert,
The Proposition,https://m.media-amazon.com/images/M/MV5BZTU2NGQ0MzAtMzZiNy00NDUyLThhNDMtZGNjMjViZmM0NTMwXkEyXkFqcGc@.jpg,en,BPROPOSITION,"Sergio Leonegipping hisseat""",brutal power and honesty,
The Object of My Affection,https://m.media-amazon.com/images/M/MV5BNDY2MjRhMTQtY2NhYi00OWNhLWJhYjUtNzA2NDYwNGFmN2FjXkEyXkFqcGc@.jpg,en,OBJECTor,AFFECTION,JENNIFER ANISTON,
Meet the Deedles,https://m.media-amazon.com/images/M/MV5BYzM3ZjUzNzctNjQzNS00MjFjLWE2OTAtYzU2NDgxNzFiZWU4XkEyXkFqcGc@.jpg,nl,DETES,AND SURF,2,
The Players Club,https://m.media-amazon.com/images/M/MV5BMTY0NDgwNzg4Ml5BMl5BanBnXkFtZTcwNzg3NTU0NA@@.jpg,en,glandtub,Ihe,you're played.,
Barney s Great Adventure,,en,,,,No poster for 'Barney s Great Adventure'
The Big One,https://m.media-amazon.com/images/M/MV5BYTMxMjA1ZjgtYjI3Ny00OWU4LWE1ZTItZWEwMjViODRhNzgzXkEyXkFqcGc@.jpg,en,ONE,RED,BIG,
Chinese Box,https://m.media-amazon.com/images/M/MV5BYWY5OGI3M2ItMzE4MC00ZmRlLTlkMjAtNTE5NjU0ODJlOTYzXkEyXkFqcGc@.jpg,en,+,IRONS,JEREMY,
Follow the Bitch,https://m.media-amazon.com/images/M/MV5BMTYxODE3Mzc4Ml5BMl5BanBnXkFtZTcwMTAwMjkwOA@@.jpg,en,4 Comedy by,taught them a LESSON:,"Its about the GUYS,",
Lost in Space,https://m.media-amazon.com/images/M/MV5BMTU1MzAwODM4OF5BMl5BanBnXkFtZTgwMjA4OTY5NDM@.jpg,en,NETFLIX,LS P A C E,L 0 $ T,
Mercury Rising,https://m.media-amazon.com/images/M/MV5BZGIzM2NmZWMtYjY5My00NzNmLTkxMjUtYWZkYzBmYmVhNGU5XkEyXkFqcGc@.jpg,en,RISIING,MERCURY,BRUCE WILLIS,
The Spanish Prisoner,https://m.media-amazon.com/images/M/MV5BZDY1N2U5MDQtYTczYy00ODhjLWFiMGQtMjUxYmUwNGU4MmUzXkEyXkFqcGc@.jpg,en,DAVID MAMETFILM,GAZZARA,HUFFMAN,
City of Angels,https://m.media-amazon.com/images/M/MV5BODYwMzM3ODEtZWZjOS00NWZhLWE2MWUtMDFlMWNiNGEwOWNlXkEyXkFqcGc@.jpg,en,CITY,ANGELS,OF,
The Last Days of Disco,https://m.media-amazon.com/images/M/MV5BMzIwNDllZDktYzIzMi00NTJhLTk5NzctMDc4MzJjY2QxNTcwXkEyXkFqcGc@.jpg,en,DISCC,The Last,History is made at,
The Odd Couple II,https://m.media-amazon.com/images/M/MV5BOWVlZmJjMjctODZmYy00MDA0LTlkOTEtNzM1NzU0OGFiM2JmXkEyXkFqcGc@.jpg,en,OdD,Oscar,Felkk,
My Giant,https://m.media-amazon.com/images/M/MV5BYmNkNDZhNTYtOGI4Yy00MWExLWI2MjItMTQ2ZGExZWI2ZjAzXkEyXkFqcGc@.jpg,cy,r Y s t a 1,proportions.,comedy,
He Got Game,https://m.media-amazon.com/images/M/MV5BMjA0MDVmOTItMWQzMS00ODFlLTkxNjMtMjc4MWU2MjZiNTRjXkEyXkFqcGc@.jpg,nl,GAME,THE,hegotgame.com,
Slappy and the Stinkers,https://m.media-amazon.com/images/M/MV5BZmI2NmFmYTktOGY5OS00ZWFlLWJlZWUtYzZlNGI1ZmYwNmVlXkEyXkFqcGc@.jpg,en,Slarpy,STIDTKERS,B.DWong,
Live Flesh,https://m.media-amazon.com/images/M/MV5BNDIyNDhjOWYtMDNjMC00YTZmLWJlYzYtYTNiNmY1MDNhYzMwXkEyXkFqcGc@.jpg,sq,cossio,,,
Nil by Mouth,https://m.media-amazon.com/images/M/MV5BNzFkODEyNDctYjgyYi00ZmU3LThmOTUtMDhmYTE5NDU0ZTEwXkEyXkFqcGc@.jpg,en,MOUTH,BY,NIL,
Ratchet,https://m.media-amazon.com/images/M/MV5BNDMxMjkzOTEzOV5BMl5BanBnXkFtZTgwNDExNjk5NzE@.jpg,de,5,4/9,ASTERQID,
The Borrowers,https://m.media-amazon.com/images/M/MV5BZDYyYWNhNDItMTljMS00MjE0LWI1NzktMmQzZjZkMDRlOTE3XkEyXkFqcGc@.jpg,en,John,Jim,Goodman,
Prince Valiant,https://m.media-amazon.com/images/M/MV5BNmViOTE5OTItMzgyYi00YjVkLTg0MjYtM2IxYTBjNTQxY2IwXkEyXkFqcGc@.jpg,it,Princefaliant,JAMES,ROBERT,
I Love You Don t Touch Me,https://m.media-amazon.com/images/M/MV5BMTI5MTk0MDk2N15BMl5BanBnXkFtZTYwMTA5Mjg5.jpg,en,,,,
Leather Jacket Love Story,https://m.media-amazon.com/images/M/MV5BMTQyMzIxODEzMl5BMl5BanBnXkFtZTcwOTM2MjkxMQ@@.jpg,en,~Variety,Eq],ChRISTOPHER,
Love Walked In,https://m.media-amazon.com/images/M/MV5BMjQ3ZjdhNzAtOGVhZS00MzQ3LTk0MTQtZjY4NjY5ZWNmYzY4XkEyXkFqcGc@.jpg,en,,,,
Kissing a Fool,https://m.media-amazon.com/images/M/MV5BOWI1N2RlYTItMjg1ZS00NDJjLThiMzEtMjY2ZWNkZjVlNmY0XkEyXkFqcGc@.jpg,en,KisSing,A ddl,SCHWiMMER,
Kurt Courtney,https://m.media-amazon.com/images/M/MV5BZmJlMjMwYjctNDQwMy00OGRkLWI1MmYtZjMxZjBiNTU5MzlhXkEyXkFqcGc@.jpg,de,KURT&,,,
The Real Blonde,https://m.media-amazon.com/images/M/MV5BMTljNzM1OTgtMDQxMC00NDY3LWEzYTYtODQ5YTg2NjNiZWYzXkEyXkFqcGc@.jpg,en,the real blonde,Maxwell Caulfield  Elizabeth Berkley   Mardlo Thomas   Bridgette Wison,Buck Henry with Christopher Lloyd an Kathleen Turner,
Mr. Nice Guy,https://m.media-amazon.com/images/M/MV5BYmU1MWQ0NGEtZTRmOC00NWJiLWFkZjYtZWM5NmM1ODQ5Y2U3XkEyXkFqcGc@.jpg,en,MR,GUY,16,
Karakter,https://m.media-amazon.com/images/M/MV5BYTkwZTVhZmItZDllNy00NzdkLThjMDktN2U2ZTUwYmY1NWU3XkEyXkFqcGc@.jpg,id,CHARACTER,SUPERB!,ACADEMY,
Junk Mail,https://m.media-amazon.com/images/M/MV5BMzkxOTRhZGUtZTc1MS00YWMyLWFkYTMtOGQ5NjE0MGQyZmY0XkEyXkFqcGc@.jpg,sw,BUDBRINGEREN,BESTE NORSKE FILM SISTE 25 AR!,,
Species II,https://m.media-amazon.com/images/M/MV5BZmM0OTQyMzEtZGRjMS00NWVjLWFkOWMtNjg2ZDY4ZGQ0YWY4XkEyXkFqcGc@.jpg,en,MATING. SEASON BEGINS,04/10/98,,
Major League Back to the Minors,https://m.media-amazon.com/images/M/MV5BMjQxNmM4ZGYtZGJkYi00YTdiLWJmZjYtNDkzYWMyMGY0NzY0XkEyXkFqcGc@.jpg,en,Ihev,Bxck,,
Sour Grapes,https://m.media-amazon.com/images/M/MV5BNDg4N2U0NDEtMGFkMS00YWM2LWFlZmItZTQ3MzE1ZGI5M2YzXkEyXkFqcGc@.jpg,fr,SOUR,GRAPES,hotoocs,
Wild Man Blues,https://m.media-amazon.com/images/M/MV5BODI1YTk1ZGYtOTM5ZS00OTFkLWI0NjktM2VkMGI4NzE1NjA1XkEyXkFqcGc@.jpg,en,AL,and perceptively follows Woody Allen on a European tour,"are enough to make this a Standout""",
The Big Hit,https://m.media-amazon.com/images/M/MV5BZWJhMmNhZDItY2Y2Zi00YjRhLWFmNWQtZGM0ZDcxMDEwMmZlXkEyXkFqcGc@.jpg,en,bokeem,atonio,dangerus,
Tarzan and the Lost City,https://m.media-amazon.com/images/M/MV5BNGZmYjk5MmItMDc4ZS00MDQzLTg3YzQtYTE0N2U5YjdkMDg2XkEyXkFqcGc@.jpg,en,TDRZAN,JAIE,CASPER,
Black Dog,https://m.media-amazon.com/images/M/MV5BOGYxNjEwMTAtOGQ0Yi00ZjI0LWFkNTktNTk4ZGU5Nzg2ZTgzXkEyXkFqcGc@.jpg,de,BLACK DOG,TONG LIYA,FESTIVAL DE CANNES,
Dancer Texas Pop. 81,https://m.media-amazon.com/images/M/MV5BMjEwNjJjZjQtYjNhYS00NTA1LTljYjYtYTQwYjg1ODRiMDU5XkEyXkFqcGc@.jpg,en,Pop. 8],Pop: 81,@Sis,
A Friend of the Deceased,https://m.media-amazon.com/images/M/MV5BMzQyMmM4MzktZmI3YS00YWI5LWEwYTktODJlODNlMDM2NGM4XkEyXkFqcGc@.jpg,en,peacock,AFRIEND,peacocke,
Go Now,https://m.media-amazon.com/images/M/MV5BMTM4MDgxNjU4Nl5BMl5BanBnXkFtZTcwMzc2MTM2Nw@@.jpg,pl,WHERE DO WE GO NOW?,A Film By Nadine Labaki,"'ENCHANTING, BRILLIANT",
Les Mis rables,https://m.media-amazon.com/images/M/MV5BY2Q1YjIxZTAtZTU0YS00ZmE5LWEwODEtY2IyYWM2ZTJlOWE1XkEyXkFqcGc@.jpg,fr,LesMiserables,1,HOPE,
Still Breathing,https://m.media-amazon.com/images/M/MV5BYzIxZjAwNzAtOGEzYS00ODAyLWJlMDUtN2MzMjAzYmJjOTQ0XkEyXkFqcGc@.jpg,en,StillBreathing,JoannaGoing,BrendanFraser,
Clockwatchers,https://m.media-amazon.com/images/M/MV5BODM4ZTk2YzEtZDFkNy00MTc5LWEzMGEtNjY0ZGQ4MWU4NGYzXkEyXkFqcGc@.jpg,en,COLLETTH,POSHY,KUDROW,
Deep Impact,https://m.media-amazon.com/images/M/MV5BN2EwNjMxOWYtYWE5Zi00MWEyLWJlMGMtYzA1NDQyZGE5YWZjXkEyXkFqcGc@.jpg,nl,SURVIVES,HOPE,OCEANS,
Little Men,https://m.media-amazon.com/images/M/MV5BNTBkNTljNmUtZDUyMS00MDM0LWIyOGItMGIzNGJkM2E2Nzk0XkEyXkFqcGc@.jpg,de,Little,Men,,
The Hanging Garden,https://m.media-amazon.com/images/M/MV5BOWYxOTNiMDgtOWIxYi00YmU0LWFiMmItNDgzNWZkZmY2NTZiXkEyXkFqcGc@.jpg,en,Hngiug,MULTICOM,ENTERTAINMENT GROUP INC,
Lawn Dogs,https://m.media-amazon.com/images/M/MV5BZGEyMDA2ZDMtYzFkNi00YjMyLWIwODEtODNiNmU5N2IyMzk4XkEyXkFqcGc@.jpg,cy,dogs,lawn,daring;,
Godzilla,https://m.media-amazon.com/images/M/MV5BODE2NTdmMmYtY2U1OS00MjExLWIwNjQtYjQ5NTA0ZDZmZjZiXkEyXkFqcGc@.jpg,pl,GODZILLA,MAY 16,STRATHAIRN,
Bulworth,https://m.media-amazon.com/images/M/MV5BMTY2NTM5NjIyOV5BMl5BanBnXkFtZTgwMzUwNzc3NjE@.jpg,en,PAUL SORVINO,WARREN BEATTY,HALLE BERRY,
Fear and Loathing in Las Vegas,https://m.media-amazon.com/images/M/MV5BNjFkNjdiZjUtNzUzNy00NWM5LWFlNDUtNTRiYmJiZWNiYjkwXkEyXkFqcGc@.jpg,en,Fewv,LiATHING,InLAS VEGAS,
The Opposite of Sex,https://m.media-amazon.com/images/M/MV5BNDIxMTJmZTEtNTA1YS00MmYwLThjMDEtMDE3NjY1OGRjYmYyXkEyXkFqcGc@.jpg,en,Opposite,Sex,"A SCATHING COMEDY!""",
Almost Heroes,https://m.media-amazon.com/images/M/MV5BNzVjOWQ1YTYtZmFhZC00YmM4LTg3MGUtZmY2ZGRiNGQzMWFjXkEyXkFqcGc@.jpg,nl,ALMOST,HEROES,FARLEY,
Hope Floats,https://m.media-amazon.com/images/M/MV5BYjM3NjYwMzctMTI3OC00N2Q3LWFiYjMtOTU1YTVhNjFmYzk1XkEyXkFqcGc@.jpg,ro,"CONNICK,JR.",harry,BULLOCK,
Insomnia,https://m.media-amazon.com/images/M/MV5BOWUyMTY3MzUtODBiZC00ZjRmLTlkYTMtNDYyODNhODcyOTNlXkEyXkFqcGc@.jpg,sv,SWAnk,PACINO,ROBIN,
The Ugly,https://m.media-amazon.com/images/M/MV5BYzk2MjdkZDMtNmU0ZC00ZTEyLTk0ZTAtZDM1MmFhNDdhMjFiXkEyXkFqcGc@.jpg,en,STEPSISTER,75,sundance,
A Perfect Murder,https://m.media-amazon.com/images/M/MV5BMjY3YmQ1MzItMGZjMS00ZWZkLTllYTctYWQ0NmI1M2E1NzgwXkEyXkFqcGc@.jpg,de,PERFECT,MURDER,DOUGLAS,
Beyond Silence,https://m.media-amazon.com/images/M/MV5BYTg1M2E1OWItZjBmZS00NGU3LTkxZmMtZmFlYjU2MDIwODQ0XkEyXkFqcGc@.jpg,tr,t ille,"LEBEN ,",ScHNEES .,
Six Days Seven Nights,https://m.media-amazon.com/images/M/MV5BYzFhZDg3MDYtNGIxYi00MDBlLTg3OWUtNTMwYjcxMjc2ZTYwXkEyXkFqcGc@.jpg,en,SEVEN NIGHTS,,,
Can t Hardly Wait,https://m.media-amazon.com/images/M/MV5BNDIzYTA5OTMtOGE0OC00NGFkLWI1ZTctOWJkMTJmZGZmNjkwXkEyXkFqcGc@.jpg,en,1 CAN,HARDLY,WAIT,
Passion in the Desert,https://m.media-amazon.com/images/M/MV5BZDVmNWM4YTMtNGU0ZC00ZDBiLWI3MzItODBjNmQ5YTAzZTNjXkEyXkFqcGc@.jpg,en,PASSION,DESERT,TNE,
Children of Heaven,https://m.media-amazon.com/images/M/MV5BZWZlMjNhNzgtZGRhOS00Y2U5LThjOTctODNjZTI0ZTBiYzBhXkEyXkFqcGc@.jpg,en,OFHEAVEN,CHILDREN,AWARD,
Dear Jesse,https://m.media-amazon.com/images/M/MV5BMjE2NjU3MTE1NV5BMl5BanBnXkFtZTcwOTcyNzc3MQ@@.jpg,de,JESSE,DEAR,Gay,
Henry Fool,https://m.media-amazon.com/images/M/MV5BY2ZlOWRhMDYtNDkxYi00MWQ5LWI0ZDMtOWFiM2QzZjljYjJmXkEyXkFqcGc@.jpg,en,Hal Hartley,This breakthrough film is the most energetic and far reaching,a neW film by,
Marie from the Bay of Angels,https://m.media-amazon.com/images/M/MV5BYTA3MjkyMTctYTcyZC00ZjkyLWJlNWUtMjY5ZWMxNGQ1NjBiXkEyXkFqcGc@.jpg,en,Marie baie des anges,of angels),A story,
Mr. Jealousy,https://m.media-amazon.com/images/M/MV5BMWU1MGI5NTUtYzBlNS00ZGQ2LTg3ZDUtMTQ5YTU0YjBlODJkXkEyXkFqcGc@.jpg,en,Annabella Sciorra,Eric Stoltz,,
Mulan,https://m.media-amazon.com/images/M/MV5BYzU0ZTQxZDktOGY0Yy00NjdiLTllNDItMTMzMjI1YjMyYjRhXkEyXkFqcGc@.jpg,tl,MulAN,@ar,David Zippel,
Resurrection Man,https://m.media-amazon.com/images/M/MV5BMTQyNDE0MDQyOF5BMl5BanBnXkFtZTcwODg3NDYyMQ@@.jpg,en,2,,,
The X Files,https://m.media-amazon.com/images/M/MV5BNzg3ODVhZWEtYmI0MC00NDQ0LWEyNGYtM2M0MTRhZTZmMjU3XkEyXkFqcGc@.jpg,en,is still out there:,The truth,6-EPISODE EVENT,
I Went Down,https://m.media-amazon.com/images/M/MV5BZWY3ZDU2NDEtYmU2Ni00OTU3LTk1NDAtMGQ5NzA3ODQyOGNiXkEyXkFqcGc@.jpg,en,IENT DOWN,"""IF YOU CAN'T ENJOY THIS ONE, YOU","MAY GIVF UP ON MOVIES ALTOGETHER""",
Doctor Dolittle,https://m.media-amazon.com/images/M/MV5BMTI2NThkYjYtMWZjNi00ZGEwLTgyNjEtOTlhZTA3MmEzYzVhXkEyXkFqcGc@.jpg,en,COMING SOON,,,
Out of Sight,https://m.media-amazon.com/images/M/MV5BM2U3OGQ0NTMtNmQxYS00MmRiLTg2OTctZDI3ZjNjZjM5N2NlXkEyXkFqcGc@.jpg,en,CEORGEELOONEY,A T T R A C,T,
Smoke Signals,https://m.media-amazon.com/images/M/MV5BMjA4MjU1NTg0NF5BMl5BanBnXkFtZTgwODYwMDQ1MjE@.jpg,sl,SMOKE,SIGNALS,"""ONE",
Voyage to the Beginning of the World,https://m.media-amazon.com/images/M/MV5BZTkwNWRkMDktMzY4NC00ZTY4LWE3ZDQtNDNjOTQxZTNiMWUyXkEyXkFqcGc@.jpg,en,Vovage,Monde,MARCELLO MASTROIANNI,
Buffalo 66,https://m.media-amazon.com/images/M/MV5BMjQzYzEwZWItMGE2Ny00YTg2LTgyMjUtMjNjZDUzMGE2ZGE5XkEyXkFqcGc@.jpg,cy,a film by Vincent Gallo,FILMS,DOLBY,
Armageddon,https://m.media-amazon.com/images/M/MV5BYzQ3MzJmZjUtNTc0OC00ZWRiLWJkMTYtMTZkMDVhMDQ4OGU4XkEyXkFqcGc@.jpg,cy,ARMAGEDDON,,,
Madeline,https://m.media-amazon.com/images/M/MV5BZWE1NzdiMGMtMDM1Yy00Mjk5LTljNjEtNDBkMzVkNzNiYTdkXkEyXkFqcGc@.jpg,et,LJNE,MAD,,
There s Something About Mary,https://m.media-amazon.com/images/M/MV5BNWZjMDhkZGItOGE4OS00YjUyLTlmOTUtMjE0ZDVmM2I2YmU0XkEyXkFqcGc@.jpg,en,somtething,therels,DION,
Plan 9 from Outer Space,https://m.media-amazon.com/images/M/MV5BZGM4Y2MwMzktODg3MS00ZjVkLTk2NGMtY2Y0M2Y2MWQ0ZDBiXkEyXkFqcGc@.jpg,en,SPACE,OUTER,FROM,
The Broadway Melody,https://m.media-amazon.com/images/M/MV5BOWFjYTA2ZWUtOGNhNC00MjQ0LWFjYmItZTU0ZTdhNDA2OWNjXkEyXkFqcGc@.jpg,en,MELODY,BROADWAY,KING,
All Quiet on the Western Front,https://m.media-amazon.com/images/M/MV5BNTc2NDE0YjEtYmY3Ni00ZDE4LWE2MzEtZWYwOGI4YTYwNjNjXkEyXkFqcGc@.jpg,en,ALL QUIET,Dialogue ly MAXWELL ANDERSON and GEORGE ABBOTT,ON,
Grand Hotel,https://m.media-amazon.com/images/M/MV5BMzM5NjUxOTEyMl5BMl5BanBnXkFtZTgwNjEyMDM0MDE@.jpg,de,IEL,HQ,THE,
Cavalcade,https://m.media-amazon.com/images/M/MV5BNTVlNzZiZmEtYmIzMC00OGJiLWJkMzAtNjQ2NzY4OGFjZmE4XkEyXkFqcGc@.jpg,ca,PICTURE,GENERATION,NOEL COWARD,
The Great Ziegfeld,https://m.media-amazon.com/images/M/MV5BOTU3ODQzYzMtOWRhYS00NTY2LWE4YmYtOGM2ZjhiNThjOWQ4XkEyXkFqcGc@.jpg,en,POWELL,RAINER,MYRNA,
The Life of Emile Zola,https://m.media-amazon.com/images/M/MV5BNDI2ODAyNDQzMV5BMl5BanBnXkFtZTgwNzE2MzI2MzE@.jpg,en,ZOLA,MuL,,
You Can t Take It with You,https://m.media-amazon.com/images/M/MV5BMWU4Y2I3YzItZWY1MC00ODRhLTljNWYtYmI0NWU0MzNiZmMwXkEyXkFqcGc@.jpg,en,ARLOLD,THE GREAT PULITZER PRIZE PLAY BECOMES THE YEAR' 5 OUTSTANDING PICTUREL,LOVE,
How Green Was My Valley,https://m.media-amazon.com/images/M/MV5BNDU2NjRhMDEtMTkzOS00OWYwLWJiOGEtNmQwNjQzNmQ1NTc1XkEyXkFqcGc@.jpg,en,MY,LEE,Anna,
Mrs. Miniver,https://m.media-amazon.com/images/M/MV5BNjVjNzE1ODAtYWViYi00MjhjLThhNWEtZjcyZDVjOThlNWVmXkEyXkFqcGc@.jpg,en,GARSON,PID GEON,EXHIBITION,
Going My Way,https://m.media-amazon.com/images/M/MV5BYjY4OTc2ZTgtZDIyMy00OTM3LWE3NjAtYzc5ZjRjNzBjODlmXkEyXkFqcGc@.jpg,tl,MY,GOING,WAY,
The Lost Weekend,https://m.media-amazon.com/images/M/MV5BMTk4NDQ0NjgyNF5BMl5BanBnXkFtZTgwMTE3NTkxMTE@.jpg,nl,BAY MILLAND,JANE,WYMAN,
Hamlet,https://m.media-amazon.com/images/M/MV5BNGNjM2NkMmItMjg4YS00OWZiLTk4ZTAtMTUzMzhkNTUxZDc5XkEyXkFqcGc@.jpg,tr,Gerard Depardieu,Jack Lemmon,Billy Crystal,
All the King s Men,https://m.media-amazon.com/images/M/MV5BZGQzMzcwMDYtMmNjNS00YzZlLTg2MjUtNTE0MThlNTFjMDQ0XkEyXkFqcGc@.jpg,en,REDFORD/HOFFMAN,"""ALLTHEPRESIDENTSMEN""",The most devastating,
From Here to Eternity,https://m.media-amazon.com/images/M/MV5BYjNhMDFkMDUtODFkMy00MGE0LTliZGUtNjNlYWM2ZjhiOWQ2XkEyXkFqcGc@.jpg,en,BURT LANCASTER : MONTGOMERY CLIFT,FRANK SINATRA : DONNA REED,DEBORAH KERR,
Marty,https://m.media-amazon.com/images/M/MV5BNDk5OWZlNTAtMDU3OC00ZGM3LTgwNWYtMWM3ODEwZjM4ZDY3XkEyXkFqcGc@.jpg,en,"""SUPERB, WARM; RICHI""",M,"""A TRIUMPHI""",
West Side Story,https://m.media-amazon.com/images/M/MV5BOWZkYzY2OGUtOGU4Ni00NmI0LTg2ZjAtZDA5OWE0YTNiZWRiXkEyXkFqcGc@.jpg,de,IES,DEC 10,L,
Tom Jones,https://m.media-amazon.com/images/M/MV5BMjI3ZTIyYTUtOGRkOS00YmM2LTk2NWItZjJlYmQ2ZTdkODkzXkEyXkFqcGc@.jpg,en,Jones,Tom,TonY RICHARDSON,
A Man for All Seasons,https://m.media-amazon.com/images/M/MV5BNjBmMWM0MDQtY2JlNy00NjVkLWE1MjgtMTFmYmRkOTc1ZmNlXkEyXkFqcGc@.jpg,en,SFASONS,AMAN,FORAL,
In the Heat of the Night,https://m.media-amazon.com/images/M/MV5BNmFiNzMwMzItYzkwOS00YjE2LWFiZjYtM2ZjNmEwYjY2Mjc2XkEyXkFqcGc@.jpg,en,CARROL O'CONNOR,theL,of,
Midnight Cowboy,https://m.media-amazon.com/images/M/MV5BY2QyNDQ4ZGQtOTFlYy00NDVjLWI5NTEtNTBmYTA5OTI0ODYyXkEyXkFqcGc@.jpg,en,JON,RUTH WHITE,G0Antsts,
The French Connection,https://m.media-amazon.com/images/M/MV5BZDAyZDU3OWUtNWQ3Zi00ZWRkLWI4MGEtNDFlZWIzZDk5ZTZkXkEyXkFqcGc@.jpg,en,FRENCH CONNECTION,THE,WaNTED,
Rocky,https://m.media-amazon.com/images/M/MV5BZDEyY2M2MGMtYjg5OC00ZWFjLWFkZDQtNmQzZTdiYmYzZTBkXkEyXkFqcGc@.jpg,cs,ROCKY,His whole life was a million-to-one shot,United Artists,
Ordinary People,https://m.media-amazon.com/images/M/MV5BODkyODllNDQtMTRjZS00ZGM5LWFmYmQtMzlhZjNhZjgwOGVhXkEyXkFqcGc@.jpg,en,R,Everything is in its proper place_,Exceptthe past.,
Terms of Endearment,https://m.media-amazon.com/images/M/MV5BMTk0ODM4NDk0MF5BMl5BanBnXkFtZTgwMTEzMDUxMDE@.jpg,en,Winger,Shirley,Nicholson,
Out of Africa,https://m.media-amazon.com/images/M/MV5BOWQ5MGI3NWYtMmVjNS00OWIzLWEzMGQtMGZhMzY3NjI2YjhiXkEyXkFqcGc@.jpg,en,QUTOEAFRICA,REDFORD,MERYL,
The Last Emperor,https://m.media-amazon.com/images/M/MV5BYjIxYWFiMDgtZTgyMy00MjFiLWIyMmEtNGIyZjc1NTRlMzQ3XkEyXkFqcGc@.jpg,en,[ASLEMPEROR,TE,Nothing prepared him for our world of change.,
Rain Man,https://m.media-amazon.com/images/M/MV5BZDUzODNkNGUtNzJjNi00ODFlLTkzMzktMGNkOTIwYWM2YTQzXkEyXkFqcGc@.jpg,id,HOFFMAN,RAIN MAN,CRUISE,
Take the Money and Run,https://m.media-amazon.com/images/M/MV5BMjE2Mjc5NDg3OV5BMl5BanBnXkFtZTgwMzUxMjMyMTE@.jpg,en,crime lives?,triumphant:,is nuttiness,
Repo Man,https://m.media-amazon.com/images/M/MV5BMTc3NTZhOTQtNDUzMi00ZjQ1LThhYTQtYmVlNmNjZTZlZjNkXkEyXkFqcGc@.jpg,es,MAN,"The risks are great, because hidden",PETER McCARTHY,
Metropolitan,https://m.media-amazon.com/images/M/MV5BODNlNmUxZDEtYTVhYy00M2RhLTlhZjUtYjA3Y2M0NjA3ODFhXkEyXkFqcGc@.jpg,it,Metropolitan,Finally,wardly,
The Breakfast Club,https://m.media-amazon.com/images/M/MV5BZTZiMGU1MWMtNjk0Yi00ZjNjLTljMDEtMDhkNGE2OWY3YzZiXkEyXkFqcGc@.jpg,en,CLU B,"THEY ONLY MET ONCE, BUT IT CHANGED THEIR LIVES FOREVER:","were five total strangers, with nothing in common,",
A Nightmare on Elm Street 2 Freddy s Revenge,https://m.media-amazon.com/images/M/MV5BYzA0OTk4OWQtYWZlYy00Y2M4LWFmNzctZmU4OWVkMTI1NjJkXkEyXkFqcGc@.jpg,en,The Man of Your Dreams,ONELM STREET 2,Is Back:,
A Nightmare on Elm Street 3 Dream Warriors,https://m.media-amazon.com/images/M/MV5BYWMwMmQxZjUtNDFkYi00MjU3LThhNmYtMmU4YzgyMmYwZWZlXkEyXkFqcGc@.jpg,en,DREAM WARRIORS,ON ELM STREET,"IF YOU THINK YOULL GET OUT ALIVE, YOU MUST BE DREAMING:",
A Nightmare on Elm Street 4 The Dream Master,https://m.media-amazon.com/images/M/MV5BY2FlMDZlNjUtM2QyYS00Y2YyLWI3ZjEtZDdjZWM5ZTg0MDRiXkEyXkFqcGc@.jpg,en,TE DREAM MAJTER,ON ELM STREET,Directed by RENNY HARLIN,
A Nightmare on Elm Street 5 The Dream Child,https://m.media-amazon.com/images/M/MV5BYzI0ZTNkYzktYmI4NS00YTViLWI4YzEtZmI5MWY3NWNmZTQwXkEyXkFqcGc@.jpg,en,5,ON ELM STREET,Featuring the,
Freddy s Dead The Final Nightmare,https://m.media-amazon.com/images/M/MV5BZjNiMWEzNDMtZjQwZS00YTJiLTkyNzItNjkyY2Y4YjBiNmIzXkEyXkFqcGc@.jpg,en,THEY SAYED THE BEST FOR LAST,DECLAV QUINN,THE,
Friday the 13th,https://m.media-amazon.com/images/M/MV5BNzI1ODZhNDctNTdjOC00Mzg2LTg1ZjktNjJkNjA2YzYxMGQzXkEyXkFqcGc@.jpg,en,"Friday the 13th, nothing will save them:",They,They were warned,
Friday the 13th Part 2,https://m.media-amazon.com/images/M/MV5BYjBkMGM2MDAtMjUwYS00ZjVlLWEzNGItZDJmOTA2YmE2NjRhXkEyXkFqcGc@.jpg,en,TRIDAY,Thebodycount continues:,R,
Friday the 13th Part III,https://m.media-amazon.com/images/M/MV5BYzdkOWZiY2UtNjk0Zi00M2M4LWFjMjAtNGI4YmMzMTgyZTRmXkEyXkFqcGc@.jpg,en,31,A New Dimension In Terrora.,R,
Friday the 13th A New Beginning,https://m.media-amazon.com/images/M/MV5BM2IyZjc2YWYtMDQ3ZS00MzVlLTk1ZmUtYTdhMjhmMzY1OTMzXkEyXkFqcGc@.jpg,en,JASON,STLL HAUNTS VOU,L,
Jason Lives Friday the 13th Part VI,https://m.media-amazon.com/images/M/MV5BMjhmNDkwZTItNDFhZi00YWMyLWJjNTctNGE3M2MxNGRmMDMyXkEyXkFqcGc@.jpg,en,JAS,A PARAMOUNT PICTURE,KILL OR BE KILLED:,
Friday the 13th Part VII The New Blood,https://m.media-amazon.com/images/M/MV5BZTA5ZTFlYzQtMWNmMS00ZDI4LTg4ZWQtNzYzNjFiYzQyODhjXkEyXkFqcGc@.jpg,en,But thjs tme sqmeones waiting:,A PARAMOUHT PICTURE,COPYRIGHT < 1988,
Friday the 13th Part VIII Jason Takes Manhattan,https://m.media-amazon.com/images/M/MV5BODg3MThhYjUtYzFmOC00NmI4LTkzODgtMjgxN2M2NmE0ZjViXkEyXkFqcGc@.jpg,en,NEW YORKHASANEW PROBLEM:,R,,
Halloween,https://m.media-amazon.com/images/M/MV5BMzZiNTdiYTgtYjNkMS00MmJmLWEwZGQtNmY0NGJkMGE0YmYzXkEyXkFqcGc@.jpg,nl,HALLOWEEN,Night,Came,
Halloween II,https://m.media-amazon.com/images/M/MV5BY2M5ZGEwZjItODgwOC00OWM3LTliYmQtNzlmY2NmODE1MzAwXkEyXkFqcGc@.jpg,nl,HALLOWEEN II,MoreOf The Night He Come Home.,"From ThePeople Who Drought You ""HALLOWEEN:",
Halloween III Season of the Witch,https://m.media-amazon.com/images/M/MV5BODRhZjBjNmUtYTcxOC00YzJmLTk3OTYtYTBiNzg5OGU5YmM5XkEyXkFqcGc@.jpg,en,ALLOWEENT,SEASONOTHICH,no one comes home,
Halloween 4 The Return of Michael Myers,https://m.media-amazon.com/images/M/MV5BNGQ2NzZhYjItMTYwNC00YzVhLWIwNzItMGEwM2M2ZDI3ZmNmXkEyXkFqcGc@.jpg,en,HALLOWEEN4,HES BACK,THE RETURN OF MICHAEL MYERS,
Halloween 5,https://m.media-amazon.com/images/M/MV5BMTI2MWRkMzUtNGI2OC00MzA1LTkwMjEtZGRkOTk3ZjU1MjIxXkEyXkFqcGc@.jpg,nl,HALLOWEEN5,AND THIS TIME THEYRE READY!,THE REVENGE OF MICHAEL MYERS,
Prom Night,https://m.media-amazon.com/images/M/MV5BZmFmYzZiZGQtNDYzYi00NjYxLWE3NTgtOTYyMWI3MTI5YTUzXkEyXkFqcGc@.jpg,en,PROMNIGH,F 0 R,D F E,
Prom Night II,https://m.media-amazon.com/images/M/MV5BMWQxZjMwODMtYzRlOS00YjAyLWI2ZjYtZmZiNzE5NTEwOWFlXkEyXkFqcGc@.jpg,en,Mary,4,Again .,
Prom Night III The Last Kiss,https://m.media-amazon.com/images/M/MV5BZDI3M2ZiMTItYjFmYi00ZTUwLThhNmQtMTMxNjg2YmRmYWYxXkEyXkFqcGc@.jpg,en,Alex thinks he'$ died and gone to heaven: He s half right;,NORSIAR,,
Prom Night IV Deliver Us from Evil,https://m.media-amazon.com/images/M/MV5BNDY4MjVjMmMtY2U5YS00MTdiLWFiMDQtOWVkNzQ5YjY4NzM3XkEyXkFqcGc@.jpg,en,Prom,Nigbt,IV,
Child s Play,https://m.media-amazon.com/images/M/MV5BMWZjZTUwNDUtNzdhYy00MDA2LTljZTgtMDkzYjMxMmU4NWU0XkEyXkFqcGc@.jpg,en,,,,
Child s Play 2,https://m.media-amazon.com/images/M/MV5BNmQ5ZWRhZmMtOWI0OC00OWMzLWIwNzgtMzYzNjNhZDEwNTE1XkEyXkFqcGc@.jpg,en,CHILDS PAY,CHUCKYISBACK,SORRY JACK,
Child s Play 3,https://m.media-amazon.com/images/M/MV5BNzc0NjExMTgtYTA4ZS00NWRiLWE3MzUtNTUyNDFkNGY3ODRkXkEyXkFqcGc@.jpg,en,TO PUt AWAY CHILDHOOD THINGS:,therE COMES A TIME,HEVH YAGHER,
Poltergeist II The Other Side,https://m.media-amazon.com/images/M/MV5BYjVhOTgxYjgtNTdjYS00ZTg4LTlmMzQtMTIxZDQ5OGMzZjIwXkEyXkFqcGc@.jpg,de,POLTERGEIST 1,THE OTHER SIDE,"""Tbeyre back",
Poltergeist III,https://m.media-amazon.com/images/M/MV5BZGVkNzI1NjAtMjQyNS00Y2QxLWI1NjItNTAwZTk5MGU5M2M4XkEyXkFqcGc@.jpg,de,GARY SHERMANFim   POLTERGEIST III,ZELDA RUBINSTEIN,TOM SKERRITT,
Exorcist II The Heretic,https://m.media-amazon.com/images/M/MV5BZTQ4YTYwZTEtODA0Ni00MjQ3LTgxYmUtNWE1NzRkNGQ3NWE3XkEyXkFqcGc@.jpg,en,THE HERETIC,EXORCIST II,WHAT DOES SHE REMEMBER?,
Lethal Weapon,https://m.media-amazon.com/images/M/MV5BMWVlNWZlODktMzhhNS00YThhLWEzZWYtYzU0NDFmNzk0MGVlXkEyXkFqcGc@.jpg,en,LETHALWEAPON,MEL GIBSON,Hes the only LA cop registered a8a,
Gremlins,https://m.media-amazon.com/images/M/MV5BYmMzMmIxNzYtYjk3OS00NjBiLTkxNDQtODU3ZDNjN2RiMTIxXkEyXkFqcGc@.jpg,de,GREMLiNS,Intelligent,Dangerous.,
The Mask of Zorro,https://m.media-amazon.com/images/M/MV5BMzA2MDgyYzMtNjc4OC00YjU0LWEzMWEtOTRhMTViODY0Mjk0XkEyXkFqcGc@.jpg,en,ZO RRO,THE,0 F,
This World Then the Fireworks,https://m.media-amazon.com/images/M/MV5BODI0MWRkNzItOTBmOC00MDJiLThiNjEtMDQ1ZGQwOTcyN2NiXkEyXkFqcGc@.jpg,en,SHERYL,ZANE,GERSHON,
Back to the Future Part II,https://m.media-amazon.com/images/M/MV5BMTNlOTRmOTEtMTAyMi00NjFiLTk3NDMtNWI0YzA3ZTZlYjZiXkEyXkFqcGc@.jpg,en,MICHAEL J.FOX,CHRISTOPHER LLOYD,Getting back was only,
Back to the Future Part III,https://m.media-amazon.com/images/M/MV5BNTNkNzJmY2MtOGNjYi00NDJmLWIyZTQtNmFmMGQ5M2VlOTI0XkEyXkFqcGc@.jpg,en,CHRISTOPHER LLOYD,they,MICHAEL JFOX,
The Poseidon Adventure,https://m.media-amazon.com/images/M/MV5BNmMyNWRlMDgtMjg4ZS00ZTg3LTkxOWItMjVhMjEyZWJjOGYxXkEyXkFqcGc@.jpg,en,ADVENTURE,POSEIDON _,HELLIUPSIDE DOWN,
Freaky Friday,https://m.media-amazon.com/images/M/MV5BOGNhNDAyZWUtNmU3My00ZWRlLTkwYTgtMzZiYmNjNmM0MzVkXkEyXkFqcGc@.jpg,en,Disnep,,,
The Absent Minded Professor,https://m.media-amazon.com/images/M/MV5BNGIxODhhMjMtMzFhOS00NjBhLThkN2EtNWRhZDMxOGM0MGI2XkEyXkFqcGc@.jpg,en,Plofesor,Absentminded,The funniest discovery Since laughter!,
The Apple Dumpling Gang Rides Again,https://m.media-amazon.com/images/M/MV5BNzY1MWFhN2QtMjhmOC00ZWQyLTkwZDktMTg0M2IyNmI5MTcyXkEyXkFqcGc@.jpg,en,Wantedx,they lost it,It took 10 years,
Bambi,https://m.media-amazon.com/images/M/MV5BMTIyZDk5NDItZmU5Yy00N2Y5LWI2ZDItMzEyZDhiYjI3MDdmXkEyXkFqcGc@.jpg,id,WALT DISNEYS,6),IN MULTIPLANE TECHNICOLOR,
Dangerous Liaisons,https://m.media-amazon.com/images/M/MV5BYmJkMzZhNzktYjgyYi00N2ZjLTgxN2EtN2JhOGY1NTE3ZWY0XkEyXkFqcGc@.jpg,fr,JOHN MALKOVICH,MICHELLE,GLENN,
Dune,https://m.media-amazon.com/images/M/MV5BNTc0YmQxMjEtODI5MC00NjFiLTlkMWUtOGQ5NjFmYWUyZGJhXkEyXkFqcGc@.jpg,fr,2,U,MARCH,
The Last Temptation of Christ,https://m.media-amazon.com/images/M/MV5BZjE2MWE2NDQtMjIzYy00OGY4LTk3YjktZTE2MWExYmEzMjM5XkEyXkFqcGc@.jpg,en,OF CHRIST,TEMPTATION,THE LAST,
The Godfather Part III,https://m.media-amazon.com/images/M/MV5BMDVjODgzNTEtNjBiNS00ODBjLWEwZjUtMDljZTFhOTA4M2MxXkEyXkFqcGc@.jpg,en,The Death oF,AL PACIHO,2020 Paramount Pictures: AII Rights Reserved:,
The Rapture,https://m.media-amazon.com/images/M/MV5BYjc4NzAwZTAtNzg5Ni00MjIxLWFjNTktMGE5ODgxYjcyYWQ1XkEyXkFqcGc@.jpg,en,RAPTURE,PLACES MOVIES,SELDOH DARE,
Lolita,https://m.media-amazon.com/images/M/MV5BMTRmN2FlYjUtOTQyNi00YTA3LWI0Y2YtNDIyMWQ0Y2IwYjhlXkEyXkFqcGc@.jpg,it,Lolita,FRO N S,JEREMY,
Disturbing Behavior,https://m.media-amazon.com/images/M/MV5BMjE2YWJhOTctZTE4Yy00ZDZhLTkzNGEtNzgzOGNjZWM5YWYwXkEyXkFqcGc@.jpg,de,IN CRADLE BAY IT DOESNT MATTER IF YOU'RE NOT PERFECT. You WILL BE,YOUIL NEVER BE THE SAME,,
Mafia,https://m.media-amazon.com/images/M/MV5BZDVmMzJkOWUtMjdjMi00NzA4LTgxMTItYjA4NjVjZDI0ZWU1XkEyXkFqcGc@.jpg,sw,MOBLAND,GParamount+,BRUSNAN,
Saving Private Ryan,https://m.media-amazon.com/images/M/MV5BZGZhZGQ1ZWUtZTZjYS00MDJhLWFkYjctN2ZlYjE5NWYwZDM2XkEyXkFqcGc@.jpg,en,saving private ryan,tom hanks,edward burns,
Billy s Hollywood Screen Kiss,https://m.media-amazon.com/images/M/MV5BZTliYWIzMjQtMTYyZS00YTU5LWI1MDUtYTM3ZTJlYTJhNjZlXkEyXkFqcGc@.jpg,en,Attraction!,Cameral,,
Dong gong xi gong,https://m.media-amazon.com/images/M/MV5BZGQxMDU3NGQtNjJlYy00ZTAxLTk4MjAtNjJkZTRmNWYyOTIxXkEyXkFqcGc@.jpg,tl,EAST PALACE,WEST PALACE,Eine Liehe zwischen Feinden,
The Million Dollar Duck,https://m.media-amazon.com/images/M/MV5BOTgyMGY3YTAtNTY1Yi00YzJlLWFjMTctMzFiMmVhOGM5NjFhXkEyXkFqcGc@.jpg,en,DUCK,What an ECGstravaganza!,Walt Disney,
The Barefoot Executive,https://m.media-amazon.com/images/M/MV5BNGJmZjVjYmUtZDljYi00NmU4LTk2YzUtYTMzMTRjM2U3NTA3XkEyXkFqcGc@.jpg,en,WALT DISNEY productions,MORGAN - COX,ALAN HEWITT HAYDEN RORKE,
The Black Hole,https://m.media-amazon.com/images/M/MV5BNTkxYWRkZDMtNjkwYy00ZDMxLWExMTktNDkyMGVlYTQ3NzU3XkEyXkFqcGc@.jpg,en,the,MOONIKA,TILK TENNOSAAR LEST TISLAR REEMANN KOLDITS,
Blank Check,https://m.media-amazon.com/images/M/MV5BYWIwMzg5YzctY2MyNS00MDIxLTk5MTktOTk0YzJmZGRmNGJkXkEyXkFqcGc@.jpg,de,Gheck,Benk,$,
Candleshoe,https://m.media-amazon.com/images/M/MV5BZDY2ZmVjNjYtMDg2NC00ZmM2LWE1YmMtZDEzZjRiMTJlNjQ2XkEyXkFqcGc@.jpg,en,wish laughter!,HAYeS FOSTER,McKeRN,
The Computer Wore Tennis Shoes,https://m.media-amazon.com/images/M/MV5BOTg4MTM2NGUtZDgzNi00NzFlLWI1ZWEtZmE1YzEwNmNkZGFkXkEyXkFqcGc@.jpg,en,Arogrammed for laughs,WORE TENNIS SHOES,BEAT,
D2 The Mighty Ducks,https://m.media-amazon.com/images/M/MV5BNWM2ZmUwOTEtZjZjYy00NDRjLWJkNWEtMTExNGIzZjIxNzgzXkEyXkFqcGc@.jpg,en,HEREL,PUCK,STOPS,
Darby O Gill and the Little People,https://m.media-amazon.com/images/M/MV5BMTJmYjM1M2YtMWI0NC00MzVlLWE2ZTMtZTdhYjZlYTkzY2UzXkEyXkFqcGc@.jpg,en,WALT DISNEYS,OBlarney,WALT DISNEY SPINS MOTION PICTURE MAGIC,
The Devil and Max Devlin,https://m.media-amazon.com/images/M/MV5BZjI1MzE4YWYtMGM5NC00MGJiLWE1NzctZjRjZjM1MDAwNTRlXkEyXkFqcGc@.jpg,en,MaxDevlin,Anew high,in being low down,
A Far Off Place,https://m.media-amazon.com/images/M/MV5BYzQyNzEwODEtNDBiMy00NTU5LWEzNzItMWZlMmE4NzViYmQ5XkEyXkFqcGc@.jpg,en,PLAC E,A FA R 0 F F,A far off journey:,
Flight of the Navigator,https://m.media-amazon.com/images/M/MV5BZTJhYTMyNDMtMjAyYy00YTRkLWJmZGMtMDZlODc0NWZmZDRhXkEyXkFqcGc@.jpg,en,NAVIGATOR,OF THE,snep,
The Gnome-Mobile,https://m.media-amazon.com/images/M/MV5BY2M5OWE5MTktMGUyNS00OTUzLWI3N2ItNjQ0NGQ3OTY4NTg4XkEyXkFqcGc@.jpg,en,WALT DISNEY,WALTER BRENNAN: LOWELL,They,
The Great Mouse Detective,https://m.media-amazon.com/images/M/MV5BMGZmNDU5OTMtYmRkNC00NDgxLTllNDAtNzFmZDEzNWIzNTViXkEyXkFqcGc@.jpg,en,EREAT MOUVE,DETECTIVE,THE,
Herbie Goes Bananas,https://m.media-amazon.com/images/M/MV5BZjIyN2ViMTItMTE1ZS00ZDgzLWIzMzYtZmUyY2VjYjU5ZThhXkEyXkFqcGc@.jpg,af,IBANANAS,HERBIE,GOES,
Herbie Goes to Monte Carlo,https://m.media-amazon.com/images/M/MV5BNmJkYjg0NzctYmE5NC00MzFiLWI2N2MtOWRlMGI4NTU3NWJkXkEyXkFqcGc@.jpg,nl,Bug,great,Love,
Hocus Pocus,https://m.media-amazon.com/images/M/MV5BYWRhOThjM2UtNmRhMi00YzFiLWI4MDYtOGQwNGY0ZjFlOGFkXkEyXkFqcGc@.jpg,ro,SARAFI JESSICAPAPKER,PICTURES,PETERE BERGEB ace,
Honey I Blew Up the Kid,https://m.media-amazon.com/images/M/MV5BYWU1ZmYxZmItY2ExMi00NTAwLThhMDItMzhmZGFjN2JlNjRiXkEyXkFqcGc@.jpg,en,BLEWUP,RICK MORANIS,,
Honey I Shrunk the Kids,https://m.media-amazon.com/images/M/MV5BMWZmMDA5OGUtNmUzZi00MTkyLWE2MTctNmRkOWUwMWViNjNkXkEyXkFqcGc@.jpg,en,RIcK MORANIS,IN,SPECIAL,
In Search of the Castaways,https://m.media-amazon.com/images/M/MV5BZmExZGJhM2YtMmQ1Mi00YjIwLWFhZDUtMTFhZWZjZTNhYTYxXkEyXkFqcGc@.jpg,en,Only Walt Disney could tell this,Walt Disney,Earthquake of entertainment?,
The Incredible Journey,https://m.media-amazon.com/images/M/MV5BYWQzMzRjYWEtNWQ0OC00OTlmLWE3ZTgtNjc3MjhhNjU4YzZjXkEyXkFqcGc@.jpg,en,MARY BRYANT,Heicism,Crime,
The Negotiator,https://m.media-amazon.com/images/M/MV5BNTBjZDM3NzctOGE2YS00NDZiLTk4ZWMtY2IwOWI5ZTE4ZDc0XkEyXkFqcGc@.jpg,en,N E 6 0 TIAT 0 R,JACKSON,SPACEY,
The Parent Trap,https://m.media-amazon.com/images/M/MV5BNTRkYmY3Y2QtMGM2Ny00MTNmLTk4NjYtNjMwNTNmMGY5ZDllXkEyXkFqcGc@.jpg,en,the,(JA <,Pictures,
BASEketball,https://m.media-amazon.com/images/M/MV5BYzA0ZWY2MDEtMzczMC00NjkyLThmYjItMDk4ZDRmMDE4MjJmXkEyXkFqcGc@.jpg,hu,Beess,44,9,
Full Tilt Boogie,https://m.media-amazon.com/images/M/MV5BMWQ0M2IwZjMtOWY0ZC00ZjU2LWIxNWQtYjA1MDVmYTRiNzEzXkEyXkFqcGc@.jpg,et,Lewis   Rodriguez  Tarantino,Lawrence   George,Clooney,
The Governess,https://m.media-amazon.com/images/M/MV5BOWEzYjE4MmItNmQyMi00ZTk2LWI4YjgtMzNlMTBmMTAxM2E0XkEyXkFqcGc@.jpg,en,Thegoverness,Wilkinson,Driver,
Seventh Heaven,https://m.media-amazon.com/images/M/MV5BYzdhMjM3YTYtNWJhZi00YjIzLTg5ZTMtOTIyYzU3ZGU1MjRjXkEyXkFqcGc@.jpg,en,7thHeaven,,,
Roger Me,https://m.media-amazon.com/images/M/MV5BZTVmZGRiODctNTI5OS00YzIwLTgxMGMtYjAxNjMyZGNmNzQwXkEyXkFqcGc@.jpg,da,Roger&Me,underdog,'ROGERANDMEISRUDE ROLLCKNGMT,
The Purple Rose of Cairo,https://m.media-amazon.com/images/M/MV5BMDQ3NjE3YTMtYWY3ZC00NjcyLThlNDYtNTVmMDE2YjZjYzliXkEyXkFqcGc@.jpg,en,CAIRO,~funnyandcharming:,"~pureenchantment""",
Out of the Past,https://m.media-amazon.com/images/M/MV5BOWM3MjAzN2MtOTE0OS00ZTIxLWFkZTAtZTVmNmMyNGZjNDA4XkEyXkFqcGc@.jpg,en,MITCHUM,GREER,Jamne,
Fanny and Alexander,https://m.media-amazon.com/images/M/MV5BNjIwMzRhZWUtOTA0YS00MmFmLWI4ZjgtNjNlZmU3M2Q1Y2NhXkEyXkFqcGc@.jpg,en,ALEXANDER,FANNY&,BERGMAN,
The Trip to Bountiful,https://m.media-amazon.com/images/M/MV5BOTAxMmY5NjEtNmQ5My00MjdkLTk4MWItZjVlMjViOGQ2MDljXkEyXkFqcGc@.jpg,en,REBECCA,BRADFORD,DE MORNAY,
Tender Mercies,https://m.media-amazon.com/images/M/MV5BY2FkNDgyN2MtMDQ2YS00NTM1LWFhNDctNGEyMzBiYmI5NDRhXkEyXkFqcGc@.jpg,de,TENDER MERCIES,Sledge;,singer. His struggle,
And the Band Played On,https://m.media-amazon.com/images/M/MV5BMjQwOWQ1NDgtMzQzNy00NTFlLWJhNjQtNTUwMGRkZTk3OGIwXkEyXkFqcGc@.jpg,en,PlayedOn,TheBand,And,
The Burbs,https://m.media-amazon.com/images/M/MV5BNzAzYWE2NzYtMTMzNy00MmQzLTllMWItODA3ODk4MDg5MmY0XkEyXkFqcGc@.jpg,en,BuRbs,T 0 M,The,
Fandango,https://m.media-amazon.com/images/M/MV5BMDNlZDY3YzgtYWMxNy00YjcxLWFhMGEtZWU1ODJlMjE1OGQxXkEyXkFqcGc@.jpg,id,fandango,BETWEEN INPANCY AND ADULTHOOD,,
The Night Porter,https://m.media-amazon.com/images/M/MV5BOTgwZTg4NDYtMDlmYi00ODJkLTk0ZTktMTExYmEwY2JhZTc5XkEyXkFqcGc@.jpg,en,NIGHT PORTER,The Most Controversial Picture of Our Timel,THE,
The Jungle Book,https://m.media-amazon.com/images/M/MV5BMTc3NTUzNTI4MV5BMl5BanBnXkFtZTgwNjU0NjU5NzE@.jpg,en,JOHANSSON,APRIL 15,MURRAY,
Kidnapped,https://m.media-amazon.com/images/M/MV5BNGU3NzJlZTEtNDIxZi00NTQ0LTllNzAtY2I3MWZmMjg3MTM0XkEyXkFqcGc@.jpg,sv,KIDNAPPED,NEW GENRE CLASSIC.,to find it and experience it.,
Lady and the Tramp,https://m.media-amazon.com/images/M/MV5BMjA1NmQ2MTYtNzU0NC00NzBiLWJmZmQtM2FlNDViODk4OWEwXkEyXkFqcGc@.jpg,en,Happiest,Walt Disneys,and NOW his,
The Mighty Ducks,https://m.media-amazon.com/images/M/MV5BYjBhOTYzMTUtZTUyNy00NzU1LWFhZjktMWE4ZTMzYjc1ZmJhXkEyXkFqcGc@.jpg,en,Sisnep,STEPHEN HEREK Film   EMILIO ESTEVEZ   JOSS ACKLAND  LANE SMITH,"WALT DISNEY PICTURES presents ""THE MIGHTY DUCKS""",
The Muppet Christmas Carol,https://m.media-amazon.com/images/M/MV5BNTIwOTAyMDgtNTY1Zi00ZWMyLWFjMjAtNjI5YWIyOTE2NDJhXkEyXkFqcGc@.jpg,en,DAVE GOELZ   STEVE WHITMRE   JERRY NELSON,WALI DISNEY PICTURES,WAII DISNEY PICTURES;,
101 Dalmatians,https://m.media-amazon.com/images/M/MV5BZTIyMzVmNmItYWFkNS00YWJkLTk3YTEtNTVhMmQ0ODFjYmY1XkEyXkFqcGc@.jpg,id,OneHundkedand One,Dalhdfians,WALT DiSNEY'S,
One Magic Christmas,https://m.media-amazon.com/images/M/MV5BOTY3ZGIxOGUtNzAzOS00ZDEyLTk0NjAtMDQxNWJiYTM4MjA2XkEyXkFqcGc@.jpg,en,OnMAGlc,COMING THIS HOLIDAY SEASON:,,
Peter Pan,https://m.media-amazon.com/images/M/MV5BMGNjYWVkZGItZTNmNS00MGNkLWI2ZjEtMTIzNzAwNmIxMDRhXkEyXkFqcGc@.jpg,id,PA N,P ETER,TIMELESS STORY,
Popeye,https://m.media-amazon.com/images/M/MV5BOWVlMWUxMmEtOGFlZS00MDJmLWE1NWQtZWI5MGMxZmU2NDIxXkEyXkFqcGc@.jpg,en,ROBINWLUAMMS,is,WHAT I,
The Rescuers Down Under,https://m.media-amazon.com/images/M/MV5BZjIyYWVhYWUtZTdjYy00NTUxLWExY2YtYjljNWExYjYyMDUxXkEyXkFqcGc@.jpg,en,THE PRINCE AND THE PAUPER,Disncy,Jicnep,
Return to Oz,https://m.media-amazon.com/images/M/MV5BZWQ5ZTcyNTUtMzA2Yy00NDJmLTk2MGUtOTMxZDVmNjE3NDQ4XkEyXkFqcGc@.jpg,en,filled with Disney adventure and magic;,Its an all-new live-action fantasy,Starring NICOL WILLIAMSON:,
The Rocketeer,https://m.media-amazon.com/images/M/MV5BMmQyMzk5NTAtMmIzNy00MDVjLWExNWQtOWFmZmU0NGVmODEyXkEyXkFqcGc@.jpg,en,L,,,
The Shaggy D.A.,https://m.media-amazon.com/images/M/MV5BZWZlNzExYzctYzFkNS00OGJlLWI0YjItNTMxNWVlNWJhZDNhXkEyXkFqcGc@.jpg,en,D,REAL,A,
Sleeping Beauty,https://m.media-amazon.com/images/M/MV5BMjI5OTk3Mjg4MV5BMl5BanBnXkFtZTcwNzQ2NTQxNw@@.jpg,tl,BEAUTY,SLEEPING,4,
Something Wicked This Way Comes,https://m.media-amazon.com/images/M/MV5BNWViMzYzZGEtYTI2MC00ZmQyLWIxOTItN2UwNzlkNTQ1ZGFiXkEyXkFqcGc@.jpg,en,deepest dream,What would you,make your,
Son of Flubber,https://m.media-amazon.com/images/M/MV5BZTg3ZDYyMDgtYTkyZS00MDNlLWIzNmYtM2RhMDBkNDBkNWI0XkEyXkFqcGc@.jpg,en,Walt Disney,"""Off""and Flying",MACMURRAY OLSON; WYNN,
Splash,https://m.media-amazon.com/images/M/MV5BNGM2NDk4ZTgtYmVkZS00OTE4LTk2ZTAtYzc3Nzk4ZGU3NmE0XkEyXkFqcGc@.jpg,en,days,Now; everyone is chasing her.,"ag0, this girl showed up naked at the Statue of Liberty",
Squanto A Warrior s Tale,https://m.media-amazon.com/images/M/MV5BNjdjMjU3Y2MtYjQxMC00OGRhLTg5YzEtZTkzMWM2ODEwOGI1XkEyXkFqcGc@.jpg,pt,SQUANIO,A WARRIORS TALE,PICTURES,
Steamboat Willie,https://m.media-amazon.com/images/M/MV5BODhlNGQyZTAtNGE0ZS00OWVhLTkzODQtOTBiMmQ2ODZjNzI2XkEyXkFqcGc@.jpg,en,STEAMBOAT WILLIE,DISNEYS,WALT,
Tex,https://m.media-amazon.com/images/M/MV5BMDliNjZjYzgtNWExYi00Yzg3LTlmNjQtNGMxNmU0NjQyMTAxXkEyXkFqcGc@.jpg,en,His brothers moving on.,His fathers gone.,But Tex McCormick isn't giving in.,
TRON,https://m.media-amazon.com/images/M/MV5BMmJiMWE2NTYtZWMyZC00Yzg0LTg0YjItZDM3ODlkYTRhNWNlXkEyXkFqcGc@.jpg,vi,BAC K,IMAX,0 N LY,
Swing Kids,https://m.media-amazon.com/images/M/MV5BN2VmNDgxM2MtMGU4MC00MWI1LWE4ODEtMTY4ODk1YTA2ODFjXkEyXkFqcGc@.jpg,af,Swing Kids,,,
Halloween H20 20 Years Later,https://m.media-amazon.com/images/M/MV5BOTgyZjI3MWEtOWNiMS00ZDE3LWJmNjMtZjZhZWY4MmU5MzBmXkEyXkFqcGc@.jpg,en,'taking,This summer;,terror wont be,
L.A. Story,https://m.media-amazon.com/images/M/MV5BYmE2MWM5YTEtZmE5ZS00MzdjLWE2NjQtMmJjNGRiNjlhZjc2XkEyXkFqcGc@.jpg,en,HETERHEL,Something Funny Is Happening InLA;,Hsbhs,
The Jerk,https://m.media-amazon.com/images/M/MV5BNTNiNjEwZjktNTZjMi00NWMyLThkZWYtODVkMDVhNGVkZDcxXkEyXkFqcGc@.jpg,en,The JERK,STEVE,MARTIN,
The Man with Two Brains,https://m.media-amazon.com/images/M/MV5BNjBjN2Q3ZDItM2VlMC00MzcwLTgwMTAtYjFmZjIxYzA3MTcyXkEyXkFqcGc@.jpg,en,MAN,STEVE MARTIN IS A WORLD FAMOUS SURGEON:,HE INVENTED SCREW TOP ZIP LOCK BRAIN SURGERY,
Grand Canyon,https://m.media-amazon.com/images/M/MV5BODE1MmVkZDUtNzA3ZC00M2E2LWJiZmYtNDk0Y2ZjYzliNDM3XkEyXkFqcGc@.jpg,en,CANYON,GRAND,WOODARD),
Graveyard Shift,https://m.media-amazon.com/images/M/MV5BYTA1NDQ4YTgtZjVhYi00MzBlLTk2MWEtY2Q5Y2FjZDBlNDVlXkEyXkFqcGc@.jpg,tr,he pushes you over.,Stephen King took you to the,"vith ""The Shining"" and ""Pet Sematary""",
The Outsiders,https://m.media-amazon.com/images/M/MV5BODlmMzZjZDEtOTUwOS00OTAwLTg2YzAtYTA4ZTk3ZWNjMTgxXkEyXkFqcGc@.jpg,en,OutSders,looking,They,
Indiana Jones and the Temple of Doom,https://m.media-amazon.com/images/M/MV5BOGUwZjZiNWQtYzAzZi00NGI5LWE4YmUtN2Y4YWMwY2RlZDkyXkEyXkFqcGc@.jpg,en,TINDIANA,itmustbeIndianaJones:,Ifadventurehasaname;,
The Lord of the Rings,https://m.media-amazon.com/images/M/MV5BNmVmZGQ2ZTctYzE4NC00YzkxLThhNjYtNGIyZjJmZGEwMjUzXkEyXkFqcGc@.jpg,en,RINGS,POWER,prime,
Nineteen Eighty-Four,https://m.media-amazon.com/images/M/MV5BYTlhOTc3M2QtNmRhNy00ZjhhLTg3MzgtMGRhZjhkZTEwMjUzXkEyXkFqcGc@.jpg,nl,19,GEORGE ORWELLS TERRIFYING VISION COMES TO THE SCREEN.,Produclion Designer ALLAN CAMERON,
The Dead Zone,https://m.media-amazon.com/images/M/MV5BNjlmYzYyODgtYjBiYS00ZDM3LWE0MDYtN2U3MzBjMTRmYzMzXkEyXkFqcGc@.jpg,en,Stephen Kings,"""Greg =",he has the power,
Maximum Overdrive,https://m.media-amazon.com/images/M/MV5BN2UzZDlhN2MtNjVhMi00MWZhLThjNTEtZTg0NDc1NjVkZDQ1XkEyXkFqcGc@.jpg,pt,OVERPRUE,MAXIMUM,STEPHEN KINGS MASTERPIECE,
Needful Things,https://m.media-amazon.com/images/M/MV5BNTVkYjA1OTQtMDE1OC00ZTU4LTlkNjgtMTgyMGRjOGNjYmYyXkEyXkFqcGc@.jpg,en,THINGS,Buy,Pay,
Children of the Corn,https://m.media-amazon.com/images/M/MV5BNjFmZjhkNDYtZThjZi00YWY4LWFkYjMtNDM3YjkyODMxZDNmXkEyXkFqcGc@.jpg,en,Stephen Kings,CHLDREN OF THE CORN,nightmare:,
All Dogs Go to Heaven,https://m.media-amazon.com/images/M/MV5BZTBlYTA0ZDUtNjJhMS00Y2UxLTk5MzAtMjBlYTAyN2FkMmNlXkEyXkFqcGc@.jpg,en,A DON BLUTH FILM,From the Director 0f,,
The Addams Family,https://m.media-amazon.com/images/M/MV5BZWY0MzVlNGEtYzM1MC00OTI4LWE3ZTQtNWJjYzk2Y2MyNjVkXkEyXkFqcGc@.jpg,en,PRODUCER(,C0,WRUTEN,
Ever After A Cinderella Story,https://m.media-amazon.com/images/M/MV5BMTYyMDJjZTgtZGRjNS00MmY5LTg4YWUtYjc0NTdlY2U2NWYxXkEyXkFqcGc@.jpg,da,Esgape,Desire,Defy,
First Love Last Rites,https://m.media-amazon.com/images/M/MV5BMTg3NTM3NjQ3Ml5BMl5BanBnXkFtZTYwMjA2NTg5.jpg,en,LAST Riteb,,,
Safe Men,https://m.media-amazon.com/images/M/MV5BYTgyNWVlM2EtZDY4Yi00NDRkLWE3NjQtNDNhZTBhYjRiZTE1XkEyXkFqcGc@.jpg,de,MEN,MISTAKE!,ROCKWELL,
Die Salzm  nner von Tibet,https://m.media-amazon.com/images/M/MV5BNzEwNzQwNzczNV5BMl5BanBnXkFtZTcwNDQyMTAzMQ@@.jpg,de,Galtmen,RAVISHINGI,'WONDROUS!,
Adventures in Babysitting,https://m.media-amazon.com/images/M/MV5BOWRlODFjMTMtNDBiNS00Y2E0LWEzMDMtYjI3NjAzMDg1N2RlXkEyXkFqcGc@.jpg,en,ADVENTURES _,BABYSITIING,IN |,
Weird Science,https://m.media-amazon.com/images/M/MV5BYjI2N2Q4ZjEtZjMyNC00MDM5LTkxZTQtNzA4MTE1ZGQyYTgwXkEyXkFqcGc@.jpg,de,"""",SOMETHLGWEIRD IS HAPPENING AT WYATT AND GARYS,Musicby IRA NEWBORN DirectorofPhotography MATTHEWFLEONETTI ASC   Producedby JOEL SILVER,
Doctor Dolittle,https://m.media-amazon.com/images/M/MV5BMTI2NThkYjYtMWZjNi00ZGEwLTgyNjEtOTlhZTA3MmEzYzVhXkEyXkFqcGc@.jpg,en,COMING SOON,,,
The Nutty Professor,https://m.media-amazon.com/images/M/MV5BMjE0NjI1YTMtYWFiZi00Zjc1LWE5NzgtMTdlMWMwOTczZWJkXkEyXkFqcGc@.jpg,en,PROFESSOR,THE,EDDIE MURPHY,
Charlotte s Web,https://m.media-amazon.com/images/M/MV5BMTQ5MTUzMTAzMl5BMl5BanBnXkFtZTcwNTE0NTcyMw@@.jpg,en,Web,"This Christmas, Help Is Coming From Above:",December 2006,
Watership Down,https://m.media-amazon.com/images/M/MV5BMTM5MTYzMTItYjJhZi00ZDQxLWI3NzYtMjQ2ZWVlYjVlMjMzXkEyXkFqcGc@.jpg,en,Watersbip Down,"and when they catch you, they will kill you .","Prince with a Thousand Enemies,",
The Secret of NIMH,https://m.media-amazon.com/images/M/MV5BODAxNzMwYTktZjAyMi00NmNhLWJjMzAtMjkzZjRkYjY2Nzk2XkEyXkFqcGc@.jpg,en,SECRET,NTMH,"ight before your eyes,and beyond your wildest dreams",
The Dark Crystal,https://m.media-amazon.com/images/M/MV5BYTcxY2NiMDAtMjRmYi00ZTUwLTk2NDYtYjI1MDQ4ZDBiMTA5XkEyXkFqcGc@.jpg,en,Age,"Another World,",Another Time.,
An American Tail,https://m.media-amazon.com/images/M/MV5BZjQ2MzBlMzktNDExYy00YWIyLWI2OWEtNzI4N2IwYjRiZmFhXkEyXkFqcGc@.jpg,en,"Meet Fievel, In his search to find his family, he discovered America",,,
An American Tail Fievel Goes West,https://m.media-amazon.com/images/M/MV5BNGYyNzJhOWEtODc5OC00ZjY5LWE4MTktN2IwMDU0YTEyYTViXkEyXkFqcGc@.jpg,en,AN AMERICANTAL,A NEw MOUSE,"PARDNERS, THERES",
Sixteen Candles,https://m.media-amazon.com/images/M/MV5BMTgzNTkxMTkxMl5BMl5BanBnXkFtZTgwMjE3NjkzMTE@.jpg,en,Its the time of your life that may lastalifetime:,"& ""National Lampoon's Vacation""",From the man who brought you,
Pretty in Pink,https://m.media-amazon.com/images/M/MV5BZWMxMTk4YTAtMzEzNS00OTA0LTk2NWMtZjhjYmQwNDUyMzkzXkEyXkFqcGc@.jpg,fi,prettyinpink,the passion:,the real world:,
St. Elmo s Fire,https://m.media-amazon.com/images/M/MV5BNDU2ODMyNDctOGNlMC00OGJmLTg3MDgtZTYzZGMwMTBiYWM1XkEyXkFqcGc@.jpg,en,The heat this summer,is at Saint Elmos Fire.,deep:,
House II The Second Story,https://m.media-amazon.com/images/M/MV5BMzJiMjVlMGYtMzJhZS00OWEwLTg4MzQtNTE3NWEyNWRkNmQwXkEyXkFqcGc@.jpg,en,HOUSEIL,Its getting weirder!,WITH BRAND NEW OwNERS,
The Gods Must Be Crazy,https://m.media-amazon.com/images/M/MV5BMDUzNmJjOTEtMmNhZi00YTY1LTg0MTQtOTkwNjFkNjZjMDU5XkEyXkFqcGc@.jpg,en,An Epic Comedy;,JAMIE UYS,JAMIE UYS,
The Gods Must Be Crazy II,https://m.media-amazon.com/images/M/MV5BNmViMTliY2EtZTg2YS00ZDQwLThiMTUtYWU1Yjg3ODkyZmE3XkEyXkFqcGc@.jpg,en,CHARLES FOX,'BOET TROSKIE,,
Air Bud Golden Receiver,https://m.media-amazon.com/images/M/MV5BNjcxMzQ2NDM0NF5BMl5BanBnXkFtZTgwOTI4OTY4ODE@.jpg,de,G 0 L D € N,,,
The Avengers,https://m.media-amazon.com/images/M/MV5BNGE0YTVjNzUtNzJjOS00NGNlLTgxMzctZTY4YTE1Y2Y1ZTU4XkEyXkFqcGc@.jpg,en,AvENGERS,RUFTAL,DOWNEY Jr,
How Stella Got Her Groove Back,https://m.media-amazon.com/images/M/MV5BOTg5Yzk0NjItZTBkZS00NTc4LTgwZGMtYWU3YTYzNjZlYTEwXkEyXkFqcGc@.jpg,en,HOWSTELLA,GROOVEBACK,GOT HER,
Slums of Beverly Hills,https://m.media-amazon.com/images/M/MV5BMDE4NWUxYmItNDQ0Ny00ZTkzLThiMTItNTJmNGFiOTI4NzY3XkEyXkFqcGc@.jpg,en,drugs:,Natasha LYONNE,The biggest problem in the country,
The Best Man,https://m.media-amazon.com/images/M/MV5BNzY4YjJhZjEtMzgwYi00OTU2LWI2MTQtYTY2NzQzN2QyZDhhXkEyXkFqcGc@.jpg,en,MAN,Se,Arrangements,
The Chambermaid on the Titanic,https://m.media-amazon.com/images/M/MV5BZTU1MzU1YzctMDQ1MS00ZmRhLWFkZmYtZmNjM2YwYzIwMDgxXkEyXkFqcGc@.jpg,en,THE,GAMES,HUNGER,
Henry II Portrait of a Serial Killer,https://m.media-amazon.com/images/M/MV5BOGJjMzI2MmQtZTJmYS00OGI0LWE2MDktYWJmNmU0NTMxMjJkXkEyXkFqcGc@.jpg,en,HES HOT FREDDY,Portrait of a Serial Killer,GPD,
Henry Portrait of a Serial Killer,https://m.media-amazon.com/images/M/MV5BOGJjMzI2MmQtZTJmYS00OGI0LWE2MDktYWJmNmU0NTMxMjJkXkEyXkFqcGc@.jpg,en,HES HOT FREDDY,Portrait of a Serial Killer,GPD,
Rosemary s Baby,https://m.media-amazon.com/images/M/MV5BNThkMjFjNDItNDM0OC00N2Y4LWE2ODAtMzMyNjcyMzY4MGY5XkEyXkFqcGc@.jpg,en,ROSEMARYS,BABY,Ira Levin,
Attack of the Killer Tomatoes,https://m.media-amazon.com/images/M/MV5BMDE3Y2UxOWMtM2RkNC00ZjY1LTgyY2MtZDQwYzFhOWIxNDcxXkEyXkFqcGc@.jpg,en,A New Musical-Comedy-Horror Show,JACK RILEY,Prese,
Surf Nazis Must Die,https://m.media-amazon.com/images/M/MV5BZTgxZWExOWEtYmJhZC00ODljLTlkYjMtYmMwZjFjYjYzN2JlXkEyXkFqcGc@.jpg,de,Musr,DIE,The gnarliest cult-comedy,
Your Friends Neighbors,https://m.media-amazon.com/images/M/MV5BZmJkNGYzOGQtMDk5My00MTgzLThiMzMtZGVkZTZmNmYxNzU1XkEyXkFqcGc@.jpg,en,RRIENDS,YOUR,NEIGHBORS,
Return to Paradise,https://m.media-amazon.com/images/M/MV5BOWYzOTQ1ZjctOWQ1YS00ZmMxLTkxMTktY2Q3Y2M2ZTMxY2FiXkEyXkFqcGc@.jpg,en,T0,PARADISE,Aus,
Dance with Me,https://m.media-amazon.com/images/M/MV5BMTJkODM2YzYtZTJiMC00ODMwLWIwYzUtZTc1MDRlYjI1NWM1XkEyXkFqcGc@.jpg,en,Chayanne,AstoryofheartsIn motion,mandalay,
Dead Man on Campus,https://m.media-amazon.com/images/M/MV5BY2M3ZTc0MjctN2RiZS00MmMwLTkwNjUtZDBjZGNiZWIzMTk0XkEyXkFqcGc@.jpg,en,DEADMAN,ONCAMPUS,THE BEST COLLEGE MOVIE,
Wrongfully Accused,https://m.media-amazon.com/images/M/MV5BNzA1YzFlOTEtOTkzZC00MzE3LWFlYmEtYThmMzVmYjQ5ZjgxXkEyXkFqcGc@.jpg,en,"find him, all",Aggusev,21ST,
The Navigator A Medieval Odyssey,https://m.media-amazon.com/images/M/MV5BYzM1NGQ2NGMtYzVlZC00NTBjLTkwMjgtZjc2YjhjYzlkZTRkXkEyXkFqcGc@.jpg,en,NAVIGATOR:,THc,"""A HAUNTING, ORIGINAL FILM",
D j Vu,https://m.media-amazon.com/images/M/MV5BMTc3NjE0OGYtZjk3OS00YTVhLWFiOWItY2YwZTBmNzhlMjkwXkEyXkFqcGc@.jpg,hr,FUBLIC,,,
Rope,https://m.media-amazon.com/images/M/MV5BMDM1YzdlZjAtZWFiZS00ZjYyLTgxYzctNzBiYmE0OWFiMGU1XkEyXkFqcGc@.jpg,ro,1,EVER,LIKE,
Torn Curtain,https://m.media-amazon.com/images/M/MV5BNTYwODI4NjcwOV5BMl5BanBnXkFtZTgwMzU0OTk5MTE@.jpg,en,AnpREWS,PAUL,CurtAIn',
The Wrong Man,https://m.media-amazon.com/images/M/MV5BZGZhZjlkN2MtYmE2Ni00YmRkLTkwNjMtNTFjMzFkZWNlYzg2XkEyXkFqcGc@.jpg,en,Wreng,The,HENRY FONDA,
The Man Who Knew Too Much,https://m.media-amazon.com/images/M/MV5BNDg1NzljZmMtMDU3OS00Y2E5LWE3OGEtMzM4ZjhjMmZmZTI5XkEyXkFqcGc@.jpg,en,DAY,MUCH,KINEW,
The Trouble with Harry,https://m.media-amazon.com/images/M/MV5BY2JmZWE4MjgtNmRiOS00ZDY1LTkyMWQtZDkyMjFiZTc1M2M4XkEyXkFqcGc@.jpg,en,TROUBLE,THE,HARRY,
I Confess,https://m.media-amazon.com/images/M/MV5BZjNmZGM1OTMtNGU5Yi00ZDU0LWI2YTctYTc0ZjEzMTIyY2YxXkEyXkFqcGc@.jpg,it,If,DO?,love with te brand %f Hitchcock burned in!,
54,,unknown,,,,"{'errcode': None, 'errmsg': 'None', 'url': 'https://www.imdb.com/find/?q=54&s=tt', 'proxy': '', 'exception type': 'IOError', 'original exception': <HTTPError 500: 'Internal Server Error'>}"
I Married a Strange Person,https://m.media-amazon.com/images/M/MV5BMDdlNzhjYzctYTkzYS00OGVkLTliOWEtNWRiNDNlOWU4ZWY0XkEyXkFqcGc@.jpg,en,2,STRANE,persoh,
Why Do Fools Fall in Love,https://m.media-amazon.com/images/M/MV5BZGY2YTgyNjctNDNjMC00NGZlLWE5ZWMtNWIwZGM1OWFkYWUwXkEyXkFqcGc@.jpg,en,FOOLS,WHY,FALL IN,
See the Sea,https://m.media-amazon.com/images/M/MV5BYTNjOThmM2ItMmQxOC00ZmZiLTlkNjgtZDM1MGUzMDM5YTI2XkEyXkFqcGc@.jpg,en,"""CHILLING!""",by Francois,David Rooney; VARIETY,
Willow,https://m.media-amazon.com/images/M/MV5BM2E5Mjg3NzItNTNlNy00NzJmLThjOGUtZjdjMTZiMGJkYTMzXkEyXkFqcGc@.jpg,en,WILLOW,StarringVAL KILMER: JOANNE WHALLEY-WARWICK DAVIS,Music Composed by JAMES HORNER,
The Untouchables,https://m.media-amazon.com/images/M/MV5BYjVlNTk3NGYtOWE0OC00MDI4LThlZWItZGMwMTdmYzcwM2Y5XkEyXkFqcGc@.jpg,en,UNTOUCHABLES,THE,bring,
Dirty Work,https://m.media-amazon.com/images/M/MV5BMjE0NzkzNDI3Ml5BMl5BanBnXkFtZTcwNjA0NzQzNA@@.jpg,en,TIS SICK,Itis DIRTY,I,
Knock Off,https://m.media-amazon.com/images/M/MV5BYzk1MDFjOTYtZjZjYi00NWQwLTgwOTMtZTEwZTRhYTg4YmUzXkEyXkFqcGc@.jpg,sv,,,,
Firelight,https://m.media-amazon.com/images/M/MV5BZWY4OTBkOGMtMjQyMC00NmJkLTllODctMWU5YjYwYmQzODAzXkEyXkFqcGc@.jpg,en,FIRELIGHT,SOPHIE MARCEAU,STEPHEN DILLANE,
Modulations,https://m.media-amazon.com/images/M/MV5BMTQ5ODA5NjE2NF5BMl5BanBnXkFtZTcwNzcyNTIyMQ@@.jpg,fr,MODULATIONs,cinemator theear,from the makers of synthetic pleasure,
Phoenix,https://m.media-amazon.com/images/M/MV5BYWJmM2M1YzItMjY1Ni00YzRmLTg5YWYtNDFmNTJjNzQ0ODkyXkEyXkFqcGc@.jpg,vi,THE,BEGINS,DHOENIX,
Under Capricorn,https://m.media-amazon.com/images/M/MV5BZWViMWFmNzUtMTdhYy00YWUwLTg0ZTktOTNkZDdjMzQ5MzI1XkEyXkFqcGc@.jpg,pt,ALFRED HITCHCOCKS,Stange,TECHNICOLOR,
The Paradine Case,https://m.media-amazon.com/images/M/MV5BMzhmNTg5OTUtYmE5My00ZjNiLTkzNzctYmI4YzdjZmFkNjFiXkEyXkFqcGc@.jpg,en,PARADINE CASE,ETHEL  BARRYMORE,LOUIS   JOURDAN,
Shadow of a Doubt,https://m.media-amazon.com/images/M/MV5BMDFhMzBlYzctMDhkOC00OTFiLTgyYzEtZTBkNmQzNGRlMmNlXkEyXkFqcGc@.jpg,en,COTTEN,WRIGHT,JOSEPH,
Saboteur,https://m.media-amazon.com/images/M/MV5BYzk0YTdjMmMtNjM5NC00ZGE3LWE4NGYtZmRjNDg2NzkzNTE5XkEyXkFqcGc@.jpg,fr,Dorothy,ROBERV,Alon,
Secret Agent,https://m.media-amazon.com/images/M/MV5BZjlkZWQ2YjAtOTZjNi00MmY1LTlkMDMtYTUxODU5Y2Y0MDY4XkEyXkFqcGc@.jpg,ca,AGENTE  SECRETO,WAGNER MOURA,UM FILME DE KLEBER MENDONCA FILHO,
The Man Who Knew Too Much,https://m.media-amazon.com/images/M/MV5BNDg1NzljZmMtMDU3OS00Y2E5LWE3OGEtMzM4ZjhjMmZmZTI5XkEyXkFqcGc@.jpg,en,DAY,MUCH,KINEW,
Strauss Great Waltz,https://m.media-amazon.com/images/M/MV5BNmFkMmRiYWItZmVmNC00MmQ5LTg2MmUtYWQxYjI2NTI3ZTYyXkEyXkFqcGc@.jpg,de,EDMUND GWENN,and  FAY COMPTON,,
Number 17,https://m.media-amazon.com/images/M/MV5BMzYyNDAzNjAtYWMwNC00OWFmLWJmNjAtYjBiNzg4YTZiOGQzXkEyXkFqcGc@.jpg,id,JOHN STUART,ANNE GREY.,0,
The Skin Game,https://m.media-amazon.com/images/M/MV5BZWZjMWU5MjUtOGU4NC00ZWM0LWE2ZTAtZmFhNjFlMzM5MDAzXkEyXkFqcGc@.jpg,en,ANGELICA CELAYA,ERICA ASH,ELISABETH HARNOIS,
Elstree Calling,https://m.media-amazon.com/images/M/MV5BMDAwM2U3YzMtZmRmZS00YzEwLTkyZjAtNTI3ZDMwNjg0MDZlXkEyXkFqcGc@.jpg,en,EASTRE,MORRIS,FFFE,
The Shame of Mary Boyle,https://m.media-amazon.com/images/M/MV5BYWQzMzRjYWEtNWQ0OC00OTlmLWE3ZTgtNjc3MjhhNjU4YzZjXkEyXkFqcGc@.jpg,en,MARY BRYANT,Heicism,Crime,
Murder,https://m.media-amazon.com/images/M/MV5BNmEwN2M5NDItM2EyOS00ZTAzLWEyNDAtZGU3YTViZTNhNjk3XkEyXkFqcGc@.jpg,de,SHE UROTE,,,
Champagne,https://m.media-amazon.com/images/M/MV5BZmIwMWRlYTktOTQyYi00OTY5LTlkYjMtNjcxOGM2ZmM5NmU0XkEyXkFqcGc@.jpg,fr,and,Jut,WILL,
The Farmer s Wife,https://m.media-amazon.com/images/M/MV5BYzdhZWJhYjctYTIzZC00ZmJmLWFkM2YtNjNkMWQ0ZjAyZGQ5XkEyXkFqcGc@.jpg,en,MEGAN PUSTETTO,,,
When Boys Leave Home,,en,,,,No poster for 'When Boys Leave Home'
Easy Virtue,https://m.media-amazon.com/images/M/MV5BMTI0NDA2NDM4OV5BMl5BanBnXkFtZTcwMjUxODk0Mg@@.jpg,en,EASV VIRTUE,Stephan Elliott,Kristin SCOTT THOMAS,
The Ring,https://m.media-amazon.com/images/M/MV5BNzIxMDQ2YTctNDY4MC00ZTRhLTk4ODQtMTVlOWY4NTdiYmMwXkEyXkFqcGc@.jpg,en,IORD,FELLOWSHIP,RING,
The Lodger,https://m.media-amazon.com/images/M/MV5BMjE4OTg0ODgyNF5BMl5BanBnXkFtZTgwMDY3NTMzMjE@.jpg,en,IVOR,A StoRy OF THE LONDON,FOG,
Cube,https://m.media-amazon.com/images/M/MV5BYmYwYzA5NjgtMTg2MC00NDk0LTk5OTYtNjgyMWM4YWM4NDdiXkEyXkFqcGc@.jpg,en,GuBE,PARANOIA,FEAR,
Digging to China,https://m.media-amazon.com/images/M/MV5BMWY4NDg2ZTgtOTc1OS00NmY4LWFmMGItOWEzMWMyMzRiZDQwXkEyXkFqcGc@.jpg,tl,Mary,Cathy Moríarty,DIGGING,
Let s Talk About Sex,https://m.media-amazon.com/images/M/MV5BMDZlNDVhYmItZDRkYy00MGY3LTg3ZGQtOWFlNzkwMjQ1Y2ZhXkEyXkFqcGc@.jpg,en,LETS,TALK,ABOUT,
One Man s Hero,,en,,,,No poster for 'One Man s Hero'
Simon Birch,https://m.media-amazon.com/images/M/MV5BYzIwZTNmY2UtNTExZC00NzQ1LTg4NTEtOTIxOWU0NTFkZDhjXkEyXkFqcGc@.jpg,de,big,Destiny,for little,
Without Limits,https://m.media-amazon.com/images/M/MV5BODMwNDY1MzQtNjExZC00YTIwLTkyYjctOWI1MjcxYTM1ZTQ4XkEyXkFqcGc@.jpg,en,BELIEVE IN YOURSELE,Pre Hisspiritseta pace only his heart could follow:,without-Ilmits com,
Seven Beauties,https://m.media-amazon.com/images/M/MV5BNGZmMTIxMjQtZDc1Ny00YzZhLThhZTgtNTY3MWNiNjY4MjRhXkEyXkFqcGc@.jpg,nl,FERNANDO REY,GIANCARLO,WERTMULLER,
Travolti da un insolito destino nell azzurro mare d agosto,https://m.media-amazon.com/images/M/MV5BZGU2YzAwN2MtOTYxYy00YjlkLTk3ZjYtMTI2NTJlMTM5MDg2XkEyXkFqcGc@.jpg,it,OEUJ AK RESTORATIOO,"of the '7Os - she lit a fuse undec them.""",M,
My Bodyguard,https://m.media-amazon.com/images/M/MV5BZGQ3YWY0NjAtN2ZlMC00MDM5LTllMzAtYWM1MGE3MjQwMGMzXkEyXkFqcGc@.jpg,cy,Shaken down for your lunch money?,Terrorized in the toilets? Chased after school?,BODYGUARD!,
Class,https://m.media-amazon.com/images/M/MV5BZWIzZmM2MzMtNWM0Zi00MDFiLWFlMjYtNjY1ODI1NmRlNjgxXkEyXkFqcGc@.jpg,en,NETFLIX,STAND,TO PROTECT IT,
Grandview U.S.A.,https://m.media-amazon.com/images/M/MV5BMTEwNWExNzItOTJiMC00NWJiLTllMjMtMDQ3ZWExMGU4ZGQzXkEyXkFqcGc@.jpg,en,U,have a funny way_,of coming true:,
Broadcast News,https://m.media-amazon.com/images/M/MV5BMGVhZjNiYmUtMTAwYS00ZjQ0LWIyNGItNTU1OWNjYjA4ZDE5XkEyXkFqcGc@.jpg,en,WASI,Its the story of their lives.,HOLLY HUNTER,
Working Girl,https://m.media-amazon.com/images/M/MV5BYzZhNGFlNGYtMjgyMi00YmZiLWFjNjktZGIzYjkxM2YyZWJjXkEyXkFqcGc@.jpg,en,Sigourney Weaver,Harrison Ford,Melanie Griffith,
Stars and Bars,https://m.media-amazon.com/images/M/MV5BNWE4MTE5MGUtZDZmMS00YjU1LTg2NTItOTQ0ZWY1MmZmOTE2XkEyXkFqcGc@.jpg,en,ores Hes hustled by hicks;,R,shite and blue-blooded comedy,
Say Anything...,https://m.media-amazon.com/images/M/MV5BNjY1N2QwZDItOWZjZC00MTg4LTg1YmUtZWMzMThhY2YxNmNiXkEyXkFqcGc@.jpg,tl,Aay,Skye,Diane Court is about to gettoknow Lloyd Dobler,
My Blue Heaven,https://m.media-amazon.com/images/M/MV5BNWExNjkzNDItNTcyYS00YjNlLWIwMjQtMzdkZTE0NjI0YjAyXkEyXkFqcGc@.jpg,en,HEAVEN,STEVE MARTIN,RICK MORANIS,
Men Don t Leave,https://m.media-amazon.com/images/M/MV5BMzgxYjUxYzgtMDM3MS00ZjA3LWIyNDQtMzk1ZWMxZGI2NWMyXkEyXkFqcGc@.jpg,nl,Men,JESSICA LANGE,JOAN CUSACK,
The Cabinet of Dr. Ramirez,https://m.media-amazon.com/images/M/MV5BMGNiMTA5MjctZThmMC00YWZjLWI5MjAtMzg5M2YwYTk3NmZhXkEyXkFqcGc@.jpg,en,NIGHTMARES .,THE,CABINET 0F,
Hero,https://m.media-amazon.com/images/M/MV5BZWIzZmM2MzMtNWM0Zi00MDFiLWFlMjYtNjY1ODI1NmRlNjgxXkEyXkFqcGc@.jpg,nl,NETFLIX,STAND,TO PROTECT IT,
Toys,https://m.media-amazon.com/images/M/MV5BMjFkMWVhMzQtMzY2NS00NWY4LWIxMmEtOWI2NzY5OTU5MzA5XkEyXkFqcGc@.jpg,en,Laughter Is A State Of Mind.,Creenberg !,Barry |,
Choices,https://m.media-amazon.com/images/M/MV5BYzgwZDJkZWQtODYxOC00NWMxLWE0MWEtZTA4NjQwNzhhYjQ5XkEyXkFqcGc@.jpg,en,#CHOICES,TRAILER OUT NOW,PREMIERING ON NOV 21,
Young Doctors in Love,https://m.media-amazon.com/images/M/MV5BMzJmNDc5YTctZjA0YS00ZDEwLWI3NDctMTAwNzFjZjU0MDhkXkEyXkFqcGc@.jpg,en,Your Health You May Never Stop Laughing:,Be Dangerous To,May,
The Master.jpg,https://m.media-amazon.com/images/M/MV5BNTk3YjI3ZDUtODA3Ny00ZmIwLTljOGMtOGM0YzZkMDA3OGRlXkEyXkFqcGc@.jpg,en,,,,
Blame It on Rio,https://m.media-amazon.com/images/M/MV5BOTRkY2U0MDYtNmE0My00NjM4LWJhNjctYTRjN2NkNDY4Y2ZiXkEyXkFqcGc@.jpg,en,houl,R,I,
One Crazy Summer,https://m.media-amazon.com/images/M/MV5BODc2MTA3ZTUtZTVlMS00ZjQ4LThmYTItYThiYzg5NjRlNDEzXkEyXkFqcGc@.jpg,pl,SUMEB,Bobcat Goldthwait,John Cusack -,
About Last Night...,https://m.media-amazon.com/images/M/MV5BZjAyOTZiM2YtNmMyZS00ZjkzLTg0ZGQtZjA3MmEwNjE3ZDZkXkEyXkFqcGc@.jpg,en,"moving in; no sex,risk","breaking U,making up","career moves, strategy",
A Few Good Men,https://m.media-amazon.com/images/M/MV5BOGVhMTUwYzEtZGQ1ZC00Nzg1LTk0OGUtMDk0NDM0ZmZlN2E0XkEyXkFqcGc@.jpg,cy,A FEW GOOD MEN,JACK,CRUISE,
Indecent Proposal,https://m.media-amazon.com/images/M/MV5BMDEyN2UyYjItNjRjMy00YzM3LWEwNzktNDRjNjA5NmIzMmU1XkEyXkFqcGc@.jpg,es,INDECENT PROPOSAL,DEMI,ROBERT,
A Century of Cinema,https://m.media-amazon.com/images/M/MV5BMTgzMDE5MDc2MV5BMl5BanBnXkFtZTYwODMxMDA5.jpg,en,,,,
Permanent Midnight,https://m.media-amazon.com/images/M/MV5BMzgyYjFlOTgtNjIzNy00MWU2LWFmMGItMTdjZjJiZDliOThkXkEyXkFqcGc@.jpg,de,PERMANENT MIDNIGHT,elizabeth hurley,ben stiller,
Rush Hour,https://m.media-amazon.com/images/M/MV5BMGZiMzViNmEtNTNlZi00MzFmLTk5NTEtNDE2OTUzNmNlMTY4XkEyXkFqcGc@.jpg,en,RUSH HOUR,RU,JACKIE CHAN,
Lilian s Story,https://m.media-amazon.com/images/M/MV5BMjEzMDYzNTY5OF5BMl5BanBnXkFtZTcwODYyNTgyMQ@@.jpg,en,TONi COLLETTE,OUTSTANDINCA,,
Somewhere in the City,https://m.media-amazon.com/images/M/MV5BMTM4MzI1NTE1M15BMl5BanBnXkFtZTcwNjQ5NzQyMQ@@.jpg,en,City,Somewhere,in the,
Ronin,https://m.media-amazon.com/images/M/MV5BYzU0MDEwOGMtZWFlMy00ZjllLWFmMWQtYWIxN2M1YmU5ZWQwXkEyXkFqcGc@.jpg,fi,R,,,
Clay Pigeons,https://m.media-amazon.com/images/M/MV5BMzgyNmZlYmYtYWE5YS00ZGU5LTg2MmQtNjA5YzMyMjRiNjVmXkEyXkFqcGc@.jpg,tl,'IMCE,PIGEONS,Intermedia,
Pecker,https://m.media-amazon.com/images/M/MV5BMzVlNDNkNDktYzY4My00ZTY5LWJlZjYtZjBkMGI4NjQ3MzczXkEyXkFqcGc@.jpg,de,PECKER,K 6 L,{,
The Sheltering Sky,https://m.media-amazon.com/images/M/MV5BZWM4MzU0MGEtOWI3Yi00NTY3LTkyZjktMzBjNzc1NDE1OTA1XkEyXkFqcGc@.jpg,en,JOHN MALKOVICH,Skx,DEBRA WINGER,
Bandit Queen,https://m.media-amazon.com/images/M/MV5BNzEyMGI3YzItYWM1Ni00ODg1LTk0MmQtYmUxMmQ3YzkyYTI2XkEyXkFqcGc@.jpg,nl,BANDIT QUEEN,portrayal %f the title,"""A RIP-RQARING ACTION-ADVENTURE. =",
If....,https://m.media-amazon.com/images/M/MV5BYjFiY2U2NjUtMWIxMy00NjJkLWI3OTItYzM3MzBlZDkyMDNkXkEyXkFqcGc@.jpg,en,0 ),MAY 17,ONLY IN THEATRES,
The Fiendish Plot of Dr. Fu Manchu,https://m.media-amazon.com/images/M/MV5BZmNmOTFiODQtYjRkYS00ZTAyLWE2MjYtN2E4NmRhNzJmMThhXkEyXkFqcGc@.jpg,en,1,Sethz movie,Peter Sellers,
Them,https://m.media-amazon.com/images/M/MV5BMzQwNTkxZDMtYTVjYi00NmI5LTljNzgtMmJhYTU3NzI0ZjU2XkEyXkFqcGc@.jpg,en,prime,New Season,APRIL 25,
The Thing,https://m.media-amazon.com/images/M/MV5BYTA3NDU5MWEtNTk4Yy00ZDNkLThmZTQtMjU3ZGVhYzAyMzU4XkEyXkFqcGc@.jpg,en,The ultimate in alien terror:,R,,
The Player,https://m.media-amazon.com/images/M/MV5BMjM5MDg0MjU3Ml5BMl5BanBnXkFtZTgwODQ0NjYxMTE@.jpg,en,The,Mope,J,
Stardust Memories,https://m.media-amazon.com/images/M/MV5BMmUzODJhMjctOGE1Ni00ZTNlLWE1YmItNzkxNmNiOTkzYjJkXkEyXkFqcGc@.jpg,en,Standut,Woody Allen,Jessica,
Overnight Delivery,https://m.media-amazon.com/images/M/MV5BNDUyNmNiZDgtY2NmNS00MzhiLTk0YjMtODZiYmY2ZjZiZDI5XkEyXkFqcGc@.jpg,en,PAULRUDD,REESE WITHERSPOON,AND FALL INLOVE:,
Shadrach,https://m.media-amazon.com/images/M/MV5BMDkzZmJkYjctOGNmOC00MjkxLTk0YzEtZGJiMjI4ZTYxY2Q1XkEyXkFqcGc@.jpg,cy,SHADRACH,A Familys Journey To New Beginnings,SERIES,
Antz,https://m.media-amazon.com/images/M/MV5BYzdlMzZhZjctY2JjYy00OGRiLThjMTEtODRmZTg2ZjI5MjEzXkEyXkFqcGc@.jpg,de,perspective.,whole,from,
The Impostors,https://m.media-amazon.com/images/M/MV5BMGRkYTk2M2EtYTY0ZS00N2Q2LTg4ODAtMTc1MGU2MjE0ZDE5XkEyXkFqcGc@.jpg,en,THEIMPOSTORS,"""Ysi",Ww,
What Dreams May Come,https://m.media-amazon.com/images/M/MV5BOWVmNzA5NDQtYTNiYy00YjI0LWJjMWItZjEyNmI5YjRlZTI5XkEyXkFqcGc@.jpg,en,DREAMSMAY,COME,WHAT,
The Battle of the Sexes,https://m.media-amazon.com/images/M/MV5BYmRmODY1OTAtMWRkZS00NmNhLTgzMjgtOTM0YWYwY2RlYTc0XkEyXkFqcGc@.jpg,en,NG,CMMA STONC,THE,
History of the World Part I,https://m.media-amazon.com/images/M/MV5BMDk3Zjc4MWYtNjVjYS00NTBjLTg4NmUtNzA4ODRjYzEyMDgzXkEyXkFqcGc@.jpg,en,TORY,WORLD,~R T,
My Cousin Vinny,https://m.media-amazon.com/images/M/MV5BMTQxNDYzMTg1M15BMl5BanBnXkFtZTgwNzk4MDgxMTE@.jpg,en,VINNY,that have glorified,The Great American Legal System,
Nashville,https://m.media-amazon.com/images/M/MV5BMTEzNDE2Mjg0MTdeQTJeQWpwZ15BbWU4MDUxNTczNzAy.jpg,sq,NASHVILLE,CMT,88,
Slam,https://m.media-amazon.com/images/M/MV5BODY3NGEzM2YtY2VmNi00YTlmLTk5MDEtOTZkMDM4NWExMDYwXkEyXkFqcGc@.jpg,id,SLAM,by,SONJA SOHN,
Holy Man,https://m.media-amazon.com/images/M/MV5BOGUzNDVlNWYtNWY5Mi00ODZhLWJiYzMtNzdhNTg4YWIxNWYzXkEyXkFqcGc@.jpg,en,HOLYI,MAN,EDDIE,
One Tough Cop,https://m.media-amazon.com/images/M/MV5BNzVmMmQyNDAtYzQ1Yi00YzYyLWI3YjgtNzdmMDZhNzU1MTI5XkEyXkFqcGc@.jpg,en,tough,cop,they,
Detroit 9000,https://m.media-amazon.com/images/M/MV5BMDYzOWQzNGEtOWMzOS00MmY3LTgyZjYtMGJkODliOTg5ZWE5XkEyXkFqcGc@.jpg,nl,the town's gonna explode,ITS THE MURDER CAPITALOFTHE WORLD.,Its gonna,
Die Siebtelbauern,https://m.media-amazon.com/images/M/MV5BMTkyMTU3MjQxMl5BMl5BanBnXkFtZTYwOTIzOTY4.jpg,de,THEINHERITORS,,,
The Mighty,https://m.media-amazon.com/images/M/MV5BYjBhOTYzMTUtZTUyNy00NzU1LWFhZjktMWE4ZTMzYjc1ZmJhXkEyXkFqcGc@.jpg,en,Sisnep,STEPHEN HEREK Film   EMILIO ESTEVEZ   JOSS ACKLAND  LANE SMITH,"WALT DISNEY PICTURES presents ""THE MIGHTY DUCKS""",
2010,https://m.media-amazon.com/images/M/MV5BYzA0ZDkyZTktYjllNS00ZDQ1LTk5MjAtNDAxZTYxY2ZiMDdkXkEyXkFqcGc@.jpg,unknown,2O10,THE YEAR WE MAKE CONIACT,ROY SCHEIDER,
Children of a Lesser God,https://m.media-amazon.com/images/M/MV5BMjY3YjQyMjAtOGI2ZC00NDljLWJlN2QtYjNiYTMxZjIxMzQ0XkEyXkFqcGc@.jpg,en,LgG,WILLIAM HURT,MARLEE MATLIN,
The Elephant Man,https://m.media-amazon.com/images/M/MV5BMGE3MDZhNmMtMmUxZS00MDJmLTgxYmQtOGU4ODU0Y2JmNDI1XkEyXkFqcGc@.jpg,en,ELPHNT,MAN,"A MAN!""",
Beloved,https://m.media-amazon.com/images/M/MV5BMmYwMTU5NmYtZGFhNy00ZGIzLWI0ZDYtMGI4NjI2NWIwNjk2XkEyXkFqcGc@.jpg,sl,B   E,L,D,
Bride of Chucky,https://m.media-amazon.com/images/M/MV5BYTk2OGE5MjktYjcyYS00M2QxLWE4YTYtYmNjYmE0M2I3ZDMxXkEyXkFqcGc@.jpg,en,K Y,Chucky Gets Lucky:,C,
The Alarmist,https://m.media-amazon.com/images/M/MV5BYjg5ODY5OWQtOWNmMy00ZGY4LTkwNjAtMTNhMGIzNGUxODUwXkEyXkFqcGc@.jpg,en,IHALARMIST,Theyre,ARQUETTE,
Happiness,https://m.media-amazon.com/images/M/MV5BNzczYzIyNGEtNWRlNi00NmU4LWI5YjgtNTFjMmUyMjhkOTBhXkEyXkFqcGc@.jpg,fi,HAPPINESS,Solondz,Todd,
Reach the Rock,https://m.media-amazon.com/images/M/MV5BMTc5NDE5NDEzN15BMl5BanBnXkFtZTcwNTY2NzUxMQ@@.jpg,en,Reach tle Rock,,,
Apt Pupil,https://m.media-amazon.com/images/M/MV5BZmMzOWM4NGQtMjBhZS00YmIxLTkwOTAtY2U0MmFjNWY0NTczXkEyXkFqcGc@.jpg,tl,Pupil,Apt,from the director of,
Pleasantville,https://m.media-amazon.com/images/M/MV5BYmM4ZThmNzAtYzRmNi00ZjZmLThhYjAtYjU2YTcwMmY3MzRmXkEyXkFqcGc@.jpg,et,Nothing is as simple as Black and White.,,,
Soldier,https://m.media-amazon.com/images/M/MV5BMWU1YjExZmMtNjg5OS00MGVlLWExNTMtMDAyMmYxNTM5YWZjXkEyXkFqcGc@.jpg,af,TII SOLIIER,A FILM BY BRAD FURMAN,,
The Cruise,https://m.media-amazon.com/images/M/MV5BMTQzYjlkZjUtYWI4Yy00YmM4LWFjMzYtZDM4YWNlMjQzYjgxXkEyXkFqcGc@.jpg,en,"TIMOTHY ""SPEED"" LEVITCH",BENNETT MILLER,tiny,
Life Is Beautiful,https://m.media-amazon.com/images/M/MV5BZTBhOGYzZjQtYzE0Mi00MGIwLWE0MWYtNzMxNTM2OTFkM2NjXkEyXkFqcGc@.jpg,fr,BEAUTIFUL,GRAND JURY,CANNES FILM FESTIVAL,
Orgazmo,https://m.media-amazon.com/images/M/MV5BNTI3YjIzMzctOGVlNi00ODBkLWIwNWYtYjE3NjhlNDVkN2YxXkEyXkFqcGc@.jpg,hu,(RGAZM,again!,Making,
Shattered Image,https://m.media-amazon.com/images/M/MV5BMDAzNjk2M2MtOGI1Mi00MmMzLWJlZGQtOGJlY2RmNDVlOGIwXkEyXkFqcGc@.jpg,en,ANNE PARILLAUDAUD,SHA TTERED IMAGE,SHA,
Tales from the Darkside The Movie,https://m.media-amazon.com/images/M/MV5BNWZhODFjZjUtNjIyNi00NWE2LTllM2UtODViMTgxOGJlNjVkXkEyXkFqcGc@.jpg,en,TRO,DARKSIDE,Four GHOULISH FABLES IN ONE MODERN NIGHTMARE,
Vampires,https://m.media-amazon.com/images/M/MV5BNzk2MGYzZTgtZDI2OS00ZWYxLWI3NGItNTRiMTI3NGRmYjMzXkEyXkFqcGc@.jpg,ca,VAMPRE $,DAW N,0 F,
Hands on a Hard Body The Documentary,https://m.media-amazon.com/images/M/MV5BMTQxOTYxODYyN15BMl5BanBnXkFtZTcwMDI3MDg4OQ@@.jpg,en,HARDBODY,HANDSONA,THE DOCUMENTARY,
Living Out Loud,https://m.media-amazon.com/images/M/MV5BOGM4YTEzNDQtNDdjZi00YTQ5LWFlNzctMWY1YTc0ZDBhNzllXkEyXkFqcGc@.jpg,fr,OUT LOUD,LVING,HOLLY,
Gods and Monsters,https://m.media-amazon.com/images/M/MV5BOTZiZTg1NzMtODNmMS00YzAwLWE1OTMtODdhZDZiZWJmMzk4XkEyXkFqcGc@.jpg,en,GODS,MONSTERS,and],
The Waterboy,https://m.media-amazon.com/images/M/MV5BZTQxMWE5ZTEtYzI1OC00NDdkLWI0YjUtMTk4NjU0YWI4YjY0XkEyXkFqcGc@.jpg,en,THE,But Dont Mess,You Can Mess,
Elizabeth,https://m.media-amazon.com/images/M/MV5BNWRjZjJjNDUtOTgzMi00YjBlLTg5ODQtMjQxOTAyMzM2ZWJiXkEyXkFqcGc@.jpg,es,ELIZABETH,10,BLAHCHETT,
Velvet Goldmine,https://m.media-amazon.com/images/M/MV5BZWFmZjhlNWQtMjEzMi00MjVhLWIyYTQtNGJhZTA4MzA1ZDM1XkEyXkFqcGc@.jpg,no,A_film by Todd Haynes,Leave your expectations at the door.,Ewan McGregor,
I ll Be Home for Christmas,https://m.media-amazon.com/images/M/MV5BMDMyNDMxNWEtODIwNS00NjQ0LWEzZDgtMzAwYmZhMmFjYzA1XkEyXkFqcGc@.jpg,en,Christmas,Taylor,Home,
Meet Joe Black,https://m.media-amazon.com/images/M/MV5BMjVjNjAwYWItMDc0ZC00MTEwLWJiN2MtM2U4YThjNWE5YTZmXkEyXkFqcGc@.jpg,nl,MEET JOE BLACK,HOPKINS,PITT,
Dancing at Lughnasa,https://m.media-amazon.com/images/M/MV5BNzA2YTNiNjItZWU3MS00ZDM2LWE1ODUtN2E0OTQ4OGU3M2ZmXkEyXkFqcGc@.jpg,tl,Dancing at,STREEP,GAMBON,
Hard Core Logo,https://m.media-amazon.com/images/M/MV5BOTBhODkxNmQtZDU4NS00MThmLTgwZTktNzg5OGY3NGZhYmJmXkEyXkFqcGc@.jpg,en,LOCO,CORE,A FILMBY BRUCE MCDONALD,
The Naked Man,https://m.media-amazon.com/images/M/MV5BMTY4NjQ2MjA4NF5BMl5BanBnXkFtZTYwMzM2MzA5.jpg,en,NAKEDMAn,chiropractor by dy: Wrestler by nght,of Forgo,
Runaway Train,https://m.media-amazon.com/images/M/MV5BMjRlMzU3Y2ItYzU5YS00NTc4LTlmMjItZjk1YTc0M2I0OGMxXkEyXkFqcGc@.jpg,tl,CANNON,BY,ETRES,
Desert Bloom,https://m.media-amazon.com/images/M/MV5BNGY5NWIwNzktZmFkMi00NGQwLWE2ZWQtMTQ5N2ZmMzRlMmE4XkEyXkFqcGc@.jpg,af,bl 0 0 m,'JoBeth Williams is striking:,"""Very",
The Stepford Wives,https://m.media-amazon.com/images/M/MV5BMjEzNTM4ODM1OF5BMl5BanBnXkFtZTcwNjg4NzAzMw@@.jpg,en,IN THEATRES JUNE 11,BRODERICK,DRICYURESKS,
The Pope of Greenwich Village,https://m.media-amazon.com/images/M/MV5BYTRlOGFiMGMtYTZiNi00NmZlLThmNGItNmQ0YzYyOTkyMzY4XkEyXkFqcGc@.jpg,en,HHE POPE,GREENWZH VILAGE,CHARLIE AND PAULIE,
Sid and Nancy,https://m.media-amazon.com/images/M/MV5BOGY1NTc0M2MtY2UxOS00OTllLTk1NjItZWIwOWE2OTUzYjdiXkEyXkFqcGc@.jpg,en,SD&NANCY,FILM,ALEX,
Mona Lisa,https://m.media-amazon.com/images/M/MV5BZmIyM2M5MTQtMDQ4ZS00N2E3LWFiMmQtY2RmNTdmOGNjODIxXkEyXkFqcGc@.jpg,tl,mona lisa smile,julia,roberts,
Heart Condition,https://m.media-amazon.com/images/M/MV5BYTQyMmY5MjEtZjFmYy00ZWRkLWJjZTItMmFiYzE2NzQyODg4XkEyXkFqcGc@.jpg,en,HEARTCONDTOON,ADead Lawyer,A Tough Cop,
The Nights of Cabiria,,en,,,,No poster for 'The Nights of Cabiria'
The Big Chill,https://m.media-amazon.com/images/M/MV5BOTg3YWQ1MWItMTcxYy00NTczLWJiMDktYjkxMWExNDY3ZjI4XkEyXkFqcGc@.jpg,en,friendship can a person take?,tokeepyou warm:,In a cold world you need your friends,
Enemy of the State,https://m.media-amazon.com/images/M/MV5BOWVhZmRiODktNzM0Zi00YmVlLWI3MGQtY2M0NmYzN2Q4Yzg4XkEyXkFqcGc@.jpg,en,ENEMY,1l:zo:98,ENEMY,
The Rugrats Movie,https://m.media-amazon.com/images/M/MV5BMjc4ZWRmZjctNTQ2OC00Y2YyLTlhYzYtOWY2MDUxMGU2MzY0XkEyXkFqcGc@.jpg,en,diapers,An advehtule for anyone,MOve,
