epoch,train_mae,val_mae,is_best_ckpt
1,,0.8251403648965184,1
2,,0.8355072044175899,0
3,,0.8257887473345906,0
4,,0.8402430591643132,0
5,,0.8386719791367601,0
6,,0.8177849037002745,1
7,,0.8070345704947886,1
8,,0.8216736371439968,0
9,,0.8194511236139109,0
10,,0.8164930835277611,0
